donation_id,donation_amount,recipient_id,recipient_type,children_supported,months_covered,healthcare_days,healthcare_days_per_child,timestamp
D2,2523,N287,NGO,17,3,25,1.5,2025-08-02 01:19
D10,872,N479,NGO,4,1,8,2.0,2025-08-04 17:54
D11,1359,N780,NGO,11,3,13,1.2,2025-08-21 09:37
D21,3515,O833,Orphanage,27,1,35,1.3,2025-08-22 08:41
D26,3435,O648,Orphanage,30,2,34,1.1,2025-08-29 13:14
D29,604,O369,Orphanage,5,1,6,1.2,2025-08-13 06:32
D45,2282,O801,Orphanage,20,1,22,1.1,2025-07-31 12:39
D47,656,O126,Orphanage,6,1,6,1.0,2025-07-31 23:26
D53,839,O508,Orphanage,2,3,8,4.0,2025-08-22 22:42
D59,3327,O468,Orphanage,3,3,33,11.0,2025-08-19 05:50
D63,4459,N11,NGO,15,1,44,2.9,2025-08-11 01:20
D67,865,N412,NGO,4,3,8,2.0,2025-08-17 03:09
D69,1558,O536,Orphanage,14,3,15,1.1,2025-08-04 19:01
D75,4370,N839,NGO,41,3,43,1.0,2025-08-25 04:43
D82,4356,O319,Orphanage,28,1,43,1.5,2025-08-20 03:10
D83,1567,N32,NGO,8,3,15,1.9,2025-08-08 13:48
D86,3162,N380,NGO,1,1,31,31.0,2025-08-02 15:46
D99,2138,N74,NGO,16,2,21,1.3,2025-08-01 16:42
D102,2316,O506,Orphanage,2,3,23,11.5,2025-08-06 05:09
D103,4738,N736,NGO,29,1,47,1.6,2025-08-06 21:50
D104,4578,O839,Orphanage,20,2,45,2.2,2025-08-20 20:07
D106,3413,N630,NGO,4,1,34,8.5,2025-08-29 09:11
D109,788,O769,Orphanage,4,2,7,1.8,2025-08-12 06:25
D118,2113,N738,NGO,4,2,21,5.2,2025-08-25 23:25
D122,2834,N905,NGO,15,2,28,1.9,2025-08-02 05:05
D126,1138,N968,NGO,6,2,11,1.8,2025-08-10 13:28
D135,3381,N101,NGO,33,1,33,1.0,2025-08-25 10:33
D136,3213,O753,Orphanage,26,1,32,1.2,2025-08-08 10:58
D141,4780,N842,NGO,35,2,47,1.3,2025-08-06 10:03
D143,4832,O703,Orphanage,12,1,48,4.0,2025-08-28 18:00
D152,3497,O571,Orphanage,8,1,34,4.2,2025-08-21 16:34
D165,3051,N792,NGO,20,3,30,1.5,2025-08-06 18:38
D167,904,N421,NGO,2,3,9,4.5,2025-08-20 00:40
D172,667,N841,NGO,1,1,6,6.0,2025-08-11 11:59
D177,3558,O189,Orphanage,22,2,35,1.6,2025-08-21 06:47
D183,2109,O401,Orphanage,9,1,21,2.3,2025-08-17 13:39
D189,564,N30,NGO,2,2,5,2.5,2025-08-21 06:05
D196,4633,N631,NGO,24,3,46,1.9,2025-08-27 08:34
D198,3978,O881,Orphanage,16,3,39,2.4,2025-08-27 05:26
D201,1241,O197,Orphanage,10,1,12,1.2,2025-08-02 21:04
D202,4446,N623,NGO,28,2,44,1.6,2025-08-13 22:55
D204,522,O849,Orphanage,3,2,5,1.7,2025-08-22 17:06
D210,1264,N668,NGO,12,3,12,1.0,2025-08-22 04:33
D220,2040,O910,Orphanage,20,2,20,1.0,2025-08-28 18:17
D222,3994,N276,NGO,19,1,39,2.1,2025-08-23 12:45
D231,1761,O919,Orphanage,3,3,17,5.7,2025-08-07 19:19
D233,3537,O842,Orphanage,29,1,35,1.2,2025-08-08 07:04
D234,3588,N683,NGO,31,3,35,1.1,2025-08-25 13:45
D236,1025,N612,NGO,8,1,10,1.2,2025-08-16 18:35
D254,4981,O790,Orphanage,7,1,49,7.0,2025-08-07 11:35
D261,3088,O110,Orphanage,18,2,30,1.7,2025-08-21 01:11
D262,2162,O218,Orphanage,19,3,21,1.1,2025-08-09 21:37
D268,3925,N765,NGO,23,1,39,1.7,2025-08-19 03:44
D271,4403,O497,Orphanage,41,1,44,1.1,2025-08-09 13:51
D276,4291,O300,Orphanage,38,2,42,1.1,2025-08-18 12:57
D277,890,N755,NGO,2,2,8,4.0,2025-08-21 03:40
D278,3001,O781,Orphanage,10,1,30,3.0,2025-07-31 10:52
D282,903,N610,NGO,2,3,9,4.5,2025-08-23 11:43
D287,1738,O840,Orphanage,4,2,17,4.2,2025-08-02 11:37
D290,3071,O502,Orphanage,11,1,30,2.7,2025-08-22 15:17
D294,1377,O190,Orphanage,5,1,13,2.6,2025-08-15 04:48
D295,2155,O43,Orphanage,20,1,21,1.1,2025-08-28 13:07
D297,1456,N136,NGO,14,1,14,1.0,2025-08-27 17:46
D303,4954,N266,NGO,24,3,49,2.0,2025-08-12 08:25
D313,2682,O547,Orphanage,14,1,26,1.9,2025-08-10 22:55
D316,1373,O980,Orphanage,5,2,13,2.6,2025-08-24 01:05
D326,3810,N713,NGO,32,3,38,1.2,2025-08-05 14:17
D342,2626,O839,Orphanage,11,2,26,2.4,2025-08-17 21:12
D347,526,N65,NGO,1,1,5,5.0,2025-08-03 14:52
D357,4647,N302,NGO,24,2,46,1.9,2025-08-10 01:40
D360,1306,O461,Orphanage,11,3,13,1.2,2025-08-11 05:29
D377,4747,O413,Orphanage,11,3,47,4.3,2025-08-07 19:08
D385,3156,N22,NGO,28,3,31,1.1,2025-08-13 02:21
D390,1644,O483,Orphanage,14,2,16,1.1,2025-08-04 21:44
D396,1309,N893,NGO,5,1,13,2.6,2025-08-21 22:31
D397,3233,N385,NGO,30,1,32,1.1,2025-08-04 04:28
D402,2584,O265,Orphanage,12,3,25,2.1,2025-08-14 12:03
D406,696,N247,NGO,1,2,6,6.0,2025-08-19 14:14
D419,1119,O98,Orphanage,1,2,11,11.0,2025-08-28 20:10
D420,4036,O281,Orphanage,24,3,40,1.7,2025-08-27 11:43
D423,1927,O325,Orphanage,10,1,19,1.9,2025-08-09 20:41
D425,4440,O980,Orphanage,32,2,44,1.4,2025-08-17 03:33
D436,3548,N792,NGO,1,1,35,35.0,2025-08-16 01:50
D437,4224,O534,Orphanage,38,1,42,1.1,2025-08-08 11:59
D439,4922,N127,NGO,19,3,49,2.6,2025-08-22 15:38
D446,3220,N232,NGO,16,2,32,2.0,2025-08-20 16:19
D447,797,O568,Orphanage,7,2,7,1.0,2025-08-04 10:08
D450,3800,O499,Orphanage,29,3,38,1.3,2025-08-21 05:48
D452,4078,N89,NGO,7,1,40,5.7,2025-08-01 04:13
D453,4096,N977,NGO,10,2,40,4.0,2025-08-22 12:06
D454,4675,N731,NGO,45,3,46,1.0,2025-08-12 14:06
D458,4074,O47,Orphanage,10,3,40,4.0,2025-08-16 07:38
D460,2267,O835,Orphanage,3,1,22,7.3,2025-08-09 04:21
D465,786,O332,Orphanage,7,3,7,1.0,2025-07-31 20:11
D469,3187,O627,Orphanage,29,3,31,1.1,2025-08-29 09:38
D470,2514,N928,NGO,18,3,25,1.4,2025-08-22 17:02
D472,4508,N917,NGO,43,2,45,1.0,2025-08-11 15:32
D483,4223,O560,Orphanage,4,1,42,10.5,2025-08-06 07:45
D488,3795,O167,Orphanage,37,2,37,1.0,2025-08-26 03:25
D498,2381,N52,NGO,11,2,23,2.1,2025-08-28 05:21
D503,2074,N706,NGO,17,2,20,1.2,2025-08-13 16:55
D505,2615,O811,Orphanage,23,1,26,1.1,2025-08-15 20:20
D509,2758,O752,Orphanage,1,2,27,27.0,2025-07-30 17:57
D525,935,N528,NGO,5,3,9,1.8,2025-08-02 00:41
D531,2047,O418,Orphanage,11,1,20,1.8,2025-08-22 02:54
D533,1705,O473,Orphanage,5,1,17,3.4,2025-08-06 04:08
D534,1441,N747,NGO,5,2,14,2.8,2025-08-28 09:09
D549,4002,N638,NGO,36,3,40,1.1,2025-07-30 07:09
D556,1781,N203,NGO,6,1,17,2.8,2025-08-16 00:04
D568,4924,N409,NGO,27,3,49,1.8,2025-08-27 15:34
D570,4743,N878,NGO,6,3,47,7.8,2025-08-13 01:22
D572,2077,N47,NGO,13,1,20,1.5,2025-08-25 15:02
D576,2011,O787,Orphanage,11,2,20,1.8,2025-07-30 10:39
D581,4281,O467,Orphanage,27,1,42,1.6,2025-08-05 11:45
D583,3796,O666,Orphanage,21,2,37,1.8,2025-07-30 17:22
D586,3254,O269,Orphanage,13,1,32,2.5,2025-08-28 03:06
D597,863,O769,Orphanage,4,2,8,2.0,2025-08-12 03:49
D601,1302,O197,Orphanage,3,3,13,4.3,2025-08-12 15:53
D602,2110,O829,Orphanage,21,2,21,1.0,2025-08-03 14:36
D605,1707,O415,Orphanage,9,2,17,1.9,2025-08-02 13:15
D608,537,N610,NGO,5,2,5,1.0,2025-08-06 11:37
D609,3273,O295,Orphanage,9,3,32,3.6,2025-08-14 05:05
D614,1078,O482,Orphanage,9,1,10,1.1,2025-08-18 16:51
D616,2787,O131,Orphanage,5,1,27,5.4,2025-08-19 02:57
D617,4732,O944,Orphanage,3,2,47,15.7,2025-08-17 16:14
D621,947,O973,Orphanage,8,2,9,1.1,2025-08-14 06:42
D635,1927,O155,Orphanage,17,2,19,1.1,2025-08-19 19:35
D638,813,N977,NGO,3,3,8,2.7,2025-08-21 03:15
D653,4013,N529,NGO,34,2,40,1.2,2025-08-07 13:27
D654,3451,O683,Orphanage,12,1,34,2.8,2025-08-26 07:39
D656,2849,N389,NGO,16,1,28,1.8,2025-08-13 01:12
D658,3720,N883,NGO,36,3,37,1.0,2025-08-16 01:54
D663,737,N702,NGO,3,1,7,2.3,2025-08-29 11:24
D670,4445,N604,NGO,5,2,44,8.8,2025-08-13 10:59
D672,4188,O374,Orphanage,29,1,41,1.4,2025-08-23 18:16
D684,3381,O91,Orphanage,11,2,33,3.0,2025-08-26 16:58
D685,2295,O422,Orphanage,4,3,22,5.5,2025-08-06 23:13
D697,1712,O534,Orphanage,15,3,17,1.1,2025-08-07 22:05
D706,1826,O946,Orphanage,9,3,18,2.0,2025-08-24 15:31
D707,606,N512,NGO,6,2,6,1.0,2025-08-10 15:48
D708,970,O164,Orphanage,1,2,9,9.0,2025-08-24 16:06
D709,1149,O994,Orphanage,1,2,11,11.0,2025-08-23 00:04
D712,4538,N950,NGO,44,1,45,1.0,2025-08-02 18:42
D715,1990,O835,Orphanage,18,3,19,1.1,2025-08-15 06:40
D717,1396,O220,Orphanage,5,3,13,2.6,2025-08-10 13:45
D719,3005,N652,NGO,22,2,30,1.4,2025-08-19 23:10
D725,1549,N326,NGO,1,3,15,15.0,2025-07-30 04:56
D730,2188,O880,Orphanage,18,1,21,1.2,2025-08-04 07:35
D731,4014,N403,NGO,24,2,40,1.7,2025-08-12 04:30
D733,4994,N349,NGO,15,3,49,3.3,2025-08-04 05:06
D746,515,O551,Orphanage,3,2,5,1.7,2025-08-07 04:51
D761,2758,N495,NGO,5,1,27,5.4,2025-08-07 22:00
D764,2981,N421,NGO,5,1,29,5.8,2025-08-13 02:57
D770,4429,N109,NGO,9,1,44,4.9,2025-08-17 00:40
D773,4914,O538,Orphanage,7,2,49,7.0,2025-08-19 07:37
D775,1679,O732,Orphanage,15,3,16,1.1,2025-08-20 13:03
D784,2081,N947,NGO,20,3,20,1.0,2025-08-05 20:45
D785,2483,N773,NGO,21,2,24,1.1,2025-08-14 05:54
D798,4520,N19,NGO,12,2,45,3.8,2025-08-20 04:16
D799,2773,N731,NGO,10,3,27,2.7,2025-08-16 13:34
D801,1200,N149,NGO,3,2,12,4.0,2025-08-25 03:06
D802,2947,O640,Orphanage,21,2,29,1.4,2025-08-01 23:41
D803,2823,O607,Orphanage,28,2,28,1.0,2025-08-23 20:49
D805,3121,N902,NGO,28,1,31,1.1,2025-08-04 13:57
D808,4168,O72,Orphanage,16,2,41,2.6,2025-08-14 18:13
D815,2279,N274,NGO,11,2,22,2.0,2025-08-03 07:12
D817,3919,N250,NGO,34,3,39,1.1,2025-07-30 22:28
D820,1609,O154,Orphanage,2,1,16,8.0,2025-07-31 15:06
D821,655,O628,Orphanage,4,2,6,1.5,2025-08-19 23:14
D822,3308,O132,Orphanage,9,2,33,3.7,2025-08-02 23:32
D828,717,N358,NGO,2,2,7,3.5,2025-08-22 04:27
D837,3950,O651,Orphanage,30,1,39,1.3,2025-08-02 01:06
D839,4326,N707,NGO,23,3,43,1.9,2025-08-23 08:38
D840,3122,O183,Orphanage,29,2,31,1.1,2025-07-31 07:20
D841,4395,N995,NGO,25,2,43,1.7,2025-08-13 20:30
D842,553,N95,NGO,5,2,5,1.0,2025-08-03 03:36
D861,1725,O939,Orphanage,12,3,17,1.4,2025-08-09 09:42
D863,994,N404,NGO,6,2,9,1.5,2025-08-01 02:11
D865,4181,O458,Orphanage,11,3,41,3.7,2025-08-14 11:19
D870,4448,N709,NGO,42,2,44,1.0,2025-08-12 14:42
D872,1965,N401,NGO,16,2,19,1.2,2025-08-20 02:23
D875,1893,O795,Orphanage,18,2,18,1.0,2025-08-19 07:35
D880,1603,O799,Orphanage,11,2,16,1.5,2025-08-17 03:16
D882,2891,O834,Orphanage,14,2,28,2.0,2025-07-31 23:05
D888,3954,N159,NGO,9,2,39,4.3,2025-08-07 10:59
D894,4582,N175,NGO,23,2,45,2.0,2025-08-16 12:50
D897,4714,O240,Orphanage,22,3,47,2.1,2025-08-04 00:17
D902,1542,O852,Orphanage,4,3,15,3.8,2025-08-15 10:35
D903,4466,N839,NGO,2,1,44,22.0,2025-07-31 23:25
D912,3629,N833,NGO,26,2,36,1.4,2025-08-17 00:14
D915,4541,N522,NGO,1,1,45,45.0,2025-08-09 06:45
D917,874,O53,Orphanage,2,1,8,4.0,2025-08-12 05:00
D923,4428,O322,Orphanage,7,3,44,6.3,2025-07-31 23:10
D927,2512,N258,NGO,8,3,25,3.1,2025-08-27 17:49
D935,4061,O397,Orphanage,7,3,40,5.7,2025-08-16 07:15
D937,2606,O727,Orphanage,4,1,26,6.5,2025-08-28 18:42
D943,1325,N324,NGO,1,2,13,13.0,2025-08-28 03:43
D948,2387,N535,NGO,23,2,23,1.0,2025-08-08 17:24
D949,1561,O483,Orphanage,12,3,15,1.2,2025-08-08 23:07
D957,2360,N300,NGO,11,1,23,2.1,2025-08-12 21:01
D964,1427,O695,Orphanage,13,1,14,1.1,2025-08-27 06:21
D965,3644,O93,Orphanage,36,2,36,1.0,2025-08-03 16:31
D974,4860,N948,NGO,31,1,48,1.5,2025-08-17 02:31
D982,609,O229,Orphanage,1,1,6,6.0,2025-08-16 19:56
D984,3473,N841,NGO,25,1,34,1.4,2025-08-09 12:02
D985,1395,N833,NGO,6,2,13,2.2,2025-08-02 23:21
D987,3990,N917,NGO,39,2,39,1.0,2025-08-18 14:15
D988,3538,O140,Orphanage,10,1,35,3.5,2025-08-28 21:51
D990,678,N647,NGO,3,3,6,2.0,2025-08-07 19:20
D991,2722,N557,NGO,12,2,27,2.2,2025-07-31 01:28
D998,4353,N349,NGO,27,1,43,1.6,2025-08-24 21:39
D1027,2838,O231,Orphanage,15,3,28,1.9,2025-08-24 14:06
D1028,3265,O75,Orphanage,25,2,32,1.3,2025-08-06 17:51
D1033,2075,O888,Orphanage,13,1,20,1.5,2025-08-16 18:55
D1036,4848,N300,NGO,38,1,48,1.3,2025-08-29 07:06
D1037,614,N873,NGO,4,2,6,1.5,2025-08-16 03:25
D1047,4534,O690,Orphanage,3,3,45,15.0,2025-08-15 06:18
D1052,2612,N368,NGO,7,3,26,3.7,2025-08-07 10:21
D1053,2145,N497,NGO,4,2,21,5.2,2025-08-28 13:43
D1054,4364,O978,Orphanage,6,1,43,7.2,2025-07-30 07:59
D1061,1837,O907,Orphanage,1,3,18,18.0,2025-08-12 06:26
D1063,1483,O69,Orphanage,13,2,14,1.1,2025-08-23 02:26
D1065,3591,N503,NGO,7,2,35,5.0,2025-08-16 00:41
D1068,3642,O44,Orphanage,10,1,36,3.6,2025-08-22 11:02
D1074,1296,N456,NGO,2,3,12,6.0,2025-08-18 10:35
D1082,2325,N162,NGO,4,1,23,5.8,2025-08-03 12:20
D1085,1619,O340,Orphanage,11,3,16,1.5,2025-08-03 03:50
D1089,3885,N329,NGO,5,1,38,7.6,2025-08-16 04:17
D1091,1053,N598,NGO,3,3,10,3.3,2025-08-08 13:33
D1096,1271,N78,NGO,7,3,12,1.7,2025-08-09 11:48
D1101,2987,N147,NGO,14,2,29,2.1,2025-08-17 10:56
D1113,3821,N827,NGO,30,2,38,1.3,2025-08-13 09:14
D1125,605,N627,NGO,4,1,6,1.5,2025-08-14 20:08
D1132,4020,O885,Orphanage,13,3,40,3.1,2025-08-07 20:18
D1134,4824,N120,NGO,45,1,48,1.1,2025-08-03 01:07
D1136,1112,O536,Orphanage,2,1,11,5.5,2025-08-27 14:46
D1138,3935,O233,Orphanage,21,2,39,1.9,2025-08-10 14:14
D1140,1020,N799,NGO,4,2,10,2.5,2025-08-12 01:25
D1154,1536,O890,Orphanage,12,3,15,1.2,2025-08-26 20:23
D1157,4209,O426,Orphanage,35,2,42,1.2,2025-08-25 14:41
D1161,1399,O504,Orphanage,6,3,13,2.2,2025-07-30 01:57
D1162,1451,O801,Orphanage,3,3,14,4.7,2025-08-09 09:27
D1166,3221,O105,Orphanage,4,2,32,8.0,2025-08-26 06:21
D1173,3921,N266,NGO,18,3,39,2.2,2025-08-20 03:11
D1174,3618,N37,NGO,26,1,36,1.4,2025-08-26 18:48
D1182,2994,O859,Orphanage,29,3,29,1.0,2025-07-29 21:50
D1184,2600,N460,NGO,24,1,26,1.1,2025-08-16 10:06
D1193,515,N769,NGO,4,1,5,1.2,2025-08-08 03:46
D1197,4893,N849,NGO,11,3,48,4.4,2025-08-08 15:03
D1207,3844,O851,Orphanage,24,2,38,1.6,2025-08-02 22:07
D1208,4137,N543,NGO,21,1,41,2.0,2025-08-18 15:55
D1213,1367,O537,Orphanage,10,2,13,1.3,2025-07-31 06:32
D1220,1581,O550,Orphanage,12,1,15,1.2,2025-08-25 19:30
D1223,3669,N573,NGO,2,1,36,18.0,2025-08-01 17:15
D1227,3624,N579,NGO,11,1,36,3.3,2025-08-22 00:56
D1230,2782,O978,Orphanage,24,1,27,1.1,2025-08-25 17:58
D1231,3062,O977,Orphanage,1,3,30,30.0,2025-08-28 20:43
D1232,4179,O123,Orphanage,21,1,41,2.0,2025-08-16 06:50
D1237,4960,N96,NGO,49,3,49,1.0,2025-08-15 08:52
D1244,2084,O364,Orphanage,6,3,20,3.3,2025-08-02 12:17
D1246,3868,O913,Orphanage,23,1,38,1.7,2025-08-20 21:39
D1251,3170,O718,Orphanage,28,3,31,1.1,2025-08-05 08:20
D1252,1651,O766,Orphanage,12,2,16,1.3,2025-08-19 17:40
D1260,4064,O428,Orphanage,3,2,40,13.3,2025-08-11 17:48
D1263,1496,N947,NGO,10,3,14,1.4,2025-08-10 05:57
D1268,1323,N350,NGO,7,2,13,1.9,2025-08-20 06:33
D1269,1418,N331,NGO,8,1,14,1.8,2025-08-08 18:18
D1271,3636,N150,NGO,7,1,36,5.1,2025-08-10 07:34
D1278,4144,O318,Orphanage,1,1,41,41.0,2025-08-07 12:16
D1286,2844,O717,Orphanage,12,1,28,2.3,2025-08-12 13:49
D1287,2384,O611,Orphanage,16,2,23,1.4,2025-08-18 12:33
D1289,3332,N458,NGO,17,3,33,1.9,2025-08-05 13:58
D1299,2221,O167,Orphanage,3,1,22,7.3,2025-08-17 12:01
D1309,3124,N958,NGO,24,3,31,1.3,2025-08-16 06:40
D1310,2881,O954,Orphanage,3,3,28,9.3,2025-08-07 12:48
D1311,4304,O224,Orphanage,22,3,43,2.0,2025-08-14 19:52
D1313,4301,N643,NGO,28,2,43,1.5,2025-08-03 19:41
D1314,2949,O354,Orphanage,14,3,29,2.1,2025-08-22 16:32
D1316,1529,O351,Orphanage,10,2,15,1.5,2025-08-16 00:11
D1318,2412,O570,Orphanage,3,3,24,8.0,2025-08-13 00:07
D1326,4650,O279,Orphanage,25,3,46,1.8,2025-08-26 08:10
D1328,3063,O371,Orphanage,24,2,30,1.2,2025-08-05 16:51
D1330,1252,N653,NGO,11,1,12,1.1,2025-08-17 13:09
D1332,2520,O186,Orphanage,20,2,25,1.2,2025-08-21 10:55
D1335,908,N635,NGO,5,3,9,1.8,2025-08-08 00:55
D1336,2699,N103,NGO,9,3,26,2.9,2025-08-27 19:46
D1343,1201,O41,Orphanage,3,1,12,4.0,2025-08-02 04:28
D1346,4504,O21,Orphanage,37,3,45,1.2,2025-08-22 13:01
D1352,3618,N994,NGO,9,2,36,4.0,2025-08-27 14:43
D1362,3289,O124,Orphanage,24,2,32,1.3,2025-08-12 03:09
D1364,3648,N791,NGO,31,3,36,1.2,2025-08-26 07:23
D1367,4540,O418,Orphanage,6,3,45,7.5,2025-08-29 06:36
D1371,3269,O442,Orphanage,16,1,32,2.0,2025-08-07 02:49
D1378,529,N7,NGO,3,2,5,1.7,2025-08-25 00:00
D1379,1945,O850,Orphanage,11,1,19,1.7,2025-08-13 21:01
D1382,2212,O872,Orphanage,3,1,22,7.3,2025-08-24 21:35
D1391,2867,N602,NGO,11,3,28,2.5,2025-08-12 07:53
D1394,3514,N145,NGO,1,2,35,35.0,2025-08-20 23:49
D1399,2300,O778,Orphanage,10,1,23,2.3,2025-08-29 00:36
D1400,3782,O908,Orphanage,19,2,37,1.9,2025-08-28 16:15
D1414,837,N987,NGO,2,2,8,4.0,2025-08-13 16:19
D1415,3428,N939,NGO,33,1,34,1.0,2025-08-29 02:43
D1418,2013,O410,Orphanage,4,1,20,5.0,2025-08-11 13:28
D1433,3109,O879,Orphanage,22,3,31,1.4,2025-08-07 02:36
D1440,2698,O505,Orphanage,3,3,26,8.7,2025-08-13 15:56
D1442,2759,O86,Orphanage,16,2,27,1.7,2025-08-02 00:57
D1444,4179,N485,NGO,23,3,41,1.8,2025-08-02 04:43
D1449,4497,N682,NGO,9,2,44,4.9,2025-08-21 13:13
D1469,3459,N72,NGO,31,1,34,1.1,2025-08-11 20:20
D1471,1690,N563,NGO,9,3,16,1.8,2025-08-08 11:16
D1473,1102,O21,Orphanage,6,3,11,1.8,2025-07-30 01:44
D1474,3962,O768,Orphanage,24,3,39,1.6,2025-08-02 01:30
D1481,4262,O792,Orphanage,31,1,42,1.4,2025-08-03 22:17
D1485,783,N33,NGO,4,1,7,1.8,2025-07-30 19:02
D1489,1158,N208,NGO,1,1,11,11.0,2025-08-05 01:32
D1496,869,O991,Orphanage,8,3,8,1.0,2025-08-11 16:32
D1504,775,O498,Orphanage,6,3,7,1.2,2025-08-23 10:39
D1506,1332,O905,Orphanage,6,1,13,2.2,2025-08-10 01:17
D1508,4252,N219,NGO,32,3,42,1.3,2025-08-23 08:56
D1513,3439,N360,NGO,16,2,34,2.1,2025-08-26 01:55
D1523,2396,N493,NGO,20,1,23,1.1,2025-08-03 07:40
D1529,1467,N670,NGO,5,3,14,2.8,2025-07-31 00:30
D1534,733,O401,Orphanage,1,2,7,7.0,2025-08-06 03:32
D1535,3021,N613,NGO,30,3,30,1.0,2025-07-30 11:42
D1538,1964,N803,NGO,8,2,19,2.4,2025-08-15 00:49
D1547,847,N849,NGO,2,1,8,4.0,2025-08-07 06:46
D1549,1946,O29,Orphanage,12,3,19,1.6,2025-08-22 14:58
D1551,4665,O205,Orphanage,5,1,46,9.2,2025-08-25 07:25
D1554,1309,O872,Orphanage,12,1,13,1.1,2025-08-01 08:40
D1555,4350,O124,Orphanage,17,2,43,2.5,2025-08-07 14:42
D1556,1868,N472,NGO,10,3,18,1.8,2025-08-11 15:38
D1559,3932,O746,Orphanage,1,2,39,39.0,2025-08-21 23:17
D1563,4268,N819,NGO,33,3,42,1.3,2025-08-27 03:35
D1569,4069,O611,Orphanage,7,3,40,5.7,2025-08-16 00:27
D1583,3791,O4,Orphanage,26,1,37,1.4,2025-08-27 09:26
D1586,902,N919,NGO,7,1,9,1.3,2025-08-23 02:17
D1588,4680,N790,NGO,3,2,46,15.3,2025-07-30 11:42
D1594,672,O389,Orphanage,3,3,6,2.0,2025-08-27 22:06
D1605,1617,N131,NGO,13,1,16,1.2,2025-08-03 09:04
D1609,1320,O456,Orphanage,8,2,13,1.6,2025-08-22 23:36
D1616,3202,N122,NGO,11,2,32,2.9,2025-08-17 05:01
D1619,730,O875,Orphanage,2,3,7,3.5,2025-08-04 11:43
D1620,1564,O45,Orphanage,5,3,15,3.0,2025-08-23 17:19
D1622,1916,N687,NGO,17,1,19,1.1,2025-07-31 14:29
D1631,1034,O326,Orphanage,7,3,10,1.4,2025-08-13 20:50
D1632,2922,O615,Orphanage,16,1,29,1.8,2025-08-24 10:23
D1649,1226,N356,NGO,3,2,12,4.0,2025-08-12 07:04
D1653,546,N800,NGO,4,2,5,1.2,2025-08-14 14:23
D1655,640,N480,NGO,5,2,6,1.2,2025-08-04 22:04
D1659,2163,N194,NGO,10,2,21,2.1,2025-08-25 04:21
D1663,4973,O688,Orphanage,45,3,49,1.1,2025-08-20 02:16
D1664,4870,N48,NGO,29,2,48,1.7,2025-08-24 06:10
D1670,4824,N260,NGO,22,3,48,2.2,2025-08-17 08:05
D1678,2228,O828,Orphanage,20,2,22,1.1,2025-08-25 21:01
D1683,3713,O235,Orphanage,17,3,37,2.2,2025-08-19 10:41
D1684,1873,N356,NGO,15,2,18,1.2,2025-08-04 21:00
D1686,3502,O551,Orphanage,29,1,35,1.2,2025-08-05 19:23
D1691,608,O133,Orphanage,4,2,6,1.5,2025-08-11 08:30
D1697,4069,O965,Orphanage,2,2,40,20.0,2025-08-05 21:08
D1699,1709,N618,NGO,10,3,17,1.7,2025-08-02 02:55
D1710,1179,N658,NGO,1,2,11,11.0,2025-08-13 08:51
D1713,2856,N866,NGO,14,3,28,2.0,2025-08-09 02:13
D1714,4963,O121,Orphanage,18,2,49,2.7,2025-08-19 19:22
D1726,3574,N618,NGO,31,3,35,1.1,2025-08-05 20:00
D1729,2790,O964,Orphanage,16,3,27,1.7,2025-08-06 23:59
D1734,1363,O701,Orphanage,10,2,13,1.3,2025-08-11 13:58
D1735,3162,N301,NGO,19,3,31,1.6,2025-07-31 19:23
D1741,4761,N867,NGO,37,1,47,1.3,2025-08-21 06:19
D1743,3562,N183,NGO,6,3,35,5.8,2025-08-09 10:21
D1747,4225,N943,NGO,39,3,42,1.1,2025-08-20 11:02
D1752,738,O775,Orphanage,4,2,7,1.8,2025-08-27 11:14
D1765,4119,O725,Orphanage,17,1,41,2.4,2025-08-17 04:43
D1768,2982,N587,NGO,25,2,29,1.2,2025-08-12 07:16
D1774,812,N551,NGO,3,3,8,2.7,2025-08-13 09:08
D1779,1020,N711,NGO,7,3,10,1.4,2025-08-23 12:16
D1780,2621,N977,NGO,19,2,26,1.4,2025-08-06 11:23
D1782,4392,O961,Orphanage,37,3,43,1.2,2025-08-24 11:14
D1784,3912,O339,Orphanage,17,1,39,2.3,2025-08-06 19:44
D1786,1904,O154,Orphanage,1,2,19,19.0,2025-08-21 02:23
D1787,933,O43,Orphanage,3,1,9,3.0,2025-08-03 02:23
D1798,3614,N586,NGO,18,3,36,2.0,2025-08-28 14:31
D1807,1600,O351,Orphanage,16,2,16,1.0,2025-08-02 00:15
D1814,1416,N887,NGO,5,2,14,2.8,2025-07-31 12:57
D1816,3714,O138,Orphanage,4,1,37,9.2,2025-08-03 09:35
D1822,2906,O762,Orphanage,5,1,29,5.8,2025-08-18 02:48
D1824,667,O48,Orphanage,2,3,6,3.0,2025-08-24 18:19
D1828,1171,N229,NGO,3,1,11,3.7,2025-08-20 03:23
D1837,2537,N951,NGO,3,1,25,8.3,2025-08-03 17:02
D1864,4344,O265,Orphanage,18,3,43,2.4,2025-08-18 16:00
D1866,732,N643,NGO,5,2,7,1.4,2025-07-29 20:07
D1868,4737,N618,NGO,1,2,47,47.0,2025-08-20 22:20
D1871,3088,N568,NGO,18,1,30,1.7,2025-08-11 02:16
D1872,4099,N2,NGO,17,3,40,2.4,2025-08-21 06:39
D1873,974,O374,Orphanage,6,2,9,1.5,2025-08-16 02:22
D1875,4120,O665,Orphanage,34,1,41,1.2,2025-08-01 19:16
D1884,4589,O778,Orphanage,17,3,45,2.6,2025-08-14 08:58
D1889,4864,O92,Orphanage,31,1,48,1.5,2025-08-14 13:19
D1898,4391,O329,Orphanage,38,2,43,1.1,2025-08-15 20:55
D1903,4649,N476,NGO,30,3,46,1.5,2025-08-12 02:57
D1914,3211,N987,NGO,1,3,32,32.0,2025-08-26 21:48
D1915,2633,N838,NGO,10,3,26,2.6,2025-08-12 18:22
D1916,978,O508,Orphanage,4,3,9,2.2,2025-08-16 17:23
D1917,3162,O266,Orphanage,9,3,31,3.4,2025-08-24 10:52
D1919,3419,O715,Orphanage,3,2,34,11.3,2025-08-20 02:57
D1922,1213,O484,Orphanage,8,2,12,1.5,2025-07-31 09:34
D1936,618,N66,NGO,6,3,6,1.0,2025-08-02 17:37
D1941,1990,O610,Orphanage,19,3,19,1.0,2025-08-05 17:01
D1942,4657,N394,NGO,35,3,46,1.3,2025-08-13 14:17
D1943,813,O386,Orphanage,2,3,8,4.0,2025-08-22 19:11
D1944,4820,N55,NGO,18,1,48,2.7,2025-08-27 00:32
D1946,4745,N468,NGO,33,1,47,1.4,2025-08-14 09:31
D1950,2795,N139,NGO,24,3,27,1.1,2025-08-20 12:36
D1951,2987,O510,Orphanage,13,1,29,2.2,2025-08-26 20:54
D1953,2664,O445,Orphanage,26,2,26,1.0,2025-08-16 21:03
D1957,669,N757,NGO,5,2,6,1.2,2025-08-25 06:06
D1963,3314,N345,NGO,5,2,33,6.6,2025-08-29 01:27
D1972,3302,N823,NGO,33,3,33,1.0,2025-08-04 12:46
D1974,3070,O312,Orphanage,1,1,30,30.0,2025-08-15 18:42
D1977,1121,N385,NGO,11,3,11,1.0,2025-08-17 11:01
D1986,2446,O410,Orphanage,21,2,24,1.1,2025-08-18 04:16
D1992,3453,O741,Orphanage,12,2,34,2.8,2025-07-30 02:12
D2001,2953,O862,Orphanage,1,3,29,29.0,2025-08-24 10:55
D2010,1284,O276,Orphanage,4,3,12,3.0,2025-08-22 12:24
D2011,4610,O795,Orphanage,35,2,46,1.3,2025-08-01 20:27
D2025,1016,O689,Orphanage,9,3,10,1.1,2025-08-07 16:28
D2031,2479,N236,NGO,9,1,24,2.7,2025-08-19 17:40
D2035,4525,N46,NGO,37,1,45,1.2,2025-08-12 08:57
D2036,4151,O603,Orphanage,28,2,41,1.5,2025-08-20 10:29
D2070,4188,N565,NGO,37,2,41,1.1,2025-08-16 22:41
D2075,1566,N876,NGO,12,3,15,1.2,2025-08-25 19:47
D2083,3797,O554,Orphanage,5,2,37,7.4,2025-08-19 04:06
D2086,1098,N296,NGO,10,2,10,1.0,2025-08-15 23:19
D2089,2543,O749,Orphanage,7,1,25,3.6,2025-08-08 20:28
D2096,2071,O651,Orphanage,9,3,20,2.2,2025-08-22 02:50
D2098,836,N2,NGO,3,1,8,2.7,2025-08-21 22:44
D2113,2367,O716,Orphanage,10,1,23,2.3,2025-08-13 01:41
D2114,4466,N776,NGO,8,1,44,5.5,2025-08-05 22:46
D2120,1822,O325,Orphanage,14,2,18,1.3,2025-08-20 18:13
D2125,679,O696,Orphanage,1,1,6,6.0,2025-08-17 02:53
D2131,4837,N805,NGO,5,1,48,9.6,2025-07-30 13:17
D2133,3749,O609,Orphanage,22,2,37,1.7,2025-08-10 14:47
D2136,4528,N584,NGO,19,1,45,2.4,2025-08-27 11:27
D2141,4369,N882,NGO,29,1,43,1.5,2025-08-02 17:46
D2144,4467,N910,NGO,15,3,44,2.9,2025-08-04 23:16
D2145,2179,N856,NGO,14,3,21,1.5,2025-08-04 09:25
D2148,1665,O795,Orphanage,8,2,16,2.0,2025-08-14 02:10
D2153,2269,O583,Orphanage,2,2,22,11.0,2025-08-27 06:04
D2156,4794,O484,Orphanage,40,3,47,1.2,2025-08-22 18:52
D2166,2691,O800,Orphanage,5,3,26,5.2,2025-08-06 23:01
D2168,2886,N313,NGO,15,1,28,1.9,2025-08-10 05:28
D2169,3599,O19,Orphanage,10,1,35,3.5,2025-08-21 20:35
D2170,3989,N471,NGO,18,3,39,2.2,2025-08-26 08:02
D2172,1374,O890,Orphanage,3,2,13,4.3,2025-08-16 22:54
D2175,4849,N746,NGO,33,2,48,1.5,2025-08-06 20:46
D2179,3024,N199,NGO,13,3,30,2.3,2025-08-21 08:16
D2185,1551,O40,Orphanage,12,1,15,1.2,2025-08-14 07:28
D2187,4273,O401,Orphanage,2,3,42,21.0,2025-08-04 19:23
D2189,889,N242,NGO,8,3,8,1.0,2025-08-22 08:20
D2194,4199,O989,Orphanage,41,2,41,1.0,2025-08-18 17:41
D2196,3580,O192,Orphanage,3,2,35,11.7,2025-08-18 11:35
D2198,3334,O230,Orphanage,33,3,33,1.0,2025-08-02 01:52
D2200,2792,O1000,Orphanage,5,3,27,5.4,2025-07-30 07:25
D2201,2100,N377,NGO,21,1,21,1.0,2025-08-24 19:28
D2203,4139,O625,Orphanage,7,1,41,5.9,2025-08-25 02:08
D2207,4986,O980,Orphanage,36,3,49,1.4,2025-08-05 08:02
D2216,2663,N782,NGO,6,2,26,4.3,2025-08-18 08:18
D2221,2972,O975,Orphanage,17,3,29,1.7,2025-08-29 03:20
D2230,3275,N282,NGO,20,1,32,1.6,2025-08-20 23:49
D2237,4527,O791,Orphanage,39,3,45,1.2,2025-08-03 03:42
D2240,2447,N51,NGO,8,3,24,3.0,2025-08-17 13:27
D2241,2472,O53,Orphanage,13,1,24,1.8,2025-08-23 22:07
D2242,4566,O594,Orphanage,9,3,45,5.0,2025-08-11 23:57
D2243,618,N782,NGO,1,1,6,6.0,2025-08-12 23:12
D2251,1463,O65,Orphanage,1,1,14,14.0,2025-08-27 20:32
D2258,1586,N236,NGO,8,1,15,1.9,2025-08-04 00:02
D2262,1328,N478,NGO,3,1,13,4.3,2025-08-29 18:38
D2263,3192,N7,NGO,20,2,31,1.6,2025-08-08 10:11
D2266,2602,N952,NGO,19,1,26,1.4,2025-08-06 11:55
D2267,3998,O327,Orphanage,20,2,39,1.9,2025-08-04 16:00
D2271,3080,O410,Orphanage,9,2,30,3.3,2025-08-19 19:09
D2286,579,O775,Orphanage,1,1,5,5.0,2025-08-04 09:41
D2296,811,O123,Orphanage,4,2,8,2.0,2025-08-04 06:02
D2300,591,N227,NGO,2,2,5,2.5,2025-08-06 15:56
D2306,1955,O518,Orphanage,17,1,19,1.1,2025-08-08 00:32
D2308,4575,N778,NGO,2,2,45,22.5,2025-08-01 14:27
D2309,2306,N199,NGO,5,2,23,4.6,2025-08-04 16:20
D2310,512,N346,NGO,4,2,5,1.2,2025-08-12 03:50
D2312,2241,O872,Orphanage,22,1,22,1.0,2025-08-11 17:32
D2328,2107,O245,Orphanage,11,3,21,1.9,2025-08-16 22:42
D2336,2081,N255,NGO,9,2,20,2.2,2025-08-09 09:08
D2340,1667,N136,NGO,4,3,16,4.0,2025-08-05 13:48
D2342,3985,N510,NGO,28,2,39,1.4,2025-08-07 17:41
D2345,4344,N123,NGO,8,1,43,5.4,2025-08-08 21:25
D2350,3550,N133,NGO,3,2,35,11.7,2025-08-01 22:33
D2354,2346,N424,NGO,4,3,23,5.8,2025-08-14 15:19
D2356,3964,N517,NGO,7,1,39,5.6,2025-08-01 00:18
D2363,3963,N280,NGO,21,3,39,1.9,2025-08-14 05:03
D2371,2910,N907,NGO,4,2,29,7.2,2025-08-07 16:07
D2376,2004,N20,NGO,1,2,20,20.0,2025-07-30 06:01
D2381,4496,O758,Orphanage,31,2,44,1.4,2025-08-09 20:29
D2386,4220,O790,Orphanage,36,3,42,1.2,2025-08-21 17:55
D2391,734,N6,NGO,7,2,7,1.0,2025-08-05 12:11
D2397,1544,N237,NGO,15,2,15,1.0,2025-08-13 09:48
D2402,2553,N460,NGO,12,3,25,2.1,2025-08-10 17:16
D2405,1026,O24,Orphanage,1,1,10,10.0,2025-08-14 18:33
D2411,3464,N112,NGO,14,2,34,2.4,2025-08-11 01:01
D2413,3894,O466,Orphanage,32,3,38,1.2,2025-08-02 17:47
D2415,3650,O977,Orphanage,5,2,36,7.2,2025-08-15 04:58
D2416,3226,N434,NGO,11,2,32,2.9,2025-08-17 23:15
D2418,2746,O766,Orphanage,8,1,27,3.4,2025-08-01 03:15
D2420,3031,O432,Orphanage,10,2,30,3.0,2025-08-14 23:04
D2424,1413,N385,NGO,8,2,14,1.8,2025-08-14 14:07
D2425,3152,O728,Orphanage,11,2,31,2.8,2025-08-21 10:30
D2437,4524,N782,NGO,11,3,45,4.1,2025-08-25 01:34
D2442,3500,O409,Orphanage,4,1,35,8.8,2025-08-27 13:10
D2447,2141,O340,Orphanage,20,2,21,1.1,2025-07-30 20:07
D2452,3570,O239,Orphanage,22,1,35,1.6,2025-08-24 09:46
D2453,748,O903,Orphanage,6,1,7,1.2,2025-08-05 20:02
D2459,4863,N867,NGO,23,3,48,2.1,2025-08-26 09:46
D2467,3030,N603,NGO,25,3,30,1.2,2025-08-07 20:04
D2472,519,N343,NGO,4,1,5,1.2,2025-08-21 16:09
D2476,4135,N701,NGO,31,2,41,1.3,2025-08-12 14:10
D2480,1973,N262,NGO,14,1,19,1.4,2025-08-19 01:01
D2483,4005,N716,NGO,9,3,40,4.4,2025-08-04 01:24
D2484,2894,N374,NGO,4,1,28,7.0,2025-08-20 16:51
D2502,2517,O635,Orphanage,5,3,25,5.0,2025-08-20 00:21
D2511,1154,O500,Orphanage,4,2,11,2.8,2025-08-28 18:58
D2513,1679,O55,Orphanage,2,2,16,8.0,2025-08-25 10:24
D2516,4801,N733,NGO,32,1,48,1.5,2025-08-10 03:02
D2518,3215,N371,NGO,25,2,32,1.3,2025-08-07 15:34
D2519,4916,N552,NGO,18,1,49,2.7,2025-08-01 01:10
D2527,1317,N329,NGO,2,3,13,6.5,2025-08-19 05:45
D2533,4426,N853,NGO,13,2,44,3.4,2025-08-20 22:12
D2534,1730,N318,NGO,4,3,17,4.2,2025-08-23 01:25
D2536,1028,O758,Orphanage,10,2,10,1.0,2025-08-29 14:26
D2540,3451,O487,Orphanage,3,1,34,11.3,2025-08-15 02:04
D2554,2716,O115,Orphanage,2,2,27,13.5,2025-08-18 02:00
D2561,3264,N727,NGO,26,3,32,1.2,2025-08-25 10:36
D2569,1216,N943,NGO,12,2,12,1.0,2025-08-07 07:41
D2573,4269,O284,Orphanage,13,1,42,3.2,2025-08-04 20:30
D2578,4004,O595,Orphanage,28,2,40,1.4,2025-08-21 16:00
D2582,3995,O764,Orphanage,17,1,39,2.3,2025-08-19 13:04
D2588,3141,O782,Orphanage,12,3,31,2.6,2025-08-27 11:27
D2589,4155,O33,Orphanage,20,3,41,2.0,2025-08-01 14:57
D2590,1479,N322,NGO,5,2,14,2.8,2025-08-07 17:47
D2596,4916,N659,NGO,18,2,49,2.7,2025-08-28 15:49
D2597,4683,O807,Orphanage,23,1,46,2.0,2025-08-09 11:16
D2599,4877,N516,NGO,8,2,48,6.0,2025-08-13 18:54
D2606,1432,N971,NGO,8,1,14,1.8,2025-07-30 15:47
D2608,870,N35,NGO,3,3,8,2.7,2025-08-29 07:16
D2610,725,N942,NGO,5,3,7,1.4,2025-08-28 18:54
D2622,4277,O973,Orphanage,12,2,42,3.5,2025-08-25 22:22
D2627,4373,N248,NGO,18,2,43,2.4,2025-08-20 14:40
D2630,3119,O791,Orphanage,8,2,31,3.9,2025-08-13 17:53
D2631,4501,O631,Orphanage,21,3,45,2.1,2025-08-02 13:52
D2643,4233,O152,Orphanage,21,2,42,2.0,2025-08-05 11:19
D2646,4865,O802,Orphanage,14,1,48,3.4,2025-07-30 02:12
D2649,1662,N474,NGO,2,2,16,8.0,2025-08-10 08:05
D2650,2091,O380,Orphanage,17,1,20,1.2,2025-08-28 03:20
D2654,3637,O279,Orphanage,17,3,36,2.1,2025-08-09 03:56
D2657,2761,O589,Orphanage,9,1,27,3.0,2025-08-14 17:54
D2678,1105,N348,NGO,7,2,11,1.6,2025-08-14 23:37
D2686,3526,O759,Orphanage,25,2,35,1.4,2025-08-19 11:18
D2691,4886,N710,NGO,34,2,48,1.4,2025-08-27 08:52
D2693,3455,N210,NGO,17,3,34,2.0,2025-08-23 21:04
D2703,2179,O622,Orphanage,17,3,21,1.2,2025-08-23 04:49
D2706,3054,O32,Orphanage,26,3,30,1.2,2025-08-17 15:44
D2713,3579,O958,Orphanage,5,2,35,7.0,2025-08-10 16:31
D2720,2153,N593,NGO,7,2,21,3.0,2025-08-07 13:45
D2721,2155,O832,Orphanage,2,1,21,10.5,2025-08-01 13:04
D2722,2282,O655,Orphanage,6,3,22,3.7,2025-08-14 19:08
D2727,3157,N682,NGO,3,3,31,10.3,2025-08-07 19:58
D2729,1396,O925,Orphanage,11,3,13,1.2,2025-08-21 01:51
D2732,1491,O444,Orphanage,4,3,14,3.5,2025-08-15 04:12
D2733,4016,N258,NGO,24,2,40,1.7,2025-08-28 09:27
D2735,2655,O406,Orphanage,11,3,26,2.4,2025-08-12 06:31
D2739,3990,N602,NGO,6,2,39,6.5,2025-08-15 02:08
D2745,723,O468,Orphanage,3,1,7,2.3,2025-08-18 00:53
D2750,4340,O221,Orphanage,10,3,43,4.3,2025-08-20 11:11
D2751,4256,N438,NGO,26,1,42,1.6,2025-08-10 12:06
D2755,3209,N496,NGO,17,2,32,1.9,2025-08-12 05:40
D2757,2794,N37,NGO,20,3,27,1.4,2025-08-03 00:15
D2758,1921,N163,NGO,11,1,19,1.7,2025-08-22 02:43
D2763,2102,N465,NGO,12,3,21,1.8,2025-08-17 22:38
D2766,2584,N661,NGO,17,1,25,1.5,2025-08-17 01:33
D2784,884,N159,NGO,3,3,8,2.7,2025-08-07 07:37
D2789,817,N656,NGO,8,2,8,1.0,2025-08-21 13:43
D2792,3493,O31,Orphanage,5,2,34,6.8,2025-08-25 10:02
D2793,1400,O885,Orphanage,12,3,14,1.2,2025-08-15 00:23
D2803,745,N876,NGO,5,1,7,1.4,2025-08-12 05:51
D2813,1141,N310,NGO,6,2,11,1.8,2025-08-28 19:21
D2846,3488,O590,Orphanage,6,2,34,5.7,2025-08-18 10:41
D2847,2636,N330,NGO,18,1,26,1.4,2025-08-22 12:20
D2849,3940,N756,NGO,26,1,39,1.5,2025-08-02 01:55
D2850,2442,N791,NGO,5,3,24,4.8,2025-08-23 17:04
D2853,2200,N359,NGO,17,3,22,1.3,2025-08-17 14:45
D2861,2153,N441,NGO,16,2,21,1.3,2025-08-21 23:17
D2874,4183,O974,Orphanage,31,2,41,1.3,2025-08-13 09:16
D2884,2454,N698,NGO,3,2,24,8.0,2025-08-19 08:32
D2886,1743,N953,NGO,16,3,17,1.1,2025-08-09 20:23
D2893,681,N628,NGO,2,2,6,3.0,2025-08-21 21:15
D2894,2727,N45,NGO,27,3,27,1.0,2025-07-30 02:59
D2899,1835,N359,NGO,12,3,18,1.5,2025-08-25 23:10
D2901,4159,O822,Orphanage,5,3,41,8.2,2025-08-01 01:19
D2905,4121,O156,Orphanage,27,1,41,1.5,2025-08-20 21:38
D2906,2920,O508,Orphanage,8,3,29,3.6,2025-07-31 05:13
D2907,4846,N262,NGO,48,3,48,1.0,2025-08-22 18:23
D2911,2025,O884,Orphanage,11,1,20,1.8,2025-08-21 05:13
D2928,927,N236,NGO,7,2,9,1.3,2025-08-17 08:44
D2931,642,O838,Orphanage,4,2,6,1.5,2025-08-07 04:00
D2932,4274,O333,Orphanage,30,1,42,1.4,2025-08-25 17:51
D2933,3368,N906,NGO,21,3,33,1.6,2025-08-07 05:39
D2942,1015,O2,Orphanage,8,3,10,1.2,2025-08-10 14:26
D2946,1458,N428,NGO,11,2,14,1.3,2025-08-11 22:37
D2947,4295,O744,Orphanage,21,3,42,2.0,2025-08-06 23:38
D2968,1967,O529,Orphanage,11,2,19,1.7,2025-08-12 13:50
D2976,4187,N584,NGO,4,3,41,10.2,2025-08-29 04:49
D2979,3960,N504,NGO,29,3,39,1.3,2025-08-21 15:58
D2980,1254,O461,Orphanage,1,2,12,12.0,2025-08-20 06:33
D2983,3194,O384,Orphanage,2,2,31,15.5,2025-08-26 03:12
D2991,4418,O868,Orphanage,36,2,44,1.2,2025-08-22 16:00
D3007,3736,N398,NGO,33,2,37,1.1,2025-08-15 06:49
D3009,2137,N144,NGO,3,3,21,7.0,2025-08-23 15:38
D3012,2952,O954,Orphanage,20,2,29,1.4,2025-08-09 10:27
D3014,4143,N592,NGO,40,1,41,1.0,2025-08-23 02:31
D3018,4254,N752,NGO,35,3,42,1.2,2025-08-05 00:49
D3021,1789,N378,NGO,3,2,17,5.7,2025-08-24 07:29
D3023,1191,N23,NGO,5,2,11,2.2,2025-08-08 14:54
D3024,2272,O568,Orphanage,16,3,22,1.4,2025-08-08 19:43
D3025,716,O439,Orphanage,6,1,7,1.2,2025-08-22 11:43
D3028,3096,O309,Orphanage,11,1,30,2.7,2025-08-05 02:53
D3034,4347,O532,Orphanage,35,2,43,1.2,2025-08-24 08:54
D3035,3844,N125,NGO,32,2,38,1.2,2025-07-30 12:01
D3038,1937,N964,NGO,16,2,19,1.2,2025-08-23 05:14
D3040,1458,O743,Orphanage,9,2,14,1.6,2025-08-24 23:46
D3045,4378,N916,NGO,24,1,43,1.8,2025-08-15 14:14
D3050,4973,N878,NGO,47,1,49,1.0,2025-08-23 07:07
D3051,1451,N544,NGO,14,1,14,1.0,2025-08-07 02:04
D3063,3843,N897,NGO,31,1,38,1.2,2025-08-03 17:46
D3064,3980,O909,Orphanage,17,1,39,2.3,2025-07-30 19:57
D3065,4024,N936,NGO,36,3,40,1.1,2025-08-06 20:22
D3066,2680,O879,Orphanage,22,2,26,1.2,2025-08-01 13:34
D3068,1937,O962,Orphanage,6,2,19,3.2,2025-08-15 06:43
D3073,689,N322,NGO,4,2,6,1.5,2025-08-23 23:41
D3074,617,N177,NGO,1,2,6,6.0,2025-08-10 20:22
D3075,3844,O606,Orphanage,24,3,38,1.6,2025-08-26 02:44
D3085,3373,O862,Orphanage,5,1,33,6.6,2025-08-25 21:54
D3086,916,N755,NGO,3,2,9,3.0,2025-08-04 02:03
D3090,2336,N144,NGO,6,3,23,3.8,2025-07-30 19:33
D3092,4892,N768,NGO,11,2,48,4.4,2025-08-26 21:52
D3094,3370,O511,Orphanage,25,2,33,1.3,2025-08-08 19:00
D3097,2762,O143,Orphanage,18,3,27,1.5,2025-08-12 06:37
D3100,2793,N993,NGO,6,3,27,4.5,2025-07-31 02:54
D3103,1640,O674,Orphanage,3,1,16,5.3,2025-07-30 18:32
D3105,4837,O278,Orphanage,20,1,48,2.4,2025-08-25 23:33
D3111,4904,N870,NGO,25,1,49,2.0,2025-08-03 09:11
D3113,3855,O722,Orphanage,30,2,38,1.3,2025-08-25 08:14
D3117,2479,N568,NGO,5,2,24,4.8,2025-08-17 03:56
D3123,3041,O813,Orphanage,12,1,30,2.5,2025-08-02 08:25
D3125,3249,O230,Orphanage,12,3,32,2.7,2025-08-10 23:26
D3131,1456,N548,NGO,1,2,14,14.0,2025-08-17 03:19
D3142,714,N63,NGO,4,1,7,1.8,2025-08-18 10:51
D3143,1317,O373,Orphanage,7,3,13,1.9,2025-08-07 19:26
D3146,2063,O389,Orphanage,7,3,20,2.9,2025-08-02 22:04
D3149,3271,O841,Orphanage,28,2,32,1.1,2025-08-25 18:10
D3152,1849,N679,NGO,2,3,18,9.0,2025-08-24 12:05
D3156,4799,N255,NGO,40,1,47,1.2,2025-08-19 07:37
D3157,3619,O267,Orphanage,29,1,36,1.2,2025-08-25 15:49
D3165,1073,N430,NGO,9,2,10,1.1,2025-08-12 02:08
D3170,2215,O658,Orphanage,14,1,22,1.6,2025-08-08 07:55
D3175,3894,O31,Orphanage,12,2,38,3.2,2025-08-08 04:42
D3176,4524,O47,Orphanage,43,3,45,1.0,2025-08-11 17:02
D3181,4693,O477,Orphanage,39,2,46,1.2,2025-07-31 09:24
D3182,1266,N775,NGO,6,1,12,2.0,2025-08-05 22:23
D3188,567,O710,Orphanage,4,2,5,1.2,2025-08-20 08:39
D3189,1488,N850,NGO,4,1,14,3.5,2025-08-22 09:02
D3190,1242,O678,Orphanage,3,1,12,4.0,2025-08-12 17:57
D3197,4522,O249,Orphanage,32,3,45,1.4,2025-08-09 23:43
D3211,4951,O782,Orphanage,48,3,49,1.0,2025-08-14 13:50
D3223,4467,N357,NGO,20,2,44,2.2,2025-08-17 20:10
D3225,1481,N937,NGO,4,3,14,3.5,2025-08-21 06:29
D3228,3455,O54,Orphanage,20,1,34,1.7,2025-08-18 20:32
D3237,790,O726,Orphanage,2,2,7,3.5,2025-08-06 11:54
D3246,4028,O981,Orphanage,7,2,40,5.7,2025-08-09 11:12
D3269,3370,O432,Orphanage,14,2,33,2.4,2025-08-01 01:27
D3271,2751,N513,NGO,27,3,27,1.0,2025-08-02 23:17
D3279,2287,O759,Orphanage,21,3,22,1.0,2025-08-20 22:00
D3280,1622,O212,Orphanage,12,2,16,1.3,2025-08-12 03:27
D3281,3368,N139,NGO,30,1,33,1.1,2025-08-28 21:08
D3291,1024,N130,NGO,7,2,10,1.4,2025-07-30 10:42
D3293,4818,N546,NGO,3,2,48,16.0,2025-08-09 23:41
D3297,1336,N607,NGO,12,3,13,1.1,2025-08-08 16:22
D3298,3453,O800,Orphanage,30,2,34,1.1,2025-08-19 00:06
D3304,3809,O159,Orphanage,36,1,38,1.1,2025-08-12 13:56
D3309,4582,O414,Orphanage,19,3,45,2.4,2025-08-26 00:46
D3315,4274,O396,Orphanage,28,2,42,1.5,2025-08-14 05:42
D3326,2454,O308,Orphanage,1,2,24,24.0,2025-08-07 15:31
D3329,2838,O532,Orphanage,1,2,28,28.0,2025-08-23 17:35
D3335,3019,O906,Orphanage,29,2,30,1.0,2025-08-21 17:49
D3336,530,O631,Orphanage,1,2,5,5.0,2025-08-01 20:32
D3344,2578,N14,NGO,11,3,25,2.3,2025-07-30 20:15
D3345,1623,O363,Orphanage,3,3,16,5.3,2025-07-31 01:47
D3346,1753,N737,NGO,2,1,17,8.5,2025-08-20 00:33
D3352,4064,N63,NGO,19,3,40,2.1,2025-08-26 09:29
D3355,661,O219,Orphanage,6,1,6,1.0,2025-08-17 08:12
D3361,1934,O145,Orphanage,2,1,19,9.5,2025-08-21 08:09
D3362,3862,O391,Orphanage,32,1,38,1.2,2025-08-27 15:05
D3364,684,O49,Orphanage,6,2,6,1.0,2025-08-20 19:57
D3366,1058,O974,Orphanage,6,1,10,1.7,2025-08-23 22:05
D3373,626,N549,NGO,2,2,6,3.0,2025-07-29 23:00
D3378,1681,O788,Orphanage,16,3,16,1.0,2025-08-17 09:16
D3383,2150,N741,NGO,2,2,21,10.5,2025-08-07 14:46
D3390,4610,O760,Orphanage,37,2,46,1.2,2025-08-23 10:25
D3395,5000,O897,Orphanage,12,3,50,4.2,2025-08-23 00:33
D3411,1310,O58,Orphanage,7,1,13,1.9,2025-08-27 11:06
D3415,2040,N177,NGO,18,2,20,1.1,2025-08-14 14:22
D3421,1360,O726,Orphanage,7,3,13,1.9,2025-08-05 00:06
D3423,829,N790,NGO,2,3,8,4.0,2025-08-11 07:07
D3424,2205,O193,Orphanage,21,2,22,1.0,2025-07-29 21:48
D3444,686,N991,NGO,2,3,6,3.0,2025-08-10 08:14
D3448,2660,O464,Orphanage,20,3,26,1.3,2025-08-24 14:03
D3456,857,N821,NGO,2,2,8,4.0,2025-08-03 00:46
D3464,1154,N187,NGO,4,3,11,2.8,2025-08-18 00:26
D3465,3525,O254,Orphanage,1,3,35,35.0,2025-08-28 06:40
D3468,1929,O348,Orphanage,1,2,19,19.0,2025-08-15 22:30
D3495,3277,O497,Orphanage,23,2,32,1.4,2025-08-02 11:30
D3499,2919,O995,Orphanage,27,2,29,1.1,2025-08-05 20:13
D3504,1001,N426,NGO,7,3,10,1.4,2025-08-23 09:34
D3508,3185,N79,NGO,2,2,31,15.5,2025-08-01 14:24
D3509,2694,O253,Orphanage,15,2,26,1.7,2025-08-16 07:26
D3512,1568,O8,Orphanage,7,3,15,2.1,2025-08-18 03:21
D3518,3399,O265,Orphanage,14,1,33,2.4,2025-08-18 12:52
D3524,3014,N217,NGO,30,3,30,1.0,2025-07-30 17:23
D3535,4010,O973,Orphanage,28,2,40,1.4,2025-07-30 23:35
D3538,1640,O570,Orphanage,14,1,16,1.1,2025-08-23 04:44
D3549,3935,N878,NGO,18,1,39,2.2,2025-08-09 19:17
D3551,3945,N660,NGO,28,3,39,1.4,2025-08-13 07:08
D3561,3325,O8,Orphanage,27,1,33,1.2,2025-08-05 08:47
D3568,1449,O970,Orphanage,7,2,14,2.0,2025-08-26 07:16
D3572,549,O400,Orphanage,4,2,5,1.2,2025-08-17 10:50
D3585,1452,O767,Orphanage,1,1,14,14.0,2025-08-25 23:04
D3586,1921,N483,NGO,5,2,19,3.8,2025-08-16 02:36
D3598,3956,N512,NGO,16,1,39,2.4,2025-08-20 08:01
D3602,2977,N730,NGO,26,1,29,1.1,2025-08-09 02:50
D3605,2774,N469,NGO,21,1,27,1.3,2025-08-15 11:04
D3608,1963,N157,NGO,5,3,19,3.8,2025-08-02 16:30
D3612,3756,O759,Orphanage,37,1,37,1.0,2025-08-20 20:04
D3613,1579,N799,NGO,14,2,15,1.1,2025-08-04 20:44
D3614,2277,O245,Orphanage,21,2,22,1.0,2025-08-08 21:38
D3615,4643,O186,Orphanage,16,2,46,2.9,2025-08-11 06:11
D3635,2585,O946,Orphanage,6,3,25,4.2,2025-08-01 06:00
D3636,1487,O369,Orphanage,8,3,14,1.8,2025-08-21 13:12
D3637,4132,O231,Orphanage,25,2,41,1.6,2025-08-13 10:51
D3638,2348,N224,NGO,8,1,23,2.9,2025-08-08 09:43
D3640,2716,N147,NGO,17,2,27,1.6,2025-08-04 16:45
D3645,1261,N775,NGO,7,1,12,1.7,2025-08-09 13:13
D3647,3892,N227,NGO,10,1,38,3.8,2025-08-18 04:53
D3651,4531,O653,Orphanage,13,3,45,3.5,2025-08-03 01:25
D3655,4896,N301,NGO,13,2,48,3.7,2025-08-25 04:36
D3660,4671,O41,Orphanage,30,3,46,1.5,2025-08-06 17:00
D3661,1518,N281,NGO,9,3,15,1.7,2025-08-26 22:02
D3663,3449,N327,NGO,14,3,34,2.4,2025-08-23 07:41
D3667,1323,N464,NGO,9,1,13,1.4,2025-08-05 03:07
D3668,1042,N160,NGO,7,1,10,1.4,2025-08-05 15:30
D3669,1426,O57,Orphanage,10,1,14,1.4,2025-08-25 12:13
D3675,2242,O373,Orphanage,19,3,22,1.2,2025-07-30 07:29
D3679,3761,N40,NGO,1,3,37,37.0,2025-08-03 11:54
D3683,4058,N630,NGO,1,2,40,40.0,2025-08-13 09:12
D3687,964,N706,NGO,4,3,9,2.2,2025-08-01 04:19
D3690,4550,N161,NGO,40,2,45,1.1,2025-08-29 17:07
D3692,3974,O866,Orphanage,37,1,39,1.1,2025-08-01 06:53
D3697,2840,O43,Orphanage,23,2,28,1.2,2025-08-07 10:03
D3698,860,O368,Orphanage,8,3,8,1.0,2025-08-19 19:35
D3699,2026,N996,NGO,5,1,20,4.0,2025-08-12 11:49
D3701,4369,O480,Orphanage,14,3,43,3.1,2025-08-04 20:16
D3704,736,O390,Orphanage,7,1,7,1.0,2025-08-22 08:56
D3715,3729,N801,NGO,15,1,37,2.5,2025-08-17 08:51
D3716,4978,N938,NGO,17,3,49,2.9,2025-08-26 07:19
D3719,1882,O683,Orphanage,13,3,18,1.4,2025-08-16 01:41
D3727,3566,N789,NGO,17,2,35,2.1,2025-08-16 01:39
D3733,2222,O28,Orphanage,19,3,22,1.2,2025-07-29 20:26
D3734,937,O902,Orphanage,8,3,9,1.1,2025-08-09 02:57
D3735,3325,O205,Orphanage,5,1,33,6.6,2025-08-21 14:46
D3744,4731,O299,Orphanage,6,2,47,7.8,2025-08-06 22:39
D3745,3793,O377,Orphanage,9,3,37,4.1,2025-08-02 23:34
D3752,2440,N618,NGO,15,3,24,1.6,2025-08-18 07:46
D3756,4806,O966,Orphanage,30,3,48,1.6,2025-08-08 14:19
D3763,4032,N83,NGO,14,3,40,2.9,2025-08-20 05:34
D3768,785,O142,Orphanage,2,3,7,3.5,2025-08-01 22:37
D3769,4322,O45,Orphanage,23,1,43,1.9,2025-08-09 12:33
D3771,848,N951,NGO,1,1,8,8.0,2025-08-05 05:43
D3776,3008,N380,NGO,9,1,30,3.3,2025-08-04 23:15
D3781,2168,N647,NGO,15,1,21,1.4,2025-07-31 15:54
D3785,2782,N341,NGO,16,1,27,1.7,2025-08-17 03:16
D3790,2185,N722,NGO,20,2,21,1.1,2025-08-05 23:15
D3794,3416,N32,NGO,24,3,34,1.4,2025-08-14 19:29
D3802,1072,O411,Orphanage,9,1,10,1.1,2025-07-30 22:18
D3805,2097,O729,Orphanage,18,3,20,1.1,2025-08-18 12:51
D3806,4904,O847,Orphanage,11,2,49,4.5,2025-08-13 07:35
D3809,2982,N7,NGO,19,2,29,1.5,2025-08-11 02:28
D3819,4795,O840,Orphanage,35,3,47,1.3,2025-08-29 11:21
D3820,4176,N826,NGO,5,1,41,8.2,2025-08-12 15:53
D3822,1195,N517,NGO,3,2,11,3.7,2025-07-30 11:39
D3826,2137,N81,NGO,8,3,21,2.6,2025-08-12 09:27
D3829,3050,N19,NGO,6,1,30,5.0,2025-08-16 22:30
D3831,3525,N884,NGO,33,1,35,1.1,2025-08-11 14:01
D3833,4672,N312,NGO,11,3,46,4.2,2025-08-01 11:38
D3834,4950,O727,Orphanage,20,1,49,2.5,2025-08-03 01:16
D3835,2029,O380,Orphanage,12,3,20,1.7,2025-08-04 18:30
D3837,1707,N625,NGO,15,1,17,1.1,2025-08-16 02:12
D3838,4114,N464,NGO,12,2,41,3.4,2025-08-26 11:02
D3843,1580,O604,Orphanage,5,2,15,3.0,2025-08-05 18:34
D3844,4359,N770,NGO,5,3,43,8.6,2025-08-06 04:13
D3850,1448,N744,NGO,6,3,14,2.3,2025-08-04 14:55
D3851,761,N904,NGO,4,3,7,1.8,2025-08-01 05:59
D3853,2712,N60,NGO,9,2,27,3.0,2025-08-27 13:18
D3864,1116,O977,Orphanage,6,2,11,1.8,2025-08-15 11:05
D3866,1785,N763,NGO,7,1,17,2.4,2025-08-10 23:04
D3867,4873,O345,Orphanage,29,2,48,1.7,2025-08-12 07:00
D3868,1344,N728,NGO,11,2,13,1.2,2025-08-16 07:49
D3870,3519,O516,Orphanage,10,1,35,3.5,2025-08-15 05:59
D3873,2434,N405,NGO,22,3,24,1.1,2025-08-15 02:22
D3880,2376,N192,NGO,21,3,23,1.1,2025-08-20 05:57
D3882,1614,N288,NGO,9,2,16,1.8,2025-08-03 19:19
D3888,1948,N513,NGO,19,3,19,1.0,2025-08-01 01:23
D3891,1344,N310,NGO,11,3,13,1.2,2025-07-29 23:06
D3892,782,O171,Orphanage,4,3,7,1.8,2025-08-10 17:37
D3897,3094,O470,Orphanage,2,3,30,15.0,2025-08-16 22:48
D3901,1686,N769,NGO,4,1,16,4.0,2025-08-04 04:47
D3904,1635,O459,Orphanage,10,2,16,1.6,2025-08-28 16:56
D3908,4591,O512,Orphanage,7,1,45,6.4,2025-08-02 08:56
D3913,1590,N816,NGO,9,2,15,1.7,2025-08-21 20:26
D3916,1703,O733,Orphanage,3,3,17,5.7,2025-08-02 07:38
D3922,728,N391,NGO,4,2,7,1.8,2025-08-15 03:29
D3952,2466,N567,NGO,15,1,24,1.6,2025-08-25 20:19
D3956,2737,N989,NGO,13,2,27,2.1,2025-08-15 04:00
D3966,1798,O394,Orphanage,4,3,17,4.2,2025-08-09 18:15
D3967,1268,O30,Orphanage,5,1,12,2.4,2025-08-10 05:53
D3975,974,O283,Orphanage,3,2,9,3.0,2025-08-26 03:53
D3980,4730,N849,NGO,13,2,47,3.6,2025-08-09 22:13
D3987,1069,N289,NGO,1,2,10,10.0,2025-08-09 18:16
D3993,2399,O53,Orphanage,12,3,23,1.9,2025-08-18 00:26
D3998,1673,N911,NGO,7,2,16,2.3,2025-08-29 17:53
