donation_id,donation_amount,recipient_id,recipient_type,children_supported,months_covered,shelter_build,timestamp
D7,4324,N449,NGO,13,1,4,2025-07-31 17:59
D24,3552,O697,Orphanage,12,3,3,2025-08-13 17:37
D25,2038,N992,NGO,11,2,2,2025-08-25 08:14
D31,2698,O873,Orphanage,23,1,2,2025-08-09 22:06
D33,4723,O456,Orphanage,20,3,4,2025-07-31 21:32
D36,3401,N359,NGO,49,3,3,2025-08-05 14:05
D42,2016,N123,NGO,26,3,2,2025-08-26 20:12
D43,2456,O230,Orphanage,46,1,2,2025-08-02 17:19
D44,757,N148,NGO,30,3,0,2025-08-14 22:42
D50,1842,O599,Orphanage,32,3,1,2025-08-21 02:32
D56,1557,O413,Orphanage,31,1,1,2025-08-22 01:41
D57,2955,N563,NGO,6,2,2,2025-08-04 21:39
D58,4894,O619,Orphanage,42,3,4,2025-08-14 20:02
D62,3404,O97,Orphanage,49,3,3,2025-08-03 10:58
D64,4621,O379,Orphanage,39,3,4,2025-08-13 11:33
D72,724,N58,NGO,23,1,0,2025-08-01 18:56
D77,2208,N531,NGO,49,3,2,2025-08-14 07:19
D84,4060,N786,NGO,18,1,4,2025-08-01 10:58
D87,1837,O763,Orphanage,36,2,1,2025-08-21 13:10
D88,913,O807,Orphanage,14,1,0,2025-08-01 05:28
D92,3398,O205,Orphanage,6,1,3,2025-08-21 10:02
D96,3917,O878,Orphanage,15,1,3,2025-08-27 22:59
D100,640,N757,NGO,29,2,0,2025-08-15 08:20
D101,4965,N242,NGO,21,1,4,2025-08-08 17:59
D105,4689,O786,Orphanage,4,1,4,2025-08-09 13:50
D108,2228,O77,Orphanage,37,3,2,2025-08-10 12:25
D110,961,N190,NGO,41,1,0,2025-08-18 05:15
D111,1623,O732,Orphanage,6,1,1,2025-08-08 19:20
D121,1708,O752,Orphanage,40,3,1,2025-08-07 10:40
D128,1672,O80,Orphanage,8,3,1,2025-08-23 13:37
D129,4009,O990,Orphanage,41,2,4,2025-08-26 14:19
D130,2906,O961,Orphanage,38,1,2,2025-08-02 14:12
D131,3181,O208,Orphanage,22,1,3,2025-08-01 23:01
D140,1622,O445,Orphanage,47,2,1,2025-08-21 02:14
D147,3014,O490,Orphanage,35,2,3,2025-08-02 14:47
D153,4738,O223,Orphanage,39,1,4,2025-08-20 23:25
D154,2237,N568,NGO,44,1,2,2025-08-18 11:25
D155,2580,N28,NGO,18,3,2,2025-08-20 09:09
D160,4340,O193,Orphanage,14,3,4,2025-08-11 15:41
D161,2535,O380,Orphanage,41,1,2,2025-08-21 12:44
D163,4344,N321,NGO,6,3,4,2025-08-26 17:39
D166,4991,O250,Orphanage,28,2,4,2025-08-17 14:09
D169,720,O148,Orphanage,18,3,0,2025-08-07 21:37
D178,2972,N756,NGO,28,1,2,2025-08-05 22:01
D179,1167,O524,Orphanage,42,3,1,2025-08-06 09:28
D185,3090,N810,NGO,18,3,3,2025-08-11 01:07
D205,1183,N288,NGO,6,2,1,2025-08-20 20:58
D212,4298,O637,Orphanage,27,1,4,2025-08-29 12:15
D213,531,N942,NGO,50,2,0,2025-08-27 01:48
D217,3306,O614,Orphanage,48,3,3,2025-08-21 03:03
D223,3216,N87,NGO,38,2,3,2025-08-04 04:20
D225,4544,N523,NGO,17,2,4,2025-07-29 19:16
D226,3477,N109,NGO,40,3,3,2025-08-18 04:49
D238,3208,O884,Orphanage,32,2,3,2025-08-03 19:26
D240,4551,O201,Orphanage,29,3,4,2025-08-08 11:28
D243,2704,O556,Orphanage,34,3,2,2025-08-19 10:12
D246,4686,O871,Orphanage,34,3,4,2025-08-17 13:16
D250,2793,N385,NGO,17,3,2,2025-08-01 13:04
D257,3035,N385,NGO,12,3,3,2025-08-13 02:12
D259,3607,N796,NGO,22,1,3,2025-08-28 13:18
D260,3935,N846,NGO,3,1,3,2025-07-31 13:37
D266,1801,O558,Orphanage,24,1,1,2025-08-02 13:06
D267,4076,N45,NGO,45,1,4,2025-08-23 10:39
D269,3494,O204,Orphanage,6,2,3,2025-08-26 04:28
D284,1847,O682,Orphanage,27,1,1,2025-08-05 10:41
D292,3415,N290,NGO,13,1,3,2025-08-16 09:12
D296,3248,O167,Orphanage,2,2,3,2025-08-04 09:56
D298,912,O109,Orphanage,32,1,0,2025-08-27 20:42
D300,3653,O87,Orphanage,22,3,3,2025-08-21 11:45
D308,4954,N847,NGO,41,1,4,2025-08-25 11:56
D312,2351,N305,NGO,32,2,2,2025-08-26 07:28
D320,1141,N918,NGO,31,2,1,2025-08-19 02:13
D323,3741,O699,Orphanage,24,1,3,2025-08-01 12:53
D333,4199,O221,Orphanage,41,1,4,2025-08-25 21:22
D343,3284,O417,Orphanage,13,1,3,2025-08-21 09:03
D345,4310,N752,NGO,5,3,4,2025-08-24 19:57
D351,4555,O459,Orphanage,3,3,4,2025-08-01 04:09
D354,3652,N308,NGO,24,3,3,2025-08-04 10:22
D368,2620,N129,NGO,9,1,2,2025-07-31 14:24
D369,3255,N669,NGO,41,2,3,2025-08-08 13:46
D371,746,N122,NGO,7,3,0,2025-08-13 05:51
D375,4246,N460,NGO,13,3,4,2025-08-20 10:17
D376,1439,N647,NGO,1,2,1,2025-08-13 02:52
D378,2798,O323,Orphanage,44,1,2,2025-08-25 03:16
D380,1469,N624,NGO,13,2,1,2025-08-14 14:21
D382,2439,O844,Orphanage,46,3,2,2025-08-23 21:16
D387,3694,N797,NGO,15,1,3,2025-08-19 07:07
D393,3008,N762,NGO,13,3,3,2025-08-16 08:24
D403,930,N526,NGO,21,3,0,2025-08-19 14:58
D408,2942,O841,Orphanage,7,2,2,2025-08-22 11:11
D409,824,N788,NGO,30,3,0,2025-08-18 08:04
D414,2155,O714,Orphanage,40,3,2,2025-08-20 14:28
D426,4361,O157,Orphanage,22,1,4,2025-08-23 08:22
D429,2858,N555,NGO,7,2,2,2025-08-21 15:27
D435,3377,N227,NGO,3,3,3,2025-08-19 06:59
D455,1498,O429,Orphanage,1,3,1,2025-08-22 16:00
D459,1283,N914,NGO,15,2,1,2025-08-10 07:37
D464,1003,O654,Orphanage,13,1,1,2025-08-22 03:55
D496,4597,N994,NGO,27,2,4,2025-08-01 22:39
D497,3456,O786,Orphanage,42,1,3,2025-08-23 07:45
D506,730,O27,Orphanage,4,1,0,2025-08-16 20:35
D510,3452,N40,NGO,5,3,3,2025-08-13 10:25
D514,2381,O41,Orphanage,43,2,2,2025-08-09 14:18
D519,3016,N86,NGO,33,3,3,2025-08-23 20:53
D522,4320,N407,NGO,8,2,4,2025-08-16 06:33
D523,3683,O842,Orphanage,30,3,3,2025-08-05 17:02
D526,4569,N310,NGO,45,3,4,2025-08-07 14:49
D529,2817,O576,Orphanage,8,3,2,2025-08-03 00:03
D532,4299,O216,Orphanage,20,2,4,2025-08-01 16:54
D538,795,O250,Orphanage,12,3,0,2025-07-31 04:13
D559,1809,O720,Orphanage,25,1,1,2025-08-12 07:53
D560,4393,N327,NGO,20,3,4,2025-08-08 09:37
D561,2350,O228,Orphanage,38,3,2,2025-08-11 18:58
D569,3499,N332,NGO,41,2,3,2025-08-17 04:44
D575,3902,O912,Orphanage,12,3,3,2025-08-11 16:41
D577,2423,N704,NGO,17,3,2,2025-08-02 19:56
D585,4685,N939,NGO,8,2,4,2025-07-31 09:23
D588,1775,O431,Orphanage,40,3,1,2025-07-31 12:26
D590,1606,N599,NGO,45,1,1,2025-08-23 19:28
D600,675,O22,Orphanage,23,2,0,2025-08-29 02:02
D607,4861,O431,Orphanage,32,1,4,2025-08-26 15:26
D623,2985,O501,Orphanage,48,1,2,2025-08-25 11:19
D625,797,O924,Orphanage,27,3,0,2025-08-27 07:52
D633,2001,N749,NGO,5,1,2,2025-08-02 22:53
D637,2227,N306,NGO,26,1,2,2025-08-11 23:44
D644,2682,O775,Orphanage,49,2,2,2025-08-17 21:51
D646,3643,N372,NGO,11,3,3,2025-08-22 17:29
D647,3367,N531,NGO,29,1,3,2025-08-20 08:23
D648,669,O625,Orphanage,18,3,0,2025-08-27 09:50
D652,4846,N66,NGO,10,3,4,2025-08-11 23:58
D659,4321,O996,Orphanage,17,2,4,2025-08-07 15:19
D660,2099,O545,Orphanage,19,2,2,2025-08-07 01:58
D664,3162,O715,Orphanage,9,1,3,2025-08-22 05:34
D667,1189,N279,NGO,2,1,1,2025-08-09 03:51
D669,1877,N909,NGO,33,2,1,2025-08-12 09:20
D678,2509,O740,Orphanage,6,3,2,2025-08-24 15:35
D680,1322,N856,NGO,20,3,1,2025-08-07 11:42
D686,2548,N518,NGO,13,1,2,2025-08-06 22:53
D687,995,O710,Orphanage,50,3,0,2025-08-12 04:25
D698,1267,O362,Orphanage,48,3,1,2025-07-31 20:52
D703,4276,O491,Orphanage,9,3,4,2025-08-07 09:05
D704,561,N967,NGO,19,1,0,2025-08-14 14:54
D714,529,O697,Orphanage,29,1,0,2025-08-26 19:14
D716,1003,N562,NGO,19,3,1,2025-08-27 22:14
D721,3155,O495,Orphanage,50,1,3,2025-08-07 04:17
D722,1015,N226,NGO,50,2,1,2025-08-22 08:37
D728,518,N345,NGO,29,2,0,2025-08-15 05:12
D734,1646,O281,Orphanage,24,1,1,2025-08-09 16:36
D742,984,N806,NGO,45,2,0,2025-08-24 11:50
D743,1933,O520,Orphanage,11,1,1,2025-08-28 23:27
D748,1055,N890,NGO,37,2,1,2025-08-06 21:01
D750,2292,N652,NGO,25,3,2,2025-08-07 08:41
D756,1646,O74,Orphanage,16,2,1,2025-08-11 20:57
D765,2746,N569,NGO,34,2,2,2025-08-06 22:15
D766,4709,N737,NGO,1,1,4,2025-08-12 04:36
D771,864,O82,Orphanage,50,2,0,2025-08-27 08:24
D782,2027,O492,Orphanage,46,2,2,2025-08-10 18:46
D786,1113,O533,Orphanage,11,2,1,2025-08-11 21:23
D789,2517,O367,Orphanage,22,1,2,2025-08-13 02:15
D791,2213,O738,Orphanage,6,1,2,2025-08-25 21:40
D792,3805,N117,NGO,42,3,3,2025-08-28 19:59
D804,4320,N745,NGO,39,3,4,2025-08-22 06:20
D814,3537,N980,NGO,46,3,3,2025-08-08 05:53
D818,841,O862,Orphanage,25,1,0,2025-08-27 14:51
D832,2440,N552,NGO,4,2,2,2025-08-26 09:23
D833,670,O156,Orphanage,7,2,0,2025-08-06 09:51
D834,2319,O478,Orphanage,25,3,2,2025-08-10 09:19
D843,1308,N178,NGO,31,3,1,2025-08-05 00:37
D851,4941,N437,NGO,15,2,4,2025-08-07 12:54
D853,1987,O311,Orphanage,16,2,1,2025-08-22 21:27
D857,4260,N451,NGO,13,3,4,2025-08-20 05:27
D858,4650,O516,Orphanage,37,1,4,2025-08-06 00:48
D860,3510,O751,Orphanage,46,1,3,2025-08-23 17:37
D862,2704,N940,NGO,3,1,2,2025-08-04 21:40
D866,4603,N166,NGO,2,3,4,2025-08-23 21:37
D867,2269,N886,NGO,17,1,2,2025-08-21 06:12
D871,4969,O522,Orphanage,6,1,4,2025-08-07 08:50
D874,3426,O203,Orphanage,39,1,3,2025-08-28 14:25
D881,1076,N845,NGO,35,1,1,2025-08-09 10:23
D887,2528,N436,NGO,33,1,2,2025-08-06 23:39
D891,1814,N654,NGO,36,3,1,2025-08-04 05:13
D901,3382,O432,Orphanage,47,1,3,2025-08-20 13:11
D906,1384,N815,NGO,25,2,1,2025-08-21 02:38
D914,3856,O644,Orphanage,9,1,3,2025-08-06 04:36
D924,4909,O411,Orphanage,13,1,4,2025-08-29 03:32
D932,2607,O830,Orphanage,35,2,2,2025-08-14 08:55
D939,4407,N716,NGO,12,2,4,2025-08-25 08:59
D942,2293,N177,NGO,4,1,2,2025-08-19 18:22
D944,2715,N982,NGO,47,1,2,2025-08-08 10:03
D960,4384,O647,Orphanage,1,1,4,2025-08-24 07:21
D961,2900,N624,NGO,20,3,2,2025-08-22 14:01
D971,689,N883,NGO,50,1,0,2025-08-08 14:38
D979,3896,O130,Orphanage,47,1,3,2025-08-01 06:46
D980,4997,N677,NGO,29,2,4,2025-08-02 16:04
D989,4757,N719,NGO,7,1,4,2025-07-30 07:20
D993,2468,O723,Orphanage,14,2,2,2025-07-31 14:27
D994,2904,N793,NGO,5,2,2,2025-08-25 09:31
D997,4431,O678,Orphanage,30,1,4,2025-08-16 06:28
D1000,4404,O353,Orphanage,16,3,4,2025-08-16 15:43
D1002,4545,N186,NGO,38,2,4,2025-08-20 17:49
D1004,1484,N751,NGO,5,1,1,2025-08-27 03:52
D1005,3989,N984,NGO,19,1,3,2025-08-29 16:59
D1007,1806,N600,NGO,30,1,1,2025-08-09 07:57
D1010,1695,O454,Orphanage,47,1,1,2025-08-28 12:19
D1016,3685,O691,Orphanage,23,1,3,2025-08-12 16:21
D1024,2873,O610,Orphanage,40,3,2,2025-08-28 17:24
D1040,2992,O612,Orphanage,12,1,2,2025-08-11 03:16
D1043,3878,O417,Orphanage,32,2,3,2025-08-11 07:09
D1045,3516,O266,Orphanage,44,1,3,2025-08-20 17:53
D1046,1212,O112,Orphanage,23,2,1,2025-08-17 06:42
D1049,2897,N717,NGO,8,1,2,2025-08-09 21:38
D1051,3855,O404,Orphanage,25,3,3,2025-08-18 14:49
D1055,1491,O410,Orphanage,50,1,1,2025-08-06 07:30
D1056,989,N660,NGO,15,2,0,2025-08-03 05:19
D1071,3046,O620,Orphanage,28,1,3,2025-08-28 21:13
D1076,4366,N129,NGO,37,1,4,2025-08-01 15:14
D1081,3850,N37,NGO,2,3,3,2025-08-11 15:31
D1086,4589,O599,Orphanage,2,1,4,2025-08-12 22:57
D1088,4531,N990,NGO,7,3,4,2025-08-25 10:12
D1090,2417,N252,NGO,45,3,2,2025-08-02 12:44
D1093,1572,O114,Orphanage,15,3,1,2025-08-10 08:14
D1105,3398,N300,NGO,28,2,3,2025-08-26 22:02
D1107,3974,O80,Orphanage,34,1,3,2025-08-29 00:04
D1110,1579,O943,Orphanage,49,2,1,2025-08-17 21:57
D1115,4261,N789,NGO,47,1,4,2025-08-06 22:43
D1118,3002,N734,NGO,16,1,3,2025-08-16 04:58
D1120,1059,O334,Orphanage,38,1,1,2025-08-15 23:20
D1126,723,O671,Orphanage,11,2,0,2025-08-21 08:36
D1130,3591,N576,NGO,6,1,3,2025-08-03 18:19
D1135,3670,N121,NGO,10,1,3,2025-08-27 05:56
D1142,3058,N80,NGO,47,2,3,2025-08-01 05:45
D1158,1453,O894,Orphanage,16,1,1,2025-08-04 08:22
D1160,3069,N561,NGO,49,3,3,2025-08-05 05:39
D1169,1066,O24,Orphanage,3,3,1,2025-08-15 17:45
D1175,4472,O591,Orphanage,21,3,4,2025-08-01 17:58
D1177,2213,O999,Orphanage,42,1,2,2025-08-17 01:02
D1178,2958,N851,NGO,12,1,2,2025-08-25 20:14
D1181,4784,O261,Orphanage,30,3,4,2025-08-21 02:04
D1191,4915,N925,NGO,42,1,4,2025-08-08 10:58
D1192,2850,O167,Orphanage,4,2,2,2025-08-08 09:20
D1198,3896,O299,Orphanage,34,2,3,2025-08-17 06:00
D1200,1330,N966,NGO,35,2,1,2025-08-25 02:08
D1202,3554,N633,NGO,4,2,3,2025-08-26 20:54
D1211,4931,N394,NGO,7,3,4,2025-08-19 00:51
D1214,4657,O859,Orphanage,35,1,4,2025-08-09 23:56
D1216,3505,N89,NGO,26,3,3,2025-08-08 12:12
D1224,4319,O338,Orphanage,17,2,4,2025-08-17 08:15
D1228,3859,O157,Orphanage,11,1,3,2025-08-05 05:06
D1233,1389,N185,NGO,10,1,1,2025-08-11 18:28
D1234,3731,O136,Orphanage,42,3,3,2025-08-15 15:27
D1238,745,O718,Orphanage,23,1,0,2025-08-20 19:28
D1243,4199,N610,NGO,23,3,4,2025-07-30 16:36
D1245,3591,N451,NGO,27,3,3,2025-08-22 10:36
D1253,635,N11,NGO,43,3,0,2025-08-23 15:26
D1256,2665,N818,NGO,5,3,2,2025-08-09 08:15
D1257,3356,O561,Orphanage,20,1,3,2025-08-26 19:20
D1259,620,N861,NGO,45,2,0,2025-07-29 20:09
D1262,1516,O651,Orphanage,11,2,1,2025-08-09 23:45
D1267,4947,N254,NGO,2,3,4,2025-08-09 20:09
D1277,1278,O834,Orphanage,17,2,1,2025-08-20 14:43
D1280,1711,N127,NGO,4,1,1,2025-08-26 04:18
D1281,3930,N263,NGO,24,3,3,2025-08-13 10:18
D1283,4774,N361,NGO,28,3,4,2025-07-31 20:50
D1293,1608,O932,Orphanage,23,1,1,2025-08-16 17:47
D1301,741,N386,NGO,46,3,0,2025-08-22 04:33
D1302,3577,N667,NGO,32,3,3,2025-08-25 10:09
D1304,2398,O259,Orphanage,3,3,2,2025-07-31 02:16
D1308,1285,N912,NGO,14,2,1,2025-08-02 22:13
D1315,1715,O404,Orphanage,44,1,1,2025-08-11 16:29
D1327,4091,N277,NGO,17,3,4,2025-08-17 15:18
D1338,4664,O970,Orphanage,42,3,4,2025-08-16 12:59
D1342,1802,N368,NGO,41,2,1,2025-08-28 01:24
D1347,3136,N162,NGO,6,2,3,2025-08-07 06:55
D1354,2451,O69,Orphanage,3,1,2,2025-08-20 15:09
D1360,3760,N367,NGO,14,1,3,2025-08-03 08:18
D1374,2076,O254,Orphanage,24,2,2,2025-08-06 07:40
D1384,4909,O923,Orphanage,48,3,4,2025-08-08 01:28
D1387,2986,O423,Orphanage,39,3,2,2025-08-14 04:12
D1392,4160,O537,Orphanage,15,3,4,2025-08-11 11:23
D1396,865,O672,Orphanage,3,2,0,2025-07-31 09:40
D1403,1576,N513,NGO,18,3,1,2025-08-09 08:46
D1405,2765,O962,Orphanage,42,2,2,2025-08-21 12:47
D1406,3736,N352,NGO,36,1,3,2025-08-16 15:52
D1408,2043,N678,NGO,43,2,2,2025-08-04 02:10
D1409,798,N847,NGO,31,1,0,2025-08-28 21:32
D1416,3960,N524,NGO,6,2,3,2025-08-27 05:10
D1425,3508,N868,NGO,8,1,3,2025-08-18 16:02
D1426,3928,O433,Orphanage,18,2,3,2025-08-27 00:26
D1430,4337,O781,Orphanage,39,2,4,2025-08-24 14:59
D1431,2280,N493,NGO,40,3,2,2025-08-04 03:17
D1434,2949,O152,Orphanage,23,2,2,2025-08-22 16:43
D1436,3941,O135,Orphanage,24,3,3,2025-08-06 20:09
D1441,3276,O615,Orphanage,25,2,3,2025-08-14 02:36
D1450,2594,O331,Orphanage,37,2,2,2025-08-27 05:22
D1451,1232,O427,Orphanage,46,3,1,2025-08-16 01:21
D1453,4548,N749,NGO,6,2,4,2025-08-13 12:10
D1455,3918,N583,NGO,46,3,3,2025-08-15 18:06
D1457,3633,O84,Orphanage,6,3,3,2025-07-31 22:30
D1463,803,N917,NGO,34,3,0,2025-08-24 21:41
D1466,574,O726,Orphanage,45,2,0,2025-08-27 15:23
D1488,2272,O581,Orphanage,32,1,2,2025-08-01 03:36
D1499,2961,O805,Orphanage,7,1,2,2025-08-20 03:51
D1509,2116,N910,NGO,10,1,2,2025-08-14 19:36
D1521,2753,N645,NGO,14,1,2,2025-08-04 03:24
D1527,898,N484,NGO,12,1,0,2025-08-28 13:26
D1532,3329,O102,Orphanage,35,1,3,2025-08-29 03:15
D1536,3123,N427,NGO,41,1,3,2025-08-10 18:51
D1537,2589,O415,Orphanage,18,2,2,2025-08-14 05:29
D1543,660,O553,Orphanage,7,3,0,2025-08-08 05:47
D1544,1081,O971,Orphanage,17,3,1,2025-08-17 11:05
D1552,2153,N92,NGO,26,3,2,2025-08-07 17:31
D1557,3845,O894,Orphanage,47,1,3,2025-08-08 01:25
D1558,2156,N192,NGO,42,2,2,2025-08-09 00:35
D1562,3000,N145,NGO,23,1,3,2025-08-19 09:46
D1565,2931,N108,NGO,49,3,2,2025-08-26 06:54
D1566,3188,N771,NGO,48,1,3,2025-08-14 15:00
D1573,4602,N786,NGO,15,2,4,2025-08-17 00:26
D1577,3806,N405,NGO,39,1,3,2025-08-05 03:47
D1580,3226,N838,NGO,46,1,3,2025-08-08 09:59
D1585,1472,N355,NGO,50,3,1,2025-08-04 15:44
D1592,2975,N20,NGO,14,3,2,2025-08-16 02:56
D1595,3077,N647,NGO,31,3,3,2025-08-21 01:24
D1599,4677,O513,Orphanage,48,3,4,2025-08-13 15:25
D1601,946,O854,Orphanage,36,3,0,2025-07-29 19:45
D1603,4879,N907,NGO,29,1,4,2025-08-27 15:06
D1606,1347,N186,NGO,18,2,1,2025-08-27 13:07
D1610,4095,N67,NGO,15,1,4,2025-08-17 07:22
D1615,2217,O510,Orphanage,41,2,2,2025-08-09 12:20
D1617,1423,N626,NGO,49,3,1,2025-08-03 17:49
D1624,1213,N542,NGO,38,2,1,2025-08-24 04:59
D1626,3089,O520,Orphanage,31,1,3,2025-08-16 05:49
D1630,3180,O744,Orphanage,38,2,3,2025-08-06 21:29
D1637,3672,O511,Orphanage,11,3,3,2025-08-10 17:23
D1641,1703,O443,Orphanage,15,1,1,2025-08-17 11:09
D1646,3313,N100,NGO,21,2,3,2025-08-13 12:45
D1651,3235,O772,Orphanage,14,2,3,2025-08-28 10:30
D1668,1678,O358,Orphanage,32,3,1,2025-08-10 14:07
D1679,1928,O734,Orphanage,21,1,1,2025-08-23 12:34
D1680,3984,N916,NGO,4,3,3,2025-08-05 08:40
D1685,2267,O898,Orphanage,19,3,2,2025-08-14 10:26
D1693,3630,N12,NGO,16,2,3,2025-08-16 22:03
D1694,2053,N346,NGO,14,2,2,2025-08-08 17:23
D1695,712,O876,Orphanage,13,3,0,2025-08-21 23:46
D1696,1323,O999,Orphanage,10,3,1,2025-08-28 05:11
D1698,4493,O257,Orphanage,44,2,4,2025-08-10 01:04
D1701,2202,N741,NGO,27,1,2,2025-08-13 12:34
D1707,1261,O920,Orphanage,30,3,1,2025-08-10 18:48
D1711,1841,N157,NGO,32,1,1,2025-08-09 00:12
D1712,2547,O676,Orphanage,21,3,2,2025-07-30 16:06
D1717,3851,O389,Orphanage,40,2,3,2025-08-01 06:57
D1718,1669,N294,NGO,45,3,1,2025-08-04 02:11
D1722,794,N851,NGO,1,2,0,2025-08-26 19:57
D1724,1219,O322,Orphanage,7,3,1,2025-07-31 13:30
D1742,2989,N697,NGO,28,1,2,2025-08-09 09:28
D1751,4450,N686,NGO,34,2,4,2025-08-01 23:05
D1755,2602,N860,NGO,26,3,2,2025-08-28 09:15
D1764,4823,O886,Orphanage,20,1,4,2025-08-06 16:53
D1772,3786,N995,NGO,39,3,3,2025-07-31 13:37
D1775,1073,O743,Orphanage,19,1,1,2025-08-17 01:47
D1776,4441,N367,NGO,30,2,4,2025-07-30 05:49
D1778,3333,N462,NGO,17,3,3,2025-08-14 23:44
D1781,1035,N495,NGO,49,1,1,2025-07-31 10:08
D1785,1909,O541,Orphanage,44,1,1,2025-08-24 17:15
D1789,3647,N15,NGO,28,1,3,2025-08-26 17:42
D1797,1962,O832,Orphanage,38,2,1,2025-08-27 05:24
D1799,4244,O285,Orphanage,2,3,4,2025-08-26 00:43
D1800,4084,N561,NGO,20,2,4,2025-08-19 07:47
D1801,3390,N706,NGO,31,1,3,2025-08-12 15:46
D1815,2566,O33,Orphanage,29,1,2,2025-08-01 04:55
D1817,679,N785,NGO,42,1,0,2025-08-15 15:13
D1825,4603,O136,Orphanage,18,1,4,2025-08-07 14:30
D1834,3346,O26,Orphanage,4,2,3,2025-08-20 10:19
D1836,4365,N654,NGO,50,1,4,2025-08-13 22:46
D1838,867,O689,Orphanage,36,1,0,2025-08-19 07:06
D1839,3391,O792,Orphanage,31,3,3,2025-08-16 07:03
D1842,3278,O344,Orphanage,33,3,3,2025-08-10 07:14
D1847,2461,O259,Orphanage,16,2,2,2025-08-15 20:37
D1848,1313,O173,Orphanage,21,1,1,2025-08-21 11:21
D1851,4584,O791,Orphanage,29,1,4,2025-08-19 04:06
D1857,4711,O64,Orphanage,17,3,4,2025-08-13 20:52
D1860,3781,O305,Orphanage,33,3,3,2025-08-17 07:57
D1863,3327,N971,NGO,40,1,3,2025-08-28 19:07
D1867,920,N883,NGO,29,1,0,2025-08-11 13:25
D1886,657,N66,NGO,15,3,0,2025-08-03 19:13
D1890,4814,O347,Orphanage,37,1,4,2025-08-23 10:19
D1893,3080,O395,Orphanage,9,2,3,2025-08-28 12:55
D1908,1725,N114,NGO,47,1,1,2025-08-05 00:10
D1927,1465,N244,NGO,40,3,1,2025-08-27 19:58
D1929,1809,O153,Orphanage,45,2,1,2025-08-13 19:02
D1934,783,O939,Orphanage,26,2,0,2025-08-10 10:00
D1939,2518,O487,Orphanage,49,1,2,2025-08-21 01:45
D1945,2057,N922,NGO,32,2,2,2025-08-02 17:19
D1948,2600,N214,NGO,2,1,2,2025-08-15 10:23
D1949,4029,O371,Orphanage,35,1,4,2025-08-17 21:26
D1956,4739,O191,Orphanage,13,3,4,2025-07-30 12:53
D1966,2098,O753,Orphanage,22,1,2,2025-08-04 07:26
D1969,4677,N393,NGO,30,2,4,2025-08-26 20:49
D1976,3746,N180,NGO,50,2,3,2025-08-23 17:31
D1978,2240,O330,Orphanage,20,3,2,2025-08-25 17:38
D1981,3504,O966,Orphanage,15,1,3,2025-08-05 07:53
D1985,1717,N233,NGO,48,1,1,2025-08-26 14:21
D1994,4268,N510,NGO,4,1,4,2025-07-30 08:22
D2000,3423,N535,NGO,8,3,3,2025-08-28 21:14
D2006,3524,N812,NGO,21,1,3,2025-08-02 19:03
D2012,4958,N595,NGO,23,3,4,2025-08-29 05:09
D2014,3662,O254,Orphanage,23,2,3,2025-07-31 16:17
D2020,1979,N515,NGO,34,2,1,2025-08-21 14:05
D2023,1087,N999,NGO,16,1,1,2025-08-20 19:15
D2026,854,O621,Orphanage,42,1,0,2025-08-14 17:28
D2029,4316,O332,Orphanage,29,3,4,2025-08-26 16:48
D2038,3039,O410,Orphanage,33,1,3,2025-08-04 23:17
D2042,529,N28,NGO,1,3,0,2025-08-16 05:22
D2055,1707,O506,Orphanage,39,2,1,2025-08-03 13:46
D2059,4876,O88,Orphanage,32,3,4,2025-08-09 09:07
D2072,3043,O894,Orphanage,43,2,3,2025-08-18 00:34
D2073,4691,O633,Orphanage,32,3,4,2025-08-05 13:53
D2076,1390,O86,Orphanage,36,2,1,2025-08-23 07:23
D2078,1011,O134,Orphanage,32,1,1,2025-08-02 21:19
D2079,4925,N441,NGO,13,1,4,2025-08-17 07:40
D2087,4759,N465,NGO,28,1,4,2025-08-18 18:08
D2088,2856,N861,NGO,11,2,2,2025-08-04 04:38
D2092,3293,N981,NGO,31,3,3,2025-08-14 12:46
D2097,2140,O453,Orphanage,26,2,2,2025-08-17 19:21
D2099,1471,O363,Orphanage,22,1,1,2025-08-08 13:40
D2101,3945,N941,NGO,44,1,3,2025-08-29 08:35
D2102,1836,N174,NGO,42,3,1,2025-08-26 05:29
D2104,2443,O334,Orphanage,11,3,2,2025-08-17 00:04
D2108,3957,N973,NGO,22,1,3,2025-08-16 16:40
D2110,2567,O843,Orphanage,47,1,2,2025-08-05 07:44
D2115,3649,O275,Orphanage,5,3,3,2025-08-06 08:45
D2118,1957,O706,Orphanage,44,3,1,2025-07-31 17:38
D2121,4056,O623,Orphanage,22,1,4,2025-08-18 12:08
D2122,1298,N141,NGO,2,1,1,2025-08-11 01:38
D2126,1401,O226,Orphanage,44,1,1,2025-08-11 14:50
D2127,3010,O263,Orphanage,25,3,3,2025-07-31 22:10
D2128,2308,O610,Orphanage,18,2,2,2025-08-15 07:07
D2129,4281,N332,NGO,25,3,4,2025-08-24 13:58
D2137,4143,O168,Orphanage,13,2,4,2025-07-30 00:42
D2139,3722,N996,NGO,31,3,3,2025-08-14 21:04
D2146,1267,N774,NGO,49,1,1,2025-08-07 23:51
D2151,1146,N569,NGO,50,2,1,2025-08-15 09:38
D2158,1687,N414,NGO,38,1,1,2025-08-08 08:45
D2159,2894,O776,Orphanage,28,2,2,2025-08-18 08:39
D2186,4431,N724,NGO,36,1,4,2025-08-08 13:12
D2190,1042,N138,NGO,3,2,1,2025-08-07 10:54
D2191,2345,N433,NGO,44,3,2,2025-08-13 20:35
D2202,3438,N639,NGO,45,1,3,2025-08-24 16:32
D2206,4333,N949,NGO,8,2,4,2025-08-05 01:18
D2208,2114,O94,Orphanage,10,2,2,2025-08-17 09:32
D2213,4099,O122,Orphanage,34,3,4,2025-08-22 05:54
D2218,2713,N948,NGO,40,3,2,2025-08-21 15:59
D2223,3798,O423,Orphanage,11,3,3,2025-08-03 12:35
D2224,1268,O582,Orphanage,17,3,1,2025-08-23 23:15
D2228,1955,O106,Orphanage,1,3,1,2025-08-28 01:20
D2233,3142,O645,Orphanage,32,1,3,2025-08-22 21:09
D2238,926,N838,NGO,2,2,0,2025-08-21 15:44
D2247,708,O679,Orphanage,18,3,0,2025-08-16 05:13
D2255,927,O19,Orphanage,9,2,0,2025-08-29 03:16
D2265,1168,O190,Orphanage,30,3,1,2025-07-31 16:37
D2268,3911,O927,Orphanage,4,1,3,2025-08-23 04:07
D2270,3085,N899,NGO,29,3,3,2025-08-05 03:04
D2274,3916,O927,Orphanage,49,1,3,2025-08-16 03:43
D2279,1484,O946,Orphanage,16,1,1,2025-08-21 19:17
D2290,2934,N827,NGO,10,2,2,2025-08-11 15:09
D2294,1608,N550,NGO,33,2,1,2025-08-08 15:23
D2297,2329,O523,Orphanage,26,3,2,2025-08-28 14:49
D2317,1910,N218,NGO,39,2,1,2025-08-19 21:11
D2322,4483,O367,Orphanage,30,1,4,2025-08-24 20:55
D2325,1257,N39,NGO,23,3,1,2025-08-25 17:27
D2330,2315,N892,NGO,41,3,2,2025-07-30 20:12
D2339,760,O443,Orphanage,3,2,0,2025-08-24 22:56
D2360,2630,N351,NGO,1,3,2,2025-07-31 02:44
D2374,666,N528,NGO,22,3,0,2025-08-04 21:54
D2387,583,N857,NGO,44,1,0,2025-08-20 02:23
D2395,4902,O476,Orphanage,29,1,4,2025-08-12 01:03
D2398,1664,O147,Orphanage,10,1,1,2025-08-28 06:21
D2400,1332,O286,Orphanage,22,3,1,2025-08-06 09:55
D2401,2747,N38,NGO,19,1,2,2025-08-03 08:32
D2409,3156,N872,NGO,34,1,3,2025-07-30 17:41
D2429,4672,O898,Orphanage,49,3,4,2025-07-31 09:12
D2438,1381,O651,Orphanage,5,3,1,2025-08-01 00:47
D2440,4481,O318,Orphanage,22,1,4,2025-08-10 00:12
D2450,3912,O320,Orphanage,50,1,3,2025-08-27 14:15
D2454,639,N534,NGO,49,3,0,2025-08-24 04:53
D2456,2012,N396,NGO,48,2,2,2025-08-21 13:10
D2458,1059,O589,Orphanage,36,3,1,2025-08-05 18:56
D2460,4455,N784,NGO,50,3,4,2025-08-01 00:48
D2461,2665,N469,NGO,19,2,2,2025-08-25 04:42
D2464,2258,O72,Orphanage,45,3,2,2025-08-05 01:01
D2465,522,O404,Orphanage,28,3,0,2025-08-07 14:45
D2477,1140,O308,Orphanage,20,1,1,2025-08-29 15:32
D2482,648,N385,NGO,20,2,0,2025-08-02 13:02
D2485,3097,O159,Orphanage,20,1,3,2025-08-12 13:20
D2493,3131,N499,NGO,40,1,3,2025-08-11 17:09
D2496,1701,O935,Orphanage,18,3,1,2025-08-27 13:08
D2497,1455,O25,Orphanage,23,3,1,2025-08-08 11:06
D2499,4279,O818,Orphanage,34,1,4,2025-07-30 13:08
D2512,3224,O252,Orphanage,40,2,3,2025-08-22 00:15
D2517,4402,N503,NGO,35,3,4,2025-08-21 09:42
D2520,2863,N710,NGO,28,1,2,2025-08-07 19:57
D2532,2601,O395,Orphanage,36,3,2,2025-08-21 02:48
D2544,2797,O660,Orphanage,42,2,2,2025-08-08 23:14
D2562,3531,N322,NGO,8,2,3,2025-08-25 12:29
D2571,4799,O933,Orphanage,11,3,4,2025-08-19 20:43
D2579,1917,O732,Orphanage,36,2,1,2025-08-04 17:28
D2587,2262,O959,Orphanage,46,1,2,2025-08-19 18:19
D2591,4422,O469,Orphanage,3,1,4,2025-08-22 07:17
D2592,649,N278,NGO,39,2,0,2025-08-08 06:19
D2601,1352,N126,NGO,3,3,1,2025-07-29 22:46
D2602,3386,O955,Orphanage,37,3,3,2025-08-19 13:21
D2603,3050,O332,Orphanage,41,3,3,2025-08-06 19:38
D2605,4116,O952,Orphanage,13,3,4,2025-08-19 19:15
D2607,4118,N212,NGO,4,3,4,2025-08-25 00:55
D2616,4289,O498,Orphanage,27,1,4,2025-08-23 04:34
D2626,4954,N164,NGO,32,2,4,2025-08-07 07:38
D2628,3465,N754,NGO,8,2,3,2025-08-24 00:39
D2647,4397,O528,Orphanage,35,1,4,2025-07-31 09:05
D2648,2427,O462,Orphanage,19,2,2,2025-08-24 20:32
D2651,844,O248,Orphanage,17,2,0,2025-08-22 14:47
D2655,2299,N114,NGO,28,3,2,2025-07-29 23:05
D2665,3321,N202,NGO,2,1,3,2025-08-21 09:20
D2672,1296,O722,Orphanage,8,1,1,2025-08-14 13:45
D2673,1409,N760,NGO,38,2,1,2025-08-22 07:56
D2679,2245,N940,NGO,30,2,2,2025-08-12 16:44
D2689,3276,N983,NGO,2,2,3,2025-07-30 23:41
D2697,1852,O643,Orphanage,7,1,1,2025-08-13 12:59
D2699,1140,N88,NGO,47,1,1,2025-08-20 11:36
D2705,2143,N810,NGO,32,1,2,2025-08-17 22:31
D2710,2372,O236,Orphanage,1,2,2,2025-08-09 17:57
D2719,1667,O341,Orphanage,23,3,1,2025-08-20 13:56
D2724,4916,N397,NGO,2,3,4,2025-08-06 20:25
D2752,673,N758,NGO,22,1,0,2025-08-19 20:08
D2754,1155,O898,Orphanage,2,2,1,2025-08-26 20:05
D2759,4042,O665,Orphanage,8,2,4,2025-08-08 21:00
D2768,3792,O867,Orphanage,33,1,3,2025-08-05 22:40
D2771,4416,O360,Orphanage,22,1,4,2025-08-11 02:42
D2783,3993,O882,Orphanage,7,2,3,2025-08-16 17:41
D2787,3870,O191,Orphanage,14,3,3,2025-08-09 12:20
D2790,640,O678,Orphanage,36,2,0,2025-08-19 08:07
D2797,4908,N153,NGO,9,1,4,2025-08-18 18:20
D2798,4736,O637,Orphanage,41,1,4,2025-08-10 19:30
D2799,822,O630,Orphanage,30,1,0,2025-08-08 00:56
D2801,4867,O441,Orphanage,42,2,4,2025-08-20 02:30
D2802,1068,O480,Orphanage,17,3,1,2025-08-16 03:34
D2806,4065,N205,NGO,15,3,4,2025-07-31 13:21
D2807,4285,O672,Orphanage,36,3,4,2025-08-12 12:29
D2817,2817,O817,Orphanage,5,2,2,2025-08-26 02:58
D2826,1388,N169,NGO,24,2,1,2025-08-28 08:09
D2827,4784,O182,Orphanage,50,2,4,2025-08-20 18:48
D2832,4228,O608,Orphanage,12,3,4,2025-08-11 05:46
D2834,2827,N220,NGO,32,3,2,2025-08-19 17:30
D2835,3753,O327,Orphanage,34,1,3,2025-08-21 07:17
D2855,4833,N204,NGO,9,3,4,2025-08-25 07:35
D2859,1681,O660,Orphanage,34,3,1,2025-08-19 00:29
D2860,1908,N906,NGO,14,1,1,2025-08-24 03:25
D2868,1230,O644,Orphanage,46,1,1,2025-08-18 21:47
D2870,4704,N131,NGO,29,1,4,2025-07-31 22:04
D2881,2886,N843,NGO,30,2,2,2025-08-05 03:22
D2888,1354,N851,NGO,43,2,1,2025-08-24 21:50
D2891,4967,O29,Orphanage,46,3,4,2025-08-14 10:52
D2898,625,N197,NGO,32,2,0,2025-08-04 08:32
D2913,3348,O354,Orphanage,33,3,3,2025-08-27 14:23
D2918,3557,O385,Orphanage,28,3,3,2025-08-15 09:28
D2920,4557,O978,Orphanage,31,2,4,2025-08-04 20:44
D2922,3342,O513,Orphanage,1,1,3,2025-08-17 15:37
D2924,1894,O345,Orphanage,22,2,1,2025-08-01 04:53
D2936,2167,N888,NGO,25,3,2,2025-08-15 17:22
D2945,1285,O995,Orphanage,13,3,1,2025-08-16 19:48
D2949,4762,O760,Orphanage,44,1,4,2025-08-26 02:29
D2955,3447,N197,NGO,23,2,3,2025-08-20 17:08
D2957,615,O136,Orphanage,24,2,0,2025-08-07 19:29
D2962,2708,N59,NGO,45,1,2,2025-08-15 02:56
D2967,4069,N648,NGO,10,1,4,2025-08-10 10:43
D2970,2857,O142,Orphanage,14,1,2,2025-08-01 09:52
D2972,3005,O604,Orphanage,10,3,3,2025-08-26 05:05
D2973,2213,N873,NGO,3,3,2,2025-08-07 23:01
D2982,3310,O310,Orphanage,34,3,3,2025-08-05 06:12
D2993,4741,O349,Orphanage,31,3,4,2025-08-23 10:03
D2998,3395,N158,NGO,35,2,3,2025-08-23 23:08
D3001,4131,N31,NGO,8,2,4,2025-08-04 12:54
D3002,661,O97,Orphanage,4,3,0,2025-08-15 14:24
D3016,755,O68,Orphanage,19,2,0,2025-08-09 06:56
D3019,2583,N384,NGO,7,3,2,2025-08-09 12:34
D3020,568,N849,NGO,50,2,0,2025-07-31 11:50
D3027,3040,O734,Orphanage,40,2,3,2025-08-11 22:22
D3042,2870,N829,NGO,20,2,2,2025-08-08 03:43
D3047,4546,O49,Orphanage,5,3,4,2025-08-25 02:52
D3048,3771,O287,Orphanage,18,2,3,2025-08-18 05:55
D3052,4493,N904,NGO,37,2,4,2025-08-12 21:41
D3054,4363,O300,Orphanage,25,3,4,2025-08-01 11:03
D3061,4995,N383,NGO,23,2,4,2025-08-23 16:28
D3081,598,N56,NGO,8,3,0,2025-08-27 02:33
D3095,1329,N233,NGO,21,3,1,2025-07-31 19:51
D3101,4878,N640,NGO,18,2,4,2025-08-20 16:01
D3108,4918,O704,Orphanage,7,3,4,2025-08-11 16:18
D3109,1153,N743,NGO,49,2,1,2025-08-26 08:03
D3126,3759,O409,Orphanage,37,2,3,2025-08-11 13:09
D3130,4279,N846,NGO,29,3,4,2025-08-25 05:11
D3134,1560,O674,Orphanage,27,1,1,2025-08-01 15:04
D3144,4750,N475,NGO,3,1,4,2025-08-05 18:54
D3150,3425,O78,Orphanage,1,1,3,2025-08-06 08:09
D3154,3078,N826,NGO,15,2,3,2025-08-24 22:08
D3158,1365,O282,Orphanage,24,3,1,2025-08-22 06:28
D3164,3347,N409,NGO,42,3,3,2025-08-13 22:52
D3178,3249,O578,Orphanage,13,1,3,2025-08-27 21:21
D3179,1316,O68,Orphanage,3,1,1,2025-08-04 07:59
D3192,2161,N756,NGO,36,2,2,2025-08-10 00:36
D3193,694,O40,Orphanage,18,1,0,2025-08-01 03:24
D3198,4358,N646,NGO,8,2,4,2025-08-17 18:16
D3202,4810,O995,Orphanage,49,3,4,2025-08-08 22:45
D3204,3598,O266,Orphanage,38,3,3,2025-08-24 03:34
D3208,1929,O360,Orphanage,22,3,1,2025-08-26 22:02
D3209,2314,N26,NGO,40,3,2,2025-08-18 15:24
D3210,3984,N365,NGO,30,1,3,2025-08-14 20:33
D3221,3888,N155,NGO,12,2,3,2025-08-26 09:44
D3224,4661,O479,Orphanage,33,2,4,2025-08-13 16:40
D3227,1250,O277,Orphanage,41,2,1,2025-08-09 12:53
D3230,1206,N345,NGO,48,2,1,2025-08-16 08:39
D3232,4040,O421,Orphanage,25,3,4,2025-08-25 09:20
D3235,2991,O327,Orphanage,36,1,2,2025-08-11 14:01
D3236,1294,N317,NGO,24,2,1,2025-08-21 11:18
D3240,4587,N995,NGO,16,3,4,2025-08-13 06:48
D3243,3450,N49,NGO,7,2,3,2025-08-25 19:29
D3244,3149,N541,NGO,25,3,3,2025-07-30 16:08
D3248,2114,N658,NGO,10,1,2,2025-08-24 22:44
D3249,4489,N885,NGO,19,1,4,2025-08-13 05:59
D3250,616,N435,NGO,43,2,0,2025-08-25 20:26
D3252,4755,O182,Orphanage,6,2,4,2025-08-24 15:43
D3256,2619,N287,NGO,41,3,2,2025-08-18 00:27
D3259,4987,O159,Orphanage,20,3,4,2025-08-12 16:22
D3262,1036,N611,NGO,29,3,1,2025-07-31 16:24
D3266,4285,O893,Orphanage,8,3,4,2025-08-10 20:45
D3273,2646,O102,Orphanage,24,1,2,2025-08-01 06:34
D3277,3820,N315,NGO,44,2,3,2025-08-03 22:44
D3284,4196,N625,NGO,17,3,4,2025-08-03 16:23
D3285,858,O956,Orphanage,41,2,0,2025-08-15 04:35
D3287,1422,O163,Orphanage,23,3,1,2025-08-28 16:59
D3301,4000,O948,Orphanage,7,2,4,2025-08-16 19:52
D3321,4166,O309,Orphanage,18,1,4,2025-08-27 00:33
D3328,3047,O724,Orphanage,42,2,3,2025-08-07 07:04
D3332,2805,O344,Orphanage,33,3,2,2025-08-22 23:04
D3334,4963,N49,NGO,42,2,4,2025-08-25 13:40
D3338,1702,O774,Orphanage,20,2,1,2025-08-27 04:09
D3339,2330,N520,NGO,49,1,2,2025-08-24 17:37
D3342,3989,O817,Orphanage,18,2,3,2025-08-18 19:57
D3343,1780,N847,NGO,15,3,1,2025-08-07 03:41
D3371,2120,O647,Orphanage,13,2,2,2025-08-20 07:04
D3375,1794,N788,NGO,4,1,1,2025-08-08 07:37
D3384,1768,N927,NGO,47,1,1,2025-08-21 18:25
D3393,4425,O343,Orphanage,2,3,4,2025-08-01 23:14
D3394,3531,O669,Orphanage,27,1,3,2025-08-26 05:24
D3396,4910,O823,Orphanage,29,3,4,2025-08-20 18:42
D3400,3725,O224,Orphanage,6,1,3,2025-08-16 23:22
D3401,4003,O775,Orphanage,10,1,4,2025-08-12 21:16
D3410,4664,N290,NGO,36,3,4,2025-08-27 20:10
D3412,918,O498,Orphanage,3,2,0,2025-08-01 06:36
D3416,1403,N817,NGO,13,2,1,2025-08-01 08:00
D3426,1893,N442,NGO,23,1,1,2025-08-27 09:25
D3434,2022,N745,NGO,26,1,2,2025-08-23 04:18
D3440,4325,O561,Orphanage,5,1,4,2025-08-21 11:58
D3449,1508,O41,Orphanage,37,2,1,2025-07-30 21:06
D3457,3017,N112,NGO,11,3,3,2025-08-21 15:55
D3469,4913,N851,NGO,42,1,4,2025-08-09 15:06
D3471,4337,N515,NGO,49,1,4,2025-08-01 13:01
D3472,3780,N746,NGO,25,2,3,2025-08-05 21:20
D3474,2678,N990,NGO,43,1,2,2025-08-27 08:48
D3480,3833,N344,NGO,1,2,3,2025-08-12 03:29
D3481,4967,N662,NGO,33,2,4,2025-08-13 22:39
D3488,3648,N421,NGO,15,2,3,2025-08-25 09:07
D3490,2291,N551,NGO,35,3,2,2025-08-27 18:01
D3492,3253,O220,Orphanage,46,1,3,2025-08-03 04:33
D3494,1082,O203,Orphanage,27,3,1,2025-08-10 18:27
D3496,1003,N786,NGO,31,1,1,2025-08-18 23:14
D3497,1202,O794,Orphanage,8,2,1,2025-08-27 02:40
D3505,2682,O700,Orphanage,37,2,2,2025-08-09 19:09
D3510,1199,N196,NGO,5,3,1,2025-08-24 00:07
D3513,934,O557,Orphanage,7,3,0,2025-08-15 17:30
D3517,4073,N948,NGO,8,2,4,2025-08-13 14:23
D3520,2477,O980,Orphanage,50,1,2,2025-08-03 23:14
D3522,2613,O999,Orphanage,12,1,2,2025-08-11 06:46
D3527,4772,O998,Orphanage,26,3,4,2025-08-18 16:57
D3528,668,O666,Orphanage,10,1,0,2025-08-26 23:34
D3531,1877,N745,NGO,38,3,1,2025-08-26 05:50
D3532,4218,N845,NGO,50,3,4,2025-08-19 06:13
D3534,2100,N183,NGO,17,2,2,2025-07-31 22:59
D3541,1154,N998,NGO,35,2,1,2025-08-22 12:40
D3543,760,O164,Orphanage,48,3,0,2025-08-24 03:26
D3547,2803,O903,Orphanage,6,3,2,2025-08-23 19:11
D3550,2789,N13,NGO,1,1,2,2025-08-28 02:26
D3556,3520,N39,NGO,27,2,3,2025-08-17 21:23
D3569,4643,N100,NGO,5,2,4,2025-08-15 08:54
D3575,2895,N194,NGO,50,1,2,2025-08-05 02:35
D3576,576,N80,NGO,36,3,0,2025-08-02 08:45
D3578,1405,O89,Orphanage,46,3,1,2025-07-30 19:59
D3580,1171,N969,NGO,27,1,1,2025-08-18 11:50
D3587,1396,N735,NGO,4,1,1,2025-08-04 05:59
D3588,4102,O155,Orphanage,10,1,4,2025-08-18 08:19
D3592,2849,N438,NGO,41,3,2,2025-08-28 10:33
D3599,4977,O272,Orphanage,11,1,4,2025-08-13 06:49
D3604,1367,O724,Orphanage,10,2,1,2025-08-25 18:17
D3606,2415,N844,NGO,33,2,2,2025-08-15 01:55
D3607,1354,O735,Orphanage,15,1,1,2025-08-11 20:14
D3616,3150,N201,NGO,12,1,3,2025-08-02 15:10
D3619,4659,N152,NGO,38,2,4,2025-08-17 00:42
D3621,2683,O998,Orphanage,42,1,2,2025-08-23 09:49
D3628,2480,N601,NGO,17,1,2,2025-08-05 09:07
D3642,806,N680,NGO,36,3,0,2025-08-18 04:16
D3643,2987,N953,NGO,4,3,2,2025-08-28 01:55
D3657,3418,O764,Orphanage,32,3,3,2025-08-27 17:22
D3664,2783,N555,NGO,36,1,2,2025-08-26 09:51
D3666,1107,O963,Orphanage,20,2,1,2025-08-06 11:23
D3678,3709,O875,Orphanage,20,3,3,2025-08-14 21:25
D3680,1964,N183,NGO,14,2,1,2025-08-29 07:58
D3684,1148,O595,Orphanage,8,1,1,2025-08-24 02:47
D3706,4522,N339,NGO,21,1,4,2025-08-28 10:22
D3713,1905,O62,Orphanage,46,1,1,2025-08-22 23:43
D3717,3652,N248,NGO,32,1,3,2025-07-30 19:44
D3720,3821,N853,NGO,10,3,3,2025-08-21 12:09
D3721,1499,O954,Orphanage,26,3,1,2025-08-05 06:59
D3725,3997,N352,NGO,41,1,3,2025-08-17 17:58
D3728,3811,O104,Orphanage,21,1,3,2025-08-04 15:48
D3730,1674,N656,NGO,14,3,1,2025-08-24 18:12
D3731,623,O507,Orphanage,13,1,0,2025-08-11 06:00
D3732,3690,O104,Orphanage,26,2,3,2025-08-07 18:33
D3736,1648,N324,NGO,22,1,1,2025-08-10 21:31
D3742,3785,O965,Orphanage,17,2,3,2025-08-21 00:40
D3748,1166,O370,Orphanage,1,3,1,2025-07-31 03:43
D3749,1630,N265,NGO,50,1,1,2025-08-22 03:22
D3755,3878,O22,Orphanage,15,2,3,2025-07-31 13:09
D3761,1996,O175,Orphanage,41,1,1,2025-08-07 01:36
D3762,1043,N906,NGO,20,3,1,2025-08-26 14:56
D3767,4055,N874,NGO,10,1,4,2025-08-13 18:46
D3784,3143,O42,Orphanage,50,3,3,2025-08-14 00:47
D3786,4856,O558,Orphanage,31,1,4,2025-08-09 07:07
D3787,4696,N642,NGO,2,1,4,2025-08-11 06:49
D3792,1653,N743,NGO,41,3,1,2025-08-27 15:38
D3799,3928,O746,Orphanage,1,2,3,2025-08-12 11:50
D3813,745,O961,Orphanage,46,3,0,2025-08-19 11:08
D3840,959,O153,Orphanage,49,2,0,2025-08-19 12:18
D3841,1663,N52,NGO,45,3,1,2025-08-10 15:30
D3845,2200,O535,Orphanage,50,2,2,2025-08-18 08:46
D3847,4990,O49,Orphanage,35,2,4,2025-08-06 19:13
D3848,2386,O791,Orphanage,5,1,2,2025-08-17 16:37
D3871,2476,O202,Orphanage,1,2,2,2025-08-03 05:18
D3872,2438,N443,NGO,22,2,2,2025-08-22 11:44
D3879,728,O196,Orphanage,26,1,0,2025-08-01 18:22
D3884,1789,O158,Orphanage,36,3,1,2025-08-20 21:20
D3887,4026,N539,NGO,45,2,4,2025-08-09 23:46
D3889,984,O687,Orphanage,22,1,0,2025-08-22 18:44
D3894,3861,O178,Orphanage,22,2,3,2025-08-12 17:40
D3909,1311,O362,Orphanage,36,2,1,2025-08-07 09:18
D3910,1398,N902,NGO,49,1,1,2025-08-04 07:26
D3911,512,N895,NGO,20,3,0,2025-08-14 06:27
D3915,3267,O542,Orphanage,25,3,3,2025-08-02 21:38
D3923,4050,O258,Orphanage,5,1,4,2025-08-27 17:29
D3924,4657,O90,Orphanage,38,3,4,2025-08-08 19:24
D3930,1011,N555,NGO,9,1,1,2025-08-06 00:22
D3931,2073,O850,Orphanage,39,1,2,2025-08-14 22:18
D3937,2292,N335,NGO,42,1,2,2025-08-16 12:13
D3938,2426,N320,NGO,27,1,2,2025-08-03 11:09
D3941,4683,N377,NGO,3,2,4,2025-08-25 19:02
D3942,2973,N613,NGO,35,2,2,2025-08-01 06:37
D3946,886,O280,Orphanage,16,2,0,2025-08-27 20:23
D3948,3918,O414,Orphanage,1,2,3,2025-08-21 01:02
D3950,3755,N123,NGO,23,3,3,2025-08-02 19:11
D3953,3794,O987,Orphanage,11,2,3,2025-07-31 01:34
D3961,1837,O517,Orphanage,48,1,1,2025-08-09 07:52
D3973,2894,O887,Orphanage,8,2,2,2025-08-07 12:36
D3976,3421,O430,Orphanage,27,2,3,2025-08-18 16:20
D3978,2352,N60,NGO,4,1,2,2025-08-16 05:38
D3979,1051,O49,Orphanage,14,1,1,2025-08-20 02:45
D3981,2496,O188,Orphanage,28,1,2,2025-08-19 20:25
D3982,1964,O188,Orphanage,8,2,1,2025-08-07 21:37
D3986,4844,O556,Orphanage,47,1,4,2025-08-07 13:24
D3994,3526,N397,NGO,8,2,3,2025-08-05 07:39
D3996,1612,N49,NGO,11,1,1,2025-08-03 12:43
