donation_id,donation_amount,recipient_id,recipient_type,children_supported,months_covered,arts_supplies_stock,arts_per_child_per_month,timestamp
D1,2425,O201,Orphanage,12,1,24,2.0,2025-08-22 16:00
D6,4330,O829,Orphanage,12,3,43,1.2,2025-08-24 06:33
D9,970,N715,NGO,2,2,9,2.2,2025-08-07 22:09
D14,2887,N755,NGO,6,2,28,2.3,2025-08-24 06:23
D15,3843,N19,NGO,25,1,38,1.5,2025-08-03 08:49
D17,3714,O541,Orphanage,3,2,37,6.2,2025-08-06 15:24
D18,3283,N763,NGO,8,3,32,1.3,2025-08-24 07:24
D19,4536,O173,Orphanage,8,3,45,1.9,2025-08-29 04:59
D27,4620,O314,Orphanage,2,2,46,11.5,2025-08-03 21:07
D34,1454,N420,NGO,3,3,14,1.6,2025-08-04 09:16
D41,3844,N700,NGO,28,1,38,1.4,2025-08-01 19:34
D46,2724,N883,NGO,8,3,27,1.1,2025-08-02 00:39
D51,3238,N915,NGO,19,1,32,1.7,2025-08-21 12:22
D52,747,O934,Orphanage,2,3,7,1.2,2025-08-09 23:31
D66,3207,O118,Orphanage,11,1,32,2.9,2025-08-22 17:17
D71,4766,N418,NGO,4,2,47,5.9,2025-08-12 19:35
D76,2726,N43,NGO,5,2,27,2.7,2025-08-21 12:53
D85,3440,O2,Orphanage,25,1,34,1.4,2025-08-09 02:16
D89,3642,N882,NGO,27,1,36,1.3,2025-08-24 04:57
D90,1139,O328,Orphanage,1,2,11,5.5,2025-07-31 02:45
D91,3413,O827,Orphanage,28,1,34,1.2,2025-08-07 06:52
D94,1964,N599,NGO,1,2,19,9.5,2025-08-12 12:45
D115,3816,N398,NGO,3,2,38,6.3,2025-08-02 09:01
D116,2246,N682,NGO,6,3,22,1.2,2025-08-05 16:07
D123,4235,O271,Orphanage,6,3,42,2.3,2025-08-16 01:41
D125,1558,O554,Orphanage,7,2,15,1.1,2025-08-26 20:40
D142,2825,O964,Orphanage,19,1,28,1.5,2025-08-16 20:06
D144,4762,O524,Orphanage,13,3,47,1.2,2025-07-29 22:46
D145,569,N424,NGO,2,2,5,1.2,2025-08-18 07:21
D148,4226,N549,NGO,1,2,42,21.0,2025-08-12 01:40
D149,2586,O599,Orphanage,12,1,25,2.1,2025-08-29 01:21
D157,1051,O626,Orphanage,2,3,10,1.7,2025-08-01 08:38
D158,2284,N325,NGO,2,1,22,11.0,2025-08-02 00:28
D159,4461,N112,NGO,2,3,44,7.3,2025-08-26 23:30
D171,3299,N810,NGO,7,2,32,2.3,2025-08-16 20:08
D174,1375,N306,NGO,2,2,13,3.2,2025-08-06 07:14
D180,1834,N971,NGO,1,3,18,6.0,2025-08-20 17:30
D182,2370,N496,NGO,1,3,23,7.7,2025-08-18 15:18
D184,2642,N175,NGO,6,2,26,2.2,2025-08-01 10:26
D186,2519,O788,Orphanage,4,2,25,3.1,2025-08-02 01:12
D190,4387,O605,Orphanage,14,3,43,1.0,2025-08-07 08:50
D194,2177,O302,Orphanage,6,3,21,1.2,2025-08-07 19:42
D195,3784,O433,Orphanage,5,2,37,3.7,2025-08-15 08:17
D206,4054,O838,Orphanage,5,1,40,8.0,2025-08-28 09:43
D207,995,N91,NGO,2,3,9,1.5,2025-08-27 15:03
D209,1344,N408,NGO,2,2,13,3.2,2025-08-29 15:53
D232,3333,O626,Orphanage,3,2,33,5.5,2025-08-21 01:06
D235,4270,N792,NGO,7,2,42,3.0,2025-08-10 15:50
D241,3602,N624,NGO,8,3,36,1.5,2025-08-05 04:07
D245,1585,N494,NGO,2,3,15,2.5,2025-08-03 00:43
D253,3449,N338,NGO,16,2,34,1.1,2025-07-31 07:48
D256,2907,N886,NGO,14,2,29,1.0,2025-08-14 01:47
D258,3468,N497,NGO,12,1,34,2.8,2025-08-06 19:24
D264,3834,O733,Orphanage,12,3,38,1.1,2025-08-10 02:48
D270,1492,N20,NGO,3,3,14,1.6,2025-07-30 02:40
D272,1638,N837,NGO,1,2,16,8.0,2025-08-23 00:26
D274,4806,O273,Orphanage,14,3,48,1.1,2025-08-10 23:39
D281,2572,N693,NGO,11,1,25,2.3,2025-08-18 17:37
D283,3539,N482,NGO,13,2,35,1.3,2025-07-29 21:45
D299,776,N837,NGO,1,2,7,3.5,2025-08-06 14:03
D305,1560,N922,NGO,2,3,15,2.5,2025-07-30 19:25
D306,4713,N634,NGO,7,3,47,2.2,2025-08-02 13:25
D307,695,O83,Orphanage,2,1,6,3.0,2025-08-14 04:39
D310,3817,O847,Orphanage,19,2,38,1.0,2025-08-13 21:33
D311,930,O268,Orphanage,5,1,9,1.8,2025-08-19 08:28
D317,4052,N6,NGO,9,1,40,4.4,2025-08-18 06:09
D318,3889,O522,Orphanage,8,1,38,4.8,2025-08-16 21:06
D319,828,O750,Orphanage,2,3,8,1.3,2025-08-14 23:10
D321,3401,N840,NGO,18,1,34,1.9,2025-08-17 07:13
D322,677,O110,Orphanage,2,3,6,1.0,2025-08-25 07:40
D324,2204,O175,Orphanage,5,2,22,2.2,2025-08-29 04:21
D327,957,O376,Orphanage,8,1,9,1.1,2025-08-17 16:18
D328,1565,O479,Orphanage,10,1,15,1.5,2025-08-01 09:03
D329,1640,N947,NGO,15,1,16,1.1,2025-08-29 09:08
D334,4824,N843,NGO,19,2,48,1.3,2025-08-04 10:26
D337,1777,N367,NGO,1,3,17,5.7,2025-08-16 23:44
D341,3312,N49,NGO,4,3,33,2.8,2025-08-22 14:49
D346,3040,O550,Orphanage,18,1,30,1.7,2025-08-16 21:27
D348,4859,N951,NGO,10,3,48,1.6,2025-08-02 19:36
D350,943,O339,Orphanage,6,1,9,1.5,2025-08-24 07:42
D358,2901,N774,NGO,2,2,29,7.2,2025-08-05 12:20
D364,3210,O256,Orphanage,4,3,32,2.7,2025-08-10 12:55
D366,3988,N31,NGO,11,1,39,3.5,2025-08-28 15:30
D372,3350,O366,Orphanage,1,2,33,16.5,2025-08-17 22:07
D379,4804,O631,Orphanage,7,2,48,3.4,2025-08-29 15:27
D386,1309,N705,NGO,2,3,13,2.2,2025-08-25 15:17
D392,4256,O696,Orphanage,1,3,42,14.0,2025-08-05 19:20
D398,4374,N787,NGO,4,2,43,5.4,2025-08-24 22:34
D400,2599,N270,NGO,1,2,25,12.5,2025-08-09 06:20
D401,4914,O299,Orphanage,5,3,49,3.3,2025-08-14 02:22
D410,1150,O497,Orphanage,1,3,11,3.7,2025-08-16 00:29
D411,2171,N650,NGO,3,2,21,3.5,2025-08-27 20:24
D417,3702,O664,Orphanage,7,3,37,1.8,2025-08-09 11:10
D418,831,O547,Orphanage,4,2,8,1.0,2025-07-30 17:18
D421,926,O699,Orphanage,3,1,9,3.0,2025-08-28 20:27
D434,4625,N678,NGO,9,3,46,1.7,2025-08-22 17:16
D440,2829,N541,NGO,5,1,28,5.6,2025-08-03 02:59
D441,4907,N588,NGO,9,1,49,5.4,2025-08-13 20:18
D442,4925,N98,NGO,15,3,49,1.1,2025-07-31 09:20
D443,2738,N185,NGO,10,2,27,1.4,2025-08-07 18:26
D449,1545,O732,Orphanage,1,2,15,7.5,2025-08-11 21:14
D451,3753,O28,Orphanage,1,2,37,18.5,2025-08-29 06:15
D456,1104,O43,Orphanage,3,3,11,1.2,2025-08-01 20:21
D463,1723,O494,Orphanage,15,1,17,1.1,2025-08-23 02:09
D471,3233,N202,NGO,5,2,32,3.2,2025-08-20 16:34
D477,4583,N312,NGO,5,3,45,3.0,2025-08-16 10:36
D486,2934,O937,Orphanage,6,2,29,2.4,2025-07-30 11:58
D487,3027,N926,NGO,5,2,30,3.0,2025-08-14 21:45
D490,1735,N460,NGO,13,1,17,1.3,2025-08-01 03:16
D493,4733,O321,Orphanage,12,3,47,1.3,2025-08-15 05:20
D494,3978,O685,Orphanage,4,3,39,3.2,2025-08-03 10:37
D501,4027,O889,Orphanage,5,2,40,4.0,2025-08-01 22:40
D508,3731,N188,NGO,20,1,37,1.9,2025-08-03 14:46
D512,1692,N434,NGO,13,1,16,1.2,2025-08-19 01:27
D515,3588,N708,NGO,23,1,35,1.5,2025-08-14 15:27
D517,1725,O227,Orphanage,5,3,17,1.1,2025-08-02 18:52
D518,4220,O893,Orphanage,4,1,42,10.5,2025-08-27 02:37
D521,4592,N834,NGO,22,2,45,1.0,2025-08-18 04:01
D528,711,O396,Orphanage,2,1,7,3.5,2025-08-17 07:15
D539,900,N486,NGO,3,3,9,1.0,2025-08-26 05:56
D542,2812,N267,NGO,6,3,28,1.6,2025-08-09 21:44
D546,4991,N2,NGO,20,2,49,1.2,2025-08-17 12:32
D547,593,N675,NGO,1,3,5,1.7,2025-08-18 06:11
D552,4187,O836,Orphanage,13,3,41,1.1,2025-08-13 16:07
D553,3719,N721,NGO,16,2,37,1.2,2025-08-17 06:31
D558,938,N226,NGO,6,1,9,1.5,2025-08-19 11:25
D562,4668,O700,Orphanage,7,1,46,6.6,2025-08-25 22:31
D563,1232,O402,Orphanage,1,3,12,4.0,2025-08-06 19:45
D571,3419,O904,Orphanage,9,1,34,3.8,2025-08-16 03:33
D582,2951,N560,NGO,4,3,29,2.4,2025-08-22 21:44
D584,4878,O778,Orphanage,4,2,48,6.0,2025-08-13 15:03
D589,3431,N812,NGO,11,3,34,1.0,2025-08-04 18:29
D598,3850,N899,NGO,3,2,38,6.3,2025-08-23 06:45
D599,868,O616,Orphanage,1,1,8,8.0,2025-08-06 17:06
D611,2526,O991,Orphanage,11,2,25,1.1,2025-08-06 09:31
D612,2593,O23,Orphanage,3,2,25,4.2,2025-08-13 23:01
D613,842,O65,Orphanage,7,1,8,1.1,2025-08-12 07:39
D618,4319,O581,Orphanage,13,1,43,3.3,2025-08-03 02:30
D629,2986,O623,Orphanage,1,3,29,9.7,2025-08-27 16:24
D630,2009,N125,NGO,4,3,20,1.7,2025-08-22 06:38
D640,2626,O27,Orphanage,6,3,26,1.4,2025-08-18 06:10
D641,658,O462,Orphanage,6,1,6,1.0,2025-08-14 10:03
D642,4166,O95,Orphanage,33,1,41,1.2,2025-08-13 16:21
D655,2841,O116,Orphanage,2,3,28,4.7,2025-08-23 08:48
D662,635,O722,Orphanage,1,2,6,3.0,2025-08-14 06:41
D671,2697,O846,Orphanage,21,1,26,1.2,2025-07-31 08:28
D674,3218,O313,Orphanage,30,1,32,1.1,2025-08-23 04:41
D675,2682,O282,Orphanage,11,2,26,1.2,2025-08-20 00:10
D683,2091,N416,NGO,8,2,20,1.2,2025-08-02 06:59
D689,3092,O886,Orphanage,5,3,30,2.0,2025-08-19 18:14
D690,1022,O898,Orphanage,1,3,10,3.3,2025-08-20 13:18
D692,4490,N330,NGO,2,3,44,7.3,2025-08-09 18:25
D695,4081,N66,NGO,19,1,40,2.1,2025-08-27 02:45
D699,1347,O31,Orphanage,4,3,13,1.1,2025-08-16 03:51
D705,2444,O415,Orphanage,6,1,24,4.0,2025-08-29 05:27
D711,867,N467,NGO,3,2,8,1.3,2025-08-21 17:45
D713,644,O790,Orphanage,2,2,6,1.5,2025-07-31 22:34
D718,4575,N512,NGO,24,1,45,1.9,2025-08-06 12:36
D729,1364,O589,Orphanage,13,1,13,1.0,2025-08-16 04:04
D736,4849,O72,Orphanage,13,1,48,3.7,2025-08-29 15:27
D739,4733,O195,Orphanage,12,3,47,1.3,2025-08-22 07:55
D740,1294,O190,Orphanage,3,3,12,1.3,2025-08-12 22:01
D741,832,O787,Orphanage,7,1,8,1.1,2025-08-13 01:23
D744,887,N8,NGO,4,1,8,2.0,2025-07-31 14:14
D745,3246,N468,NGO,23,1,32,1.4,2025-08-12 12:58
D747,522,O299,Orphanage,1,3,5,1.7,2025-07-30 08:16
D749,1180,N547,NGO,3,2,11,1.8,2025-08-23 10:10
D751,2594,N234,NGO,2,1,25,12.5,2025-08-05 19:50
D753,1522,N195,NGO,10,1,15,1.5,2025-07-30 00:05
D754,569,N962,NGO,2,2,5,1.2,2025-08-27 17:47
D760,4227,N689,NGO,13,3,42,1.1,2025-08-11 12:40
D762,1693,O509,Orphanage,5,3,16,1.1,2025-08-19 01:30
D763,3799,O453,Orphanage,28,1,37,1.3,2025-08-18 19:21
D774,2966,O81,Orphanage,4,3,29,2.4,2025-08-24 03:59
D779,3402,O994,Orphanage,28,1,34,1.2,2025-08-26 23:39
D783,4122,N928,NGO,32,1,41,1.3,2025-08-27 00:00
D787,1156,N171,NGO,7,1,11,1.6,2025-08-14 10:58
D796,3651,O325,Orphanage,9,3,36,1.3,2025-08-20 04:32
D800,2848,O686,Orphanage,26,1,28,1.1,2025-08-06 05:58
D809,2558,N652,NGO,3,3,25,2.8,2025-07-31 19:32
D813,689,O331,Orphanage,5,1,6,1.2,2025-08-16 21:50
D831,1142,N299,NGO,1,3,11,3.7,2025-08-17 22:06
D844,1122,O924,Orphanage,2,3,11,1.8,2025-08-10 01:20
D845,2684,N661,NGO,2,3,26,4.3,2025-08-21 23:47
D847,2571,O185,Orphanage,12,2,25,1.0,2025-07-31 01:11
D850,3400,N623,NGO,29,1,34,1.2,2025-08-04 02:03
D855,760,O679,Orphanage,1,2,7,3.5,2025-08-21 06:49
D859,1116,N153,NGO,1,3,11,3.7,2025-07-31 05:18
D869,4981,N335,NGO,3,2,49,8.2,2025-08-26 10:07
D876,4476,N75,NGO,9,3,44,1.6,2025-08-11 20:21
D879,4158,N760,NGO,12,3,41,1.1,2025-08-26 22:10
D886,4825,O655,Orphanage,7,1,48,6.9,2025-08-23 03:05
D895,2516,N423,NGO,3,3,25,2.8,2025-08-25 06:34
D898,4726,O284,Orphanage,3,1,47,15.7,2025-08-28 20:00
D907,4023,N365,NGO,10,3,40,1.3,2025-07-30 01:01
D908,4436,O956,Orphanage,6,2,44,3.7,2025-08-19 06:13
D928,4092,O726,Orphanage,3,3,40,4.4,2025-08-08 05:34
D931,563,O643,Orphanage,3,1,5,1.7,2025-08-07 18:03
D933,1105,O805,Orphanage,1,1,11,11.0,2025-08-28 00:41
D945,2756,O863,Orphanage,9,3,27,1.0,2025-08-22 04:10
D951,1798,N889,NGO,8,2,17,1.1,2025-08-25 15:55
D954,2707,N594,NGO,8,2,27,1.7,2025-08-02 04:17
D958,4898,O612,Orphanage,3,2,48,8.0,2025-08-23 13:11
D959,4882,O156,Orphanage,2,3,48,8.0,2025-08-08 14:38
D963,1629,O522,Orphanage,4,3,16,1.3,2025-08-15 14:23
D969,4477,O491,Orphanage,13,2,44,1.7,2025-08-06 07:25
D970,1997,N518,NGO,2,3,19,3.2,2025-07-31 13:50
D981,1726,O530,Orphanage,15,1,17,1.1,2025-08-12 19:25
D983,4093,O123,Orphanage,8,3,40,1.7,2025-08-26 18:13
D992,2282,O428,Orphanage,4,2,22,2.8,2025-08-11 01:59
D995,3835,N52,NGO,33,1,38,1.2,2025-08-17 16:24
D999,1010,O12,Orphanage,3,3,10,1.1,2025-08-02 21:53
D1008,2168,O483,Orphanage,9,2,21,1.2,2025-08-09 13:25
D1011,4855,N901,NGO,27,1,48,1.8,2025-08-19 20:26
D1012,695,O989,Orphanage,2,2,6,1.5,2025-08-12 06:22
D1020,1384,N147,NGO,2,1,13,6.5,2025-08-08 09:02
D1025,3881,N127,NGO,36,1,38,1.1,2025-08-07 15:19
D1029,4403,N633,NGO,2,2,44,11.0,2025-08-23 10:40
D1030,1805,O319,Orphanage,8,1,18,2.2,2025-08-27 16:48
D1039,771,N605,NGO,1,2,7,3.5,2025-08-16 21:57
D1044,962,N228,NGO,6,1,9,1.5,2025-08-26 04:41
D1066,3877,O168,Orphanage,5,1,38,7.6,2025-08-02 13:16
D1070,3086,N400,NGO,8,3,30,1.2,2025-07-31 12:59
D1073,635,N402,NGO,1,2,6,3.0,2025-08-04 09:50
D1080,2275,N362,NGO,4,3,22,1.8,2025-08-28 10:03
D1087,3018,O880,Orphanage,7,3,30,1.4,2025-08-02 11:15
D1092,1225,N199,NGO,1,3,12,4.0,2025-08-26 04:17
D1094,4819,O551,Orphanage,40,1,48,1.2,2025-08-09 10:56
D1099,4407,N809,NGO,8,3,44,1.8,2025-08-26 07:27
D1102,4123,O292,Orphanage,5,3,41,2.7,2025-08-07 04:42
D1103,4101,O873,Orphanage,13,2,41,1.6,2025-08-21 02:56
D1104,3121,O54,Orphanage,7,3,31,1.5,2025-08-10 13:43
D1109,781,N930,NGO,4,1,7,1.8,2025-08-07 06:13
D1114,2667,O718,Orphanage,1,3,26,8.7,2025-08-14 07:01
D1117,1270,O531,Orphanage,5,1,12,2.4,2025-08-15 22:24
D1124,2926,O40,Orphanage,21,1,29,1.4,2025-08-16 04:09
D1133,3491,N96,NGO,4,1,34,8.5,2025-08-16 03:28
D1143,2958,O814,Orphanage,7,2,29,2.1,2025-08-15 18:28
D1145,2509,O385,Orphanage,9,2,25,1.4,2025-08-14 10:11
D1146,4619,O541,Orphanage,15,3,46,1.0,2025-08-03 02:36
D1149,4320,O391,Orphanage,26,1,43,1.7,2025-08-01 08:30
D1151,4370,N246,NGO,15,2,43,1.4,2025-08-12 09:09
D1152,2055,O973,Orphanage,4,3,20,1.7,2025-08-07 04:05
D1163,4530,N725,NGO,19,2,45,1.2,2025-08-05 03:44
D1176,3048,N411,NGO,5,2,30,3.0,2025-08-14 14:41
D1185,1456,N562,NGO,1,3,14,4.7,2025-07-30 20:53
D1186,3680,O401,Orphanage,17,2,36,1.1,2025-08-06 02:44
D1188,611,O45,Orphanage,4,1,6,1.5,2025-08-28 12:28
D1194,1135,N273,NGO,1,2,11,5.5,2025-08-20 02:01
D1204,1868,N366,NGO,7,2,18,1.3,2025-08-19 15:06
D1205,1528,N345,NGO,1,1,15,15.0,2025-08-03 17:36
D1210,1780,O158,Orphanage,2,2,17,4.2,2025-08-05 08:17
D1217,3981,O490,Orphanage,9,2,39,2.2,2025-08-05 18:06
D1221,2049,N334,NGO,5,3,20,1.3,2025-08-02 19:15
D1229,609,O642,Orphanage,2,3,6,1.0,2025-08-17 00:54
D1235,4763,N353,NGO,15,3,47,1.0,2025-08-07 14:26
D1240,3488,O611,Orphanage,3,1,34,11.3,2025-08-13 19:18
D1241,2910,N531,NGO,1,3,29,9.7,2025-07-29 20:38
D1248,2220,N334,NGO,15,1,22,1.5,2025-08-27 06:00
D1249,3317,N821,NGO,2,2,33,8.2,2025-07-31 17:19
D1250,3314,N843,NGO,1,3,33,11.0,2025-08-09 22:28
D1261,3170,N905,NGO,12,2,31,1.3,2025-08-19 03:23
D1274,2577,O403,Orphanage,2,1,25,12.5,2025-08-01 20:40
D1275,4982,O536,Orphanage,8,3,49,2.0,2025-08-10 03:50
D1284,3590,O484,Orphanage,16,1,35,2.2,2025-08-25 22:41
D1294,3836,O515,Orphanage,31,1,38,1.2,2025-08-29 14:08
D1296,3407,O507,Orphanage,11,3,34,1.0,2025-08-07 16:43
D1298,1877,O975,Orphanage,2,2,18,4.5,2025-07-31 12:03
D1300,4772,N163,NGO,29,1,47,1.6,2025-08-17 08:48
D1306,3231,N761,NGO,10,2,32,1.6,2025-08-25 02:55
D1319,770,O818,Orphanage,5,1,7,1.4,2025-08-04 00:46
D1320,2055,O11,Orphanage,12,1,20,1.7,2025-07-31 18:11
D1324,3168,N672,NGO,7,3,31,1.5,2025-08-16 02:29
D1333,1354,O789,Orphanage,2,1,13,6.5,2025-08-16 00:29
D1340,1994,N373,NGO,15,1,19,1.3,2025-08-21 05:18
D1344,3252,O650,Orphanage,31,1,32,1.0,2025-08-13 03:42
D1348,3864,N86,NGO,33,1,38,1.2,2025-07-29 20:00
D1350,1348,N532,NGO,2,2,13,3.2,2025-08-07 14:25
D1351,2584,O426,Orphanage,5,3,25,1.7,2025-08-07 17:26
D1356,3840,N460,NGO,18,1,38,2.1,2025-08-10 09:57
D1368,3427,O385,Orphanage,20,1,34,1.7,2025-08-01 10:57
D1375,3891,O936,Orphanage,17,2,38,1.1,2025-07-30 15:51
D1377,3528,O761,Orphanage,9,3,35,1.3,2025-08-07 02:00
D1381,4056,O264,Orphanage,3,3,40,4.4,2025-08-28 11:59
D1385,3020,N871,NGO,10,2,30,1.5,2025-08-07 05:36
D1393,2416,N179,NGO,6,3,24,1.3,2025-08-08 12:19
D1397,2615,O376,Orphanage,1,3,26,8.7,2025-08-20 11:32
D1402,3630,O956,Orphanage,15,1,36,2.4,2025-07-31 16:18
D1404,4619,O380,Orphanage,45,1,46,1.0,2025-08-26 16:22
D1417,4842,O188,Orphanage,14,3,48,1.1,2025-08-17 03:25
D1419,2122,N716,NGO,7,3,21,1.0,2025-08-24 20:01
D1422,1003,O717,Orphanage,1,2,10,5.0,2025-08-01 07:31
D1424,3318,O672,Orphanage,19,1,33,1.7,2025-08-07 04:36
D1427,1818,N83,NGO,1,3,18,6.0,2025-08-14 18:50
D1428,2414,O764,Orphanage,1,3,24,8.0,2025-08-05 21:17
D1437,4342,O37,Orphanage,1,2,43,21.5,2025-08-06 21:53
D1438,4684,N14,NGO,6,1,46,7.7,2025-08-08 05:31
D1452,4303,N501,NGO,13,2,43,1.7,2025-08-21 19:35
D1459,4670,O680,Orphanage,10,2,46,2.3,2025-08-22 05:14
D1461,2851,O330,Orphanage,1,2,28,14.0,2025-08-08 02:43
D1465,3190,O453,Orphanage,9,2,31,1.7,2025-08-17 21:11
D1477,556,N288,NGO,1,2,5,2.5,2025-08-17 18:24
D1478,3667,O135,Orphanage,1,2,36,18.0,2025-08-02 18:13
D1480,1441,O231,Orphanage,9,1,14,1.6,2025-08-20 03:03
D1482,3215,O209,Orphanage,10,3,32,1.1,2025-08-22 21:04
D1483,729,N111,NGO,3,2,7,1.2,2025-08-12 07:10
D1484,2341,O251,Orphanage,16,1,23,1.4,2025-08-17 13:10
D1490,2837,N67,NGO,8,3,28,1.2,2025-08-24 22:29
D1492,1273,O529,Orphanage,2,3,12,2.0,2025-08-22 20:20
D1493,3244,N704,NGO,7,2,32,2.3,2025-08-12 01:32
D1497,1786,N30,NGO,3,3,17,1.9,2025-08-18 16:24
D1500,1064,N838,NGO,1,2,10,5.0,2025-08-01 23:41
D1501,3243,N882,NGO,3,3,32,3.6,2025-08-10 20:39
D1503,3264,O675,Orphanage,7,2,32,2.3,2025-07-31 22:23
D1511,4018,N733,NGO,3,2,40,6.7,2025-08-11 11:31
D1512,4585,O783,Orphanage,21,1,45,2.1,2025-08-14 04:13
D1517,3099,O956,Orphanage,8,1,30,3.8,2025-08-04 12:00
D1520,2045,O389,Orphanage,16,1,20,1.2,2025-08-16 22:27
D1528,2983,N200,NGO,1,3,29,9.7,2025-08-29 12:08
D1531,2643,O710,Orphanage,24,1,26,1.1,2025-08-10 12:39
D1541,831,O908,Orphanage,4,2,8,1.0,2025-08-11 04:52
D1545,993,N930,NGO,3,2,9,1.5,2025-08-08 15:03
D1550,3419,N345,NGO,6,3,34,1.9,2025-08-21 06:10
D1564,2917,N885,NGO,18,1,29,1.6,2025-08-14 02:57
D1567,1625,O242,Orphanage,3,2,16,2.7,2025-08-18 09:10
D1570,920,N799,NGO,3,3,9,1.0,2025-08-22 00:43
D1575,1903,N150,NGO,11,1,19,1.7,2025-08-01 22:56
D1576,4145,O574,Orphanage,7,3,41,2.0,2025-08-04 22:37
D1582,3367,O708,Orphanage,19,1,33,1.7,2025-08-10 23:16
D1591,4602,N352,NGO,8,1,46,5.8,2025-07-30 09:38
D1600,3084,O362,Orphanage,14,2,30,1.1,2025-08-26 21:58
D1621,1504,N383,NGO,3,3,15,1.7,2025-08-03 21:55
D1629,4676,O348,Orphanage,25,1,46,1.8,2025-07-30 20:29
D1636,2046,O473,Orphanage,2,1,20,10.0,2025-08-29 04:18
D1638,2627,N54,NGO,1,3,26,8.7,2025-08-29 11:37
D1643,3148,N635,NGO,2,1,31,15.5,2025-08-21 19:48
D1644,2688,O673,Orphanage,7,3,26,1.2,2025-07-31 00:54
D1645,545,O319,Orphanage,1,2,5,2.5,2025-08-26 17:29
D1648,3079,O243,Orphanage,13,2,30,1.2,2025-08-16 16:55
D1652,4054,N849,NGO,9,3,40,1.5,2025-08-09 11:32
D1654,524,N674,NGO,1,3,5,1.7,2025-08-28 22:34
D1656,1251,O823,Orphanage,1,3,12,4.0,2025-08-29 04:51
D1669,3933,O975,Orphanage,33,1,39,1.2,2025-08-07 21:11
D1671,1133,O920,Orphanage,3,3,11,1.2,2025-08-19 14:12
D1674,557,O340,Orphanage,1,3,5,1.7,2025-08-08 18:15
D1677,4437,O864,Orphanage,6,3,44,2.4,2025-08-10 02:40
D1681,1438,N297,NGO,4,3,14,1.2,2025-08-19 20:43
D1682,4381,O200,Orphanage,9,3,43,1.6,2025-07-31 16:41
D1688,1496,O321,Orphanage,4,3,14,1.2,2025-08-22 08:33
D1706,666,N296,NGO,6,1,6,1.0,2025-08-26 07:44
D1708,2261,N70,NGO,10,1,22,2.2,2025-08-23 13:16
D1716,4764,N424,NGO,10,1,47,4.7,2025-08-05 07:29
D1731,4282,N494,NGO,10,3,42,1.4,2025-07-30 01:45
D1740,3804,N3,NGO,11,2,38,1.7,2025-08-24 17:22
D1748,2110,O316,Orphanage,2,3,21,3.5,2025-08-28 12:45
D1753,1596,N549,NGO,7,1,15,2.1,2025-08-08 21:34
D1754,4041,N115,NGO,24,1,40,1.7,2025-08-25 06:36
D1756,4726,N797,NGO,13,3,47,1.2,2025-08-18 10:10
D1757,864,O78,Orphanage,2,2,8,2.0,2025-07-30 11:17
D1758,2162,N432,NGO,16,1,21,1.3,2025-07-30 14:52
D1761,630,N565,NGO,2,3,6,1.0,2025-08-15 06:13
D1766,4327,N647,NGO,9,3,43,1.6,2025-08-24 16:54
D1771,1189,N536,NGO,2,3,11,1.8,2025-08-28 04:56
D1788,4552,O728,Orphanage,19,1,45,2.4,2025-08-05 20:22
D1790,4335,N80,NGO,2,3,43,7.2,2025-08-06 03:30
D1793,3700,O294,Orphanage,12,2,37,1.5,2025-08-22 23:01
D1796,567,O761,Orphanage,4,1,5,1.2,2025-08-25 17:09
D1802,3117,O975,Orphanage,6,3,31,1.7,2025-07-31 18:47
D1808,1056,O955,Orphanage,3,2,10,1.7,2025-08-28 00:32
D1809,2881,N43,NGO,4,1,28,7.0,2025-08-19 03:46
D1810,2886,N635,NGO,9,2,28,1.6,2025-08-12 08:39
D1823,3142,O234,Orphanage,11,1,31,2.8,2025-08-05 14:39
D1826,3779,N296,NGO,22,1,37,1.7,2025-08-02 18:37
D1827,4938,O495,Orphanage,2,3,49,8.2,2025-08-22 19:43
D1831,1829,O736,Orphanage,6,3,18,1.0,2025-08-06 17:52
D1832,4531,O61,Orphanage,27,1,45,1.7,2025-08-18 19:31
D1843,655,N357,NGO,2,1,6,3.0,2025-08-14 08:53
D1853,3349,N603,NGO,5,2,33,3.3,2025-08-19 17:01
D1855,4519,N139,NGO,14,3,45,1.1,2025-08-15 10:20
D1859,4727,O29,Orphanage,7,3,47,2.2,2025-08-18 13:09
D1865,1014,N738,NGO,5,2,10,1.0,2025-08-02 04:11
D1869,1705,N698,NGO,3,3,17,1.9,2025-08-25 04:47
D1880,4069,N690,NGO,14,1,40,2.9,2025-08-27 18:13
D1882,3525,O517,Orphanage,7,1,35,5.0,2025-08-23 04:12
D1888,793,N386,NGO,1,2,7,3.5,2025-08-22 20:39
D1891,4922,O327,Orphanage,36,1,49,1.4,2025-08-28 12:16
D1895,1148,N167,NGO,5,1,11,2.2,2025-08-13 00:54
D1896,3744,O774,Orphanage,9,2,37,2.1,2025-08-11 04:06
D1899,3392,N144,NGO,5,2,33,3.3,2025-08-02 16:37
D1905,1670,N561,NGO,10,1,16,1.6,2025-08-14 21:48
D1909,4772,O446,Orphanage,12,2,47,2.0,2025-08-10 17:31
D1918,999,O714,Orphanage,3,2,9,1.5,2025-08-11 16:22
D1928,1144,O986,Orphanage,11,1,11,1.0,2025-08-23 08:18
D1932,2887,O925,Orphanage,8,2,28,1.8,2025-08-28 04:05
D1935,3098,N502,NGO,13,2,30,1.2,2025-08-03 11:12
D1937,3546,O825,Orphanage,2,3,35,5.8,2025-08-16 22:43
D1940,4713,N28,NGO,32,1,47,1.5,2025-08-03 13:16
D1954,3158,N457,NGO,13,2,31,1.2,2025-08-12 09:46
D1962,2725,O886,Orphanage,8,3,27,1.1,2025-08-29 04:00
D1973,4526,N909,NGO,11,2,45,2.0,2025-08-01 15:19
D1975,573,N818,NGO,4,1,5,1.2,2025-08-04 13:10
D1982,2507,N167,NGO,23,1,25,1.1,2025-08-12 16:56
D1987,1780,O968,Orphanage,5,2,17,1.7,2025-08-02 01:45
D1995,743,O277,Orphanage,2,2,7,1.8,2025-08-17 19:18
D1997,3444,O848,Orphanage,4,3,34,2.8,2025-08-04 02:44
D1998,1974,N812,NGO,6,3,19,1.1,2025-08-23 21:25
D2002,3074,N667,NGO,5,3,30,2.0,2025-08-07 15:12
D2003,1184,N469,NGO,2,2,11,2.8,2025-08-09 10:44
D2009,3197,N453,NGO,15,2,31,1.0,2025-08-13 05:11
D2016,1792,O829,Orphanage,1,2,17,8.5,2025-08-07 04:21
D2024,2804,N847,NGO,1,2,28,14.0,2025-08-16 02:15
D2027,3374,N270,NGO,7,2,33,2.4,2025-08-21 21:35
D2028,3883,O759,Orphanage,7,3,38,1.8,2025-08-13 08:44
D2032,948,N641,NGO,3,3,9,1.0,2025-08-12 16:36
D2043,4100,O226,Orphanage,32,1,41,1.3,2025-08-01 06:31
D2044,2711,O654,Orphanage,15,1,27,1.8,2025-08-02 07:17
D2048,819,O835,Orphanage,4,2,8,1.0,2025-08-10 11:08
D2051,3427,N17,NGO,9,3,34,1.3,2025-08-18 16:31
D2053,990,N593,NGO,1,2,9,4.5,2025-08-13 11:56
D2057,2098,N366,NGO,4,3,20,1.7,2025-08-16 03:56
D2058,3342,O135,Orphanage,32,1,33,1.0,2025-08-09 19:40
D2063,3871,N792,NGO,12,3,38,1.1,2025-07-31 04:44
D2064,1845,O504,Orphanage,11,1,18,1.6,2025-08-05 17:00
D2094,1064,O797,Orphanage,2,1,10,5.0,2025-07-30 08:16
D2100,3806,N916,NGO,6,3,38,2.1,2025-08-06 08:42
D2111,609,O969,Orphanage,2,3,6,1.0,2025-08-29 13:09
D2112,4932,N271,NGO,18,1,49,2.7,2025-08-08 21:11
D2124,4834,O437,Orphanage,22,2,48,1.1,2025-08-15 21:38
D2138,555,O139,Orphanage,5,1,5,1.0,2025-08-10 07:37
D2143,1261,O910,Orphanage,3,3,12,1.3,2025-08-27 07:20
D2149,4109,N171,NGO,15,2,41,1.4,2025-07-31 21:24
D2150,4598,O70,Orphanage,1,3,45,15.0,2025-08-19 08:25
D2154,4847,N792,NGO,16,1,48,3.0,2025-08-08 21:53
D2162,2786,O621,Orphanage,9,3,27,1.0,2025-08-21 10:56
D2163,1710,N355,NGO,1,2,17,8.5,2025-08-15 21:35
D2167,3538,O40,Orphanage,10,3,35,1.2,2025-08-02 03:21
D2184,3182,O582,Orphanage,9,2,31,1.7,2025-08-14 06:30
D2195,2415,N540,NGO,3,3,24,2.7,2025-07-31 02:23
D2197,745,N419,NGO,7,1,7,1.0,2025-08-21 16:10
D2204,1303,O954,Orphanage,4,3,13,1.1,2025-08-20 00:03
D2209,4935,N577,NGO,9,3,49,1.8,2025-08-25 15:40
D2210,4824,O684,Orphanage,18,2,48,1.3,2025-08-16 17:21
D2211,2708,N936,NGO,7,3,27,1.3,2025-08-03 19:37
D2225,4672,N509,NGO,6,1,46,7.7,2025-08-23 18:57
D2227,1602,O263,Orphanage,6,2,16,1.3,2025-08-07 08:14
D2231,1720,O524,Orphanage,12,1,17,1.4,2025-08-06 17:53
D2246,4509,N603,NGO,6,3,45,2.5,2025-08-11 10:27
D2248,2415,N777,NGO,12,2,24,1.0,2025-08-13 07:59
D2250,1959,N690,NGO,9,1,19,2.1,2025-08-29 03:28
D2257,3265,O563,Orphanage,10,1,32,3.2,2025-08-04 09:36
D2259,4373,O284,Orphanage,10,2,43,2.1,2025-08-06 10:15
D2269,790,O413,Orphanage,2,2,7,1.8,2025-08-28 13:01
D2273,4680,O295,Orphanage,12,2,46,1.9,2025-08-14 19:24
D2277,1842,N281,NGO,14,1,18,1.3,2025-08-15 16:20
D2278,1647,N648,NGO,8,2,16,1.0,2025-08-25 00:54
D2280,2830,O488,Orphanage,5,1,28,5.6,2025-07-29 21:14
D2287,4438,O581,Orphanage,21,2,44,1.0,2025-08-28 15:11
D2288,2285,O464,Orphanage,5,3,22,1.5,2025-08-04 04:58
D2291,3091,N667,NGO,8,3,30,1.2,2025-08-05 11:14
D2292,2485,O689,Orphanage,16,1,24,1.5,2025-08-03 00:03
D2298,592,N251,NGO,1,1,5,5.0,2025-08-06 16:56
D2299,2184,O67,Orphanage,6,3,21,1.2,2025-07-31 23:48
D2301,598,O72,Orphanage,2,1,5,2.5,2025-08-11 20:24
D2304,2870,O823,Orphanage,8,3,28,1.2,2025-08-23 22:03
D2313,2842,O739,Orphanage,20,1,28,1.4,2025-08-08 09:13
D2318,1316,N639,NGO,3,3,13,1.4,2025-08-10 02:06
D2321,3270,O740,Orphanage,10,3,32,1.1,2025-08-22 18:08
D2329,1402,N393,NGO,1,1,14,14.0,2025-08-23 20:59
D2333,1043,N962,NGO,1,1,10,10.0,2025-08-28 20:40
D2335,885,N548,NGO,1,1,8,8.0,2025-08-07 12:50
D2346,2307,N565,NGO,12,1,23,1.9,2025-08-07 20:11
D2347,823,O263,Orphanage,3,2,8,1.3,2025-08-27 06:02
D2355,3755,O380,Orphanage,4,3,37,3.1,2025-08-12 03:28
D2358,1466,N836,NGO,3,2,14,2.3,2025-08-04 13:52
D2365,4630,O324,Orphanage,16,1,46,2.9,2025-08-09 01:03
D2379,4051,O29,Orphanage,37,1,40,1.1,2025-08-25 23:59
D2382,2991,N497,NGO,11,2,29,1.3,2025-08-07 14:34
D2389,3574,N232,NGO,16,1,35,2.2,2025-08-08 13:05
D2393,1324,O922,Orphanage,4,3,13,1.1,2025-08-24 09:42
D2394,1619,N384,NGO,1,2,16,8.0,2025-08-25 06:30
D2403,3152,O139,Orphanage,3,2,31,5.2,2025-08-02 03:10
D2404,888,N462,NGO,4,2,8,1.0,2025-08-04 19:47
D2406,3725,N380,NGO,12,2,37,1.5,2025-08-10 01:38
D2410,4112,O199,Orphanage,6,3,41,2.3,2025-07-31 12:03
D2414,3578,O113,Orphanage,9,2,35,1.9,2025-08-15 16:44
D2421,2334,O925,Orphanage,8,2,23,1.4,2025-08-16 10:03
D2433,3017,N181,NGO,9,3,30,1.1,2025-08-01 12:56
D2434,1933,O202,Orphanage,15,1,19,1.3,2025-08-11 15:55
D2435,991,N66,NGO,5,1,9,1.8,2025-08-12 17:59
D2436,3369,N266,NGO,14,1,33,2.4,2025-08-03 20:44
D2443,2251,O281,Orphanage,1,3,22,7.3,2025-08-11 02:46
D2444,638,N599,NGO,2,2,6,1.5,2025-08-29 11:50
D2448,1721,O796,Orphanage,10,1,17,1.7,2025-08-01 13:41
D2471,872,N384,NGO,3,2,8,1.3,2025-08-18 03:18
D2473,4110,O434,Orphanage,14,2,41,1.5,2025-08-07 00:59
D2474,4024,N390,NGO,3,1,40,13.3,2025-08-12 12:56
D2479,3599,N369,NGO,11,3,35,1.1,2025-08-23 19:00
D2487,2603,N891,NGO,3,2,26,4.3,2025-08-08 11:04
D2491,4704,N673,NGO,6,3,47,2.6,2025-08-21 06:12
D2494,574,N694,NGO,1,3,5,1.7,2025-08-06 15:05
D2495,1447,N388,NGO,5,2,14,1.4,2025-07-30 21:22
D2498,4997,N652,NGO,11,3,49,1.5,2025-08-15 23:18
D2500,1176,N31,NGO,2,3,11,1.8,2025-08-12 23:39
D2508,3603,N671,NGO,1,3,36,12.0,2025-08-21 09:25
D2528,2634,O167,Orphanage,3,3,26,2.9,2025-08-07 01:02
D2529,2295,O607,Orphanage,4,2,22,2.8,2025-08-23 00:26
D2531,4224,O87,Orphanage,20,1,42,2.1,2025-08-15 09:38
D2538,595,N670,NGO,5,1,5,1.0,2025-08-13 06:19
D2541,3952,N805,NGO,6,1,39,6.5,2025-08-03 10:25
D2542,3448,O137,Orphanage,3,3,34,3.8,2025-07-30 21:06
D2545,4932,N787,NGO,26,1,49,1.9,2025-08-12 16:01
D2546,3687,N942,NGO,17,1,36,2.1,2025-08-09 13:14
D2557,4081,N244,NGO,18,2,40,1.1,2025-08-28 00:17
D2559,4296,N172,NGO,40,1,42,1.1,2025-08-27 23:35
D2565,1323,O812,Orphanage,6,1,13,2.2,2025-08-07 16:09
D2567,4721,N58,NGO,14,2,47,1.7,2025-08-01 01:36
D2574,4729,N259,NGO,8,3,47,2.0,2025-08-26 09:10
D2575,2732,O371,Orphanage,3,2,27,4.5,2025-08-06 21:07
D2576,4792,O666,Orphanage,37,1,47,1.3,2025-08-24 15:54
D2613,4537,N840,NGO,9,3,45,1.7,2025-08-07 04:17
D2633,4665,O526,Orphanage,45,1,46,1.0,2025-08-21 15:55
D2634,3611,O271,Orphanage,5,3,36,2.4,2025-08-03 10:07
D2653,2683,N253,NGO,2,2,26,6.5,2025-08-16 08:12
D2656,2628,N219,NGO,11,1,26,2.4,2025-08-15 17:11
D2662,4892,N114,NGO,19,2,48,1.3,2025-08-08 02:23
D2667,3518,O377,Orphanage,16,2,35,1.1,2025-08-08 20:42
D2674,1924,N443,NGO,2,2,19,4.8,2025-08-03 17:34
D2677,3134,N139,NGO,10,2,31,1.6,2025-08-13 11:56
D2682,3431,N624,NGO,4,1,34,8.5,2025-08-04 07:50
D2687,812,O914,Orphanage,5,1,8,1.6,2025-08-29 08:11
D2688,3645,N903,NGO,22,1,36,1.6,2025-08-09 21:27
D2700,2579,N973,NGO,3,1,25,8.3,2025-08-21 18:02
D2708,1233,O990,Orphanage,1,2,12,6.0,2025-08-27 23:59
D2709,961,O112,Orphanage,4,2,9,1.1,2025-07-30 07:32
D2714,1726,O636,Orphanage,5,3,17,1.1,2025-08-07 15:33
D2716,1342,O381,Orphanage,5,2,13,1.3,2025-08-11 07:15
D2717,556,O77,Orphanage,5,1,5,1.0,2025-08-20 03:14
D2718,2233,O257,Orphanage,5,3,22,1.5,2025-08-27 08:45
D2725,4909,O969,Orphanage,12,3,49,1.4,2025-08-17 03:20
D2731,4558,N784,NGO,2,3,45,7.5,2025-08-29 15:20
D2743,2622,O184,Orphanage,15,1,26,1.7,2025-08-21 03:01
D2744,3835,O933,Orphanage,11,3,38,1.2,2025-08-14 14:53
D2747,4452,N314,NGO,8,3,44,1.8,2025-08-26 21:00
D2756,3707,O128,Orphanage,7,3,37,1.8,2025-08-14 06:12
D2764,2918,O117,Orphanage,6,2,29,2.4,2025-08-14 20:11
D2773,3699,N522,NGO,6,2,36,3.0,2025-08-24 17:06
D2774,1744,N196,NGO,3,2,17,2.8,2025-08-12 23:21
D2775,4546,O646,Orphanage,15,2,45,1.5,2025-08-09 15:00
D2776,3500,O571,Orphanage,9,3,35,1.3,2025-08-06 01:49
D2778,1993,N52,NGO,7,2,19,1.4,2025-07-31 09:37
D2780,4794,O803,Orphanage,6,2,47,3.9,2025-08-29 00:25
D2785,3827,N452,NGO,10,2,38,1.9,2025-08-05 08:32
D2795,2353,O433,Orphanage,2,3,23,3.8,2025-08-01 12:47
D2804,2618,N771,NGO,5,3,26,1.7,2025-08-03 01:40
D2808,2903,O953,Orphanage,10,2,29,1.4,2025-08-11 08:56
D2815,990,O964,Orphanage,3,3,9,1.0,2025-07-31 22:31
D2820,1444,N391,NGO,4,2,14,1.8,2025-08-23 08:01
D2822,613,O309,Orphanage,5,1,6,1.2,2025-08-02 02:19
D2824,2402,O899,Orphanage,21,1,24,1.1,2025-08-15 07:53
D2828,2159,N132,NGO,20,1,21,1.1,2025-08-29 05:23
D2839,4349,N243,NGO,7,3,43,2.0,2025-08-02 10:58
D2856,780,O652,Orphanage,3,2,7,1.2,2025-08-16 19:06
D2858,3058,N882,NGO,2,3,30,5.0,2025-08-13 21:06
D2862,1386,N217,NGO,4,1,13,3.2,2025-08-18 11:50
D2871,993,O702,Orphanage,3,2,9,1.5,2025-08-03 04:23
D2875,2735,N719,NGO,10,2,27,1.4,2025-08-04 22:11
D2877,1608,O729,Orphanage,3,3,16,1.8,2025-08-07 19:05
D2878,3948,O814,Orphanage,28,1,39,1.4,2025-08-11 01:06
D2882,513,O814,Orphanage,1,3,5,1.7,2025-08-04 12:40
D2885,1441,O67,Orphanage,4,1,14,3.5,2025-08-27 16:28
D2890,888,O408,Orphanage,1,3,8,2.7,2025-08-15 04:44
D2902,3888,O915,Orphanage,3,3,38,4.2,2025-08-25 08:54
D2903,3319,O583,Orphanage,2,2,33,8.2,2025-08-05 00:16
D2909,796,O983,Orphanage,1,1,7,7.0,2025-08-01 14:58
D2919,3302,O777,Orphanage,12,2,33,1.4,2025-08-05 05:43
D2921,883,N511,NGO,1,3,8,2.7,2025-08-06 19:57
D2923,3301,N880,NGO,6,2,33,2.8,2025-08-11 18:52
D2925,2222,O103,Orphanage,21,1,22,1.0,2025-08-10 21:43
D2926,2365,O679,Orphanage,23,1,23,1.0,2025-08-22 13:17
D2937,2615,O713,Orphanage,12,2,26,1.1,2025-08-23 08:55
D2939,3543,O337,Orphanage,35,1,35,1.0,2025-08-10 01:33
D2944,1837,O192,Orphanage,4,2,18,2.2,2025-08-05 18:17
D2951,2316,N239,NGO,7,3,23,1.1,2025-07-29 21:43
D2954,3463,O803,Orphanage,5,3,34,2.3,2025-08-22 01:43
D2963,1821,O126,Orphanage,6,3,18,1.0,2025-08-06 23:08
D2971,713,N879,NGO,1,2,7,3.5,2025-08-21 20:15
D2974,4759,N193,NGO,6,3,47,2.6,2025-08-20 22:08
D2975,4034,O559,Orphanage,14,2,40,1.4,2025-08-20 10:38
D2977,2523,N229,NGO,4,2,25,3.1,2025-08-21 04:04
D2978,2370,N379,NGO,5,3,23,1.5,2025-08-12 12:14
D2988,3470,N769,NGO,11,3,34,1.0,2025-08-03 13:01
D2990,1136,O827,Orphanage,4,2,11,1.4,2025-08-16 12:19
D3003,1706,O802,Orphanage,6,1,17,2.8,2025-08-12 08:07
D3010,3239,O989,Orphanage,4,3,32,2.7,2025-08-06 18:44
D3011,3338,N265,NGO,5,2,33,3.3,2025-08-28 17:48
D3015,1991,N364,NGO,8,2,19,1.2,2025-08-05 21:56
D3041,1485,N937,NGO,12,1,14,1.2,2025-08-07 01:16
D3046,2923,O926,Orphanage,8,3,29,1.2,2025-08-22 07:09
D3072,3249,O531,Orphanage,8,2,32,2.0,2025-08-07 16:05
D3078,779,N336,NGO,2,3,7,1.2,2025-08-24 19:57
D3079,2977,O881,Orphanage,9,3,29,1.1,2025-07-31 21:52
D3080,2250,O125,Orphanage,8,2,22,1.4,2025-08-23 01:22
D3083,3664,O203,Orphanage,31,1,36,1.2,2025-08-24 06:13
D3088,2711,N348,NGO,4,1,27,6.8,2025-08-27 12:33
D3093,1667,N988,NGO,6,1,16,2.7,2025-07-30 19:40
D3096,2993,O300,Orphanage,9,3,29,1.1,2025-08-07 07:33
D3099,4872,N964,NGO,6,3,48,2.7,2025-08-10 14:41
D3102,744,O515,Orphanage,1,3,7,2.3,2025-08-10 23:14
D3104,3242,N325,NGO,6,3,32,1.8,2025-08-08 02:40
D3107,1848,O122,Orphanage,7,1,18,2.6,2025-08-03 07:49
D3110,2301,O141,Orphanage,3,1,23,7.7,2025-08-02 18:01
D3116,3459,N248,NGO,17,1,34,2.0,2025-08-13 00:15
D3120,4710,O432,Orphanage,5,2,47,4.7,2025-08-25 07:25
D3122,1786,N711,NGO,6,1,17,2.8,2025-08-06 02:08
D3127,4454,O895,Orphanage,10,2,44,2.2,2025-08-22 22:38
D3129,670,N806,NGO,2,2,6,1.5,2025-07-31 19:44
D3135,2226,O342,Orphanage,1,3,22,7.3,2025-08-21 10:17
D3136,3106,O305,Orphanage,7,2,31,2.2,2025-08-24 05:52
D3138,1709,N185,NGO,4,3,17,1.4,2025-08-27 04:23
D3139,2674,N401,NGO,25,1,26,1.0,2025-08-06 00:53
D3141,1590,O544,Orphanage,3,1,15,5.0,2025-08-09 23:43
D3145,1570,O428,Orphanage,5,3,15,1.0,2025-08-14 22:24
D3147,3381,N509,NGO,2,2,33,8.2,2025-08-22 01:42
D3151,4166,O217,Orphanage,15,1,41,2.7,2025-08-05 02:02
D3155,3509,O31,Orphanage,11,2,35,1.6,2025-08-18 18:35
D3163,3538,O565,Orphanage,13,2,35,1.3,2025-08-09 08:41
D3167,2741,O987,Orphanage,5,2,27,2.7,2025-08-02 14:12
D3173,3764,N42,NGO,11,1,37,3.4,2025-07-31 09:05
D3195,1145,O441,Orphanage,2,3,11,1.8,2025-08-27 00:25
D3199,1467,O674,Orphanage,10,1,14,1.4,2025-07-30 16:50
D3200,4806,N344,NGO,21,1,48,2.3,2025-08-21 11:04
D3205,4673,O434,Orphanage,1,3,46,15.3,2025-07-31 13:31
D3207,4297,O292,Orphanage,39,1,42,1.1,2025-08-16 00:37
D3212,1807,N973,NGO,1,1,18,18.0,2025-08-13 08:19
D3215,1832,N228,NGO,2,2,18,4.5,2025-08-08 23:46
D3222,3923,O887,Orphanage,7,3,39,1.9,2025-08-01 05:02
D3229,1082,N502,NGO,1,3,10,3.3,2025-08-08 17:26
D3231,1100,O255,Orphanage,2,3,11,1.8,2025-08-04 22:37
D3253,1055,O631,Orphanage,3,2,10,1.7,2025-08-11 01:26
D3255,4578,O88,Orphanage,4,2,45,5.6,2025-08-13 04:15
D3257,4494,N813,NGO,7,3,44,2.1,2025-08-09 22:19
D3258,4692,N309,NGO,19,2,46,1.2,2025-08-21 12:53
D3261,2145,O132,Orphanage,15,1,21,1.4,2025-08-06 00:27
D3270,1329,N130,NGO,2,3,13,2.2,2025-08-13 12:08
D3272,3146,O228,Orphanage,15,2,31,1.0,2025-07-31 11:28
D3286,575,N518,NGO,1,2,5,2.5,2025-08-07 20:41
D3289,875,N818,NGO,2,2,8,2.0,2025-08-22 06:46
D3290,3243,O493,Orphanage,8,3,32,1.3,2025-08-25 00:43
D3295,3290,N735,NGO,10,3,32,1.1,2025-08-19 07:29
D3296,1826,O536,Orphanage,8,2,18,1.1,2025-07-31 14:48
D3300,1293,O749,Orphanage,4,2,12,1.5,2025-08-13 09:57
D3311,2850,N910,NGO,11,1,28,2.5,2025-08-16 20:08
D3312,3073,N281,NGO,4,2,30,3.8,2025-08-18 11:54
D3313,764,O436,Orphanage,6,1,7,1.2,2025-08-03 09:28
D3314,3215,N385,NGO,6,1,32,5.3,2025-08-12 23:28
D3316,3683,O437,Orphanage,10,3,36,1.2,2025-08-07 01:07
D3318,3395,O850,Orphanage,9,3,33,1.2,2025-08-19 15:26
D3319,1158,O861,Orphanage,3,3,11,1.2,2025-08-23 15:07
D3341,3199,N35,NGO,25,1,31,1.2,2025-08-21 04:18
D3357,3577,N787,NGO,14,1,35,2.5,2025-08-06 17:25
D3358,2608,O202,Orphanage,5,3,26,1.7,2025-08-12 11:09
D3360,4596,N892,NGO,10,3,45,1.5,2025-08-16 10:51
D3363,2554,N288,NGO,8,2,25,1.6,2025-08-09 22:09
D3369,3485,N255,NGO,13,2,34,1.3,2025-08-10 16:47
D3377,1369,O66,Orphanage,4,1,13,3.2,2025-08-22 10:23
D3386,3710,O886,Orphanage,5,2,37,3.7,2025-08-25 09:12
D3388,2671,N726,NGO,6,3,26,1.4,2025-08-22 05:55
D3392,1138,N326,NGO,2,3,11,1.8,2025-08-29 06:14
D3425,3707,N219,NGO,8,3,37,1.5,2025-08-02 14:55
D3427,3945,O458,Orphanage,4,3,39,3.2,2025-08-17 13:57
D3429,3051,N701,NGO,13,2,30,1.2,2025-08-01 17:00
D3430,4179,O487,Orphanage,12,1,41,3.4,2025-08-06 20:31
D3437,1030,N269,NGO,2,1,10,5.0,2025-08-15 16:40
D3442,3681,O188,Orphanage,14,2,36,1.3,2025-08-01 07:23
D3447,2591,N579,NGO,1,3,25,8.3,2025-08-04 15:29
D3451,3974,O450,Orphanage,8,1,39,4.9,2025-08-29 08:32
D3452,543,N389,NGO,1,3,5,1.7,2025-08-24 07:46
D3453,4878,N779,NGO,18,1,48,2.7,2025-08-02 13:19
D3458,4997,O516,Orphanage,4,3,49,4.1,2025-08-21 17:06
D3459,937,O720,Orphanage,3,2,9,1.5,2025-08-19 17:58
D3461,3739,N422,NGO,4,3,37,3.1,2025-08-12 03:35
D3467,887,O7,Orphanage,1,1,8,8.0,2025-08-20 12:55
D3478,3755,O42,Orphanage,15,2,37,1.2,2025-08-11 23:01
D3479,788,N74,NGO,2,3,7,1.2,2025-08-07 08:25
D3485,821,O73,Orphanage,3,2,8,1.3,2025-08-14 21:21
D3486,3090,O782,Orphanage,29,1,30,1.0,2025-08-15 02:52
D3489,1441,O631,Orphanage,1,2,14,7.0,2025-08-14 15:56
D3501,1786,N493,NGO,1,3,17,5.7,2025-08-15 19:03
D3502,1282,N122,NGO,4,3,12,1.0,2025-08-06 02:46
D3506,712,O712,Orphanage,5,1,7,1.4,2025-08-19 21:29
D3507,4111,N265,NGO,12,2,41,1.7,2025-08-10 05:02
D3514,3914,O374,Orphanage,8,3,39,1.6,2025-08-23 09:27
D3536,1321,N633,NGO,4,2,13,1.6,2025-08-02 02:00
D3537,612,N773,NGO,2,3,6,1.0,2025-07-31 02:22
D3539,4010,N242,NGO,11,1,40,3.6,2025-08-02 02:16
D3540,2511,O654,Orphanage,6,3,25,1.4,2025-08-18 12:25
D3544,1809,N96,NGO,11,1,18,1.6,2025-08-26 02:06
D3552,4376,N516,NGO,5,2,43,4.3,2025-08-12 23:31
D3558,4739,O541,Orphanage,43,1,47,1.1,2025-08-28 20:40
D3562,2154,N184,NGO,5,3,21,1.4,2025-08-24 20:56
D3574,1555,O55,Orphanage,2,3,15,2.5,2025-07-31 23:56
D3581,518,O35,Orphanage,1,2,5,2.5,2025-08-04 00:05
D3582,882,O722,Orphanage,1,3,8,2.7,2025-08-20 14:04
D3594,595,O327,Orphanage,1,3,5,1.7,2025-08-08 06:58
D3601,1178,N386,NGO,1,3,11,3.7,2025-08-14 03:38
D3609,1562,O774,Orphanage,2,2,15,3.8,2025-08-07 04:38
D3611,3668,N723,NGO,22,1,36,1.6,2025-08-24 13:34
D3618,3437,O204,Orphanage,7,1,34,4.9,2025-08-02 18:37
D3623,581,O661,Orphanage,2,1,5,2.5,2025-08-29 17:55
D3625,4548,N878,NGO,12,3,45,1.2,2025-08-12 16:07
D3633,2877,N835,NGO,3,2,28,4.7,2025-08-23 20:07
D3634,2346,N661,NGO,1,3,23,7.7,2025-08-22 07:44
D3639,3407,N481,NGO,5,2,34,3.4,2025-08-17 13:41
D3641,2517,N568,NGO,1,3,25,8.3,2025-08-25 18:31
D3644,863,N543,NGO,4,1,8,2.0,2025-08-26 08:57
D3646,3501,N880,NGO,9,2,35,1.9,2025-08-18 11:30
D3650,2894,N843,NGO,26,1,28,1.1,2025-08-21 09:51
D3652,809,N314,NGO,1,3,8,2.7,2025-08-23 18:49
D3659,2536,O935,Orphanage,6,1,25,4.2,2025-08-01 04:49
D3674,545,O531,Orphanage,2,2,5,1.2,2025-08-07 12:35
D3676,4786,O109,Orphanage,19,2,47,1.2,2025-08-17 06:42
D3681,4025,N736,NGO,12,3,40,1.1,2025-08-06 02:43
D3685,4450,N200,NGO,15,2,44,1.5,2025-08-21 16:18
D3686,1277,O397,Orphanage,9,1,12,1.3,2025-08-26 19:59
D3688,2674,N47,NGO,1,2,26,13.0,2025-08-06 20:55
D3691,4990,O994,Orphanage,9,1,49,5.4,2025-08-07 22:59
D3694,2642,O871,Orphanage,3,2,26,4.3,2025-08-12 22:53
D3700,4996,N269,NGO,15,3,49,1.1,2025-08-19 11:35
D3707,4022,O798,Orphanage,6,3,40,2.2,2025-08-07 19:24
D3708,1177,N39,NGO,4,2,11,1.4,2025-08-21 04:15
D3709,1112,O18,Orphanage,1,2,11,5.5,2025-08-18 00:38
D3710,2809,N501,NGO,2,2,28,7.0,2025-08-26 18:32
D3711,4135,O628,Orphanage,4,3,41,3.4,2025-08-19 23:15
D3712,3526,O443,Orphanage,21,1,35,1.7,2025-08-29 12:11
D3718,4345,O608,Orphanage,7,2,43,3.1,2025-08-02 11:54
D3726,3483,O12,Orphanage,6,2,34,2.8,2025-08-11 04:52
D3737,1767,N599,NGO,1,2,17,8.5,2025-08-29 06:43
D3740,3325,O468,Orphanage,4,2,33,4.1,2025-08-09 02:11
D3743,4830,N206,NGO,6,1,48,8.0,2025-08-19 11:50
D3751,3001,O705,Orphanage,9,2,30,1.7,2025-08-18 22:31
D3753,2184,N120,NGO,4,3,21,1.8,2025-08-02 18:22
D3757,2031,O121,Orphanage,6,3,20,1.1,2025-08-27 07:27
D3760,3720,O471,Orphanage,16,2,37,1.2,2025-08-08 16:00
D3764,3702,N185,NGO,18,2,37,1.0,2025-08-10 14:23
D3766,3726,N140,NGO,1,1,37,37.0,2025-08-05 03:54
D3773,4256,O335,Orphanage,4,3,42,3.5,2025-08-05 04:31
D3778,1839,O223,Orphanage,8,2,18,1.1,2025-08-18 12:13
D3779,4108,N544,NGO,9,3,41,1.5,2025-08-24 04:49
D3780,1098,O222,Orphanage,1,3,10,3.3,2025-08-25 01:21
D3795,3328,N718,NGO,6,2,33,2.8,2025-08-27 06:51
D3797,3453,O639,Orphanage,13,1,34,2.6,2025-08-07 17:35
D3798,1816,O820,Orphanage,5,3,18,1.2,2025-08-06 09:29
D3801,3549,N604,NGO,5,1,35,7.0,2025-08-09 02:38
D3807,3225,N33,NGO,5,2,32,3.2,2025-08-15 21:16
D3808,1124,N788,NGO,7,1,11,1.6,2025-07-30 00:19
D3812,1339,N640,NGO,1,3,13,4.3,2025-08-20 16:26
D3814,2777,N744,NGO,8,1,27,3.4,2025-08-01 06:25
D3823,2189,O5,Orphanage,7,3,21,1.0,2025-08-28 11:21
D3824,901,O9,Orphanage,1,3,9,3.0,2025-08-01 06:55
D3825,3433,O615,Orphanage,20,1,34,1.7,2025-08-28 20:25
D3827,977,N927,NGO,1,3,9,3.0,2025-07-29 23:19
D3828,1406,O800,Orphanage,9,1,14,1.6,2025-08-29 10:26
D3836,1931,N150,NGO,3,3,19,2.1,2025-08-02 14:47
D3846,2258,N810,NGO,1,2,22,11.0,2025-08-09 12:50
D3856,2735,O985,Orphanage,5,2,27,2.7,2025-08-26 23:58
D3861,3279,N683,NGO,3,2,32,5.3,2025-08-13 05:20
D3862,1692,O233,Orphanage,11,1,16,1.5,2025-08-25 20:41
D3874,1791,N951,NGO,3,3,17,1.9,2025-08-26 05:34
D3877,4552,O90,Orphanage,3,3,45,5.0,2025-08-19 06:37
D3881,1265,O864,Orphanage,6,2,12,1.0,2025-08-09 23:47
D3883,2475,O332,Orphanage,11,1,24,2.2,2025-08-03 14:36
D3900,3715,N555,NGO,5,3,37,2.5,2025-07-31 12:04
D3903,3935,N301,NGO,15,1,39,2.6,2025-08-07 06:45
D3919,1626,N627,NGO,4,3,16,1.3,2025-08-11 04:40
D3927,1228,N343,NGO,2,3,12,2.0,2025-07-31 16:37
D3932,3902,N31,NGO,3,1,39,13.0,2025-08-21 19:17
D3934,1656,O300,Orphanage,12,1,16,1.3,2025-08-10 02:56
D3935,4794,O669,Orphanage,6,3,47,2.6,2025-08-21 17:31
D3936,665,O41,Orphanage,2,2,6,1.5,2025-08-17 23:20
D3947,4959,N466,NGO,4,3,49,4.1,2025-08-24 17:08
D3951,3436,O969,Orphanage,13,2,34,1.3,2025-08-17 10:27
D3954,2412,N182,NGO,8,2,24,1.5,2025-08-08 11:25
D3955,4054,O907,Orphanage,19,1,40,2.1,2025-08-15 13:37
D3958,1151,N31,NGO,3,1,11,3.7,2025-08-20 00:54
D3968,1764,N882,NGO,3,3,17,1.9,2025-08-26 08:15
D3983,4003,N110,NGO,2,3,40,6.7,2025-08-22 14:41
D3985,4797,N56,NGO,13,1,47,3.6,2025-08-29 16:53
D3988,830,N626,NGO,7,1,8,1.1,2025-08-18 04:12
D3995,4108,N379,NGO,2,2,41,10.2,2025-07-30 15:37
D3997,2885,O529,Orphanage,2,3,28,4.7,2025-08-01 03:07
