entity_id,entity_type,years_active,doc_verified,total_donations,avg_donation_amount,donor_reviews_score,success_rate,label
N1,NGO,5,0,13661,2271,2.5,32,0
N2,NGO,6,1,399116,966,4.4,97,1
N3,NGO,20,1,445344,3679,4.7,80,1
O4,Orphanage,6,1,230230,4846,4.6,73,1
N5,NGO,1,0,3641,2366,2.2,9,0
O6,Orphanage,7,1,177106,3023,3.6,94,1
N7,NGO,21,1,253304,2017,4.6,95,1
O8,Orphanage,1,0,23862,4806,2.5,4,0
N9,NGO,17,1,387850,3347,3.3,73,1
O10,Orphanage,9,1,208961,1217,4.5,96,1
O11,Orphanage,30,1,361111,4676,4.5,99,1
N12,NGO,1,0,35528,3693,0.6,45,0
O13,Orphanage,5,0,48279,2517,2.5,20,0
N14,NGO,26,1,213579,1111,4.2,93,1
N15,NGO,0,0,20199,1804,0.4,16,0
O16,Orphanage,27,1,459760,1094,3.6,82,1
O17,Orphanage,25,1,147974,4935,3.7,73,1
N18,NGO,3,0,49264,4496,2.5,0,0
N19,NGO,22,1,318005,3297,3.9,74,1
O20,Orphanage,21,1,449259,2236,4.2,97,1
N21,NGO,8,1,126148,2623,3.3,76,1
O22,Orphanage,24,1,327401,1030,4.2,92,1
N23,NGO,0,0,27208,2530,0.1,40,0
O24,Orphanage,5,0,42235,1334,1.0,1,0
N25,NGO,6,1,256008,1518,3.9,87,1
O26,Orphanage,16,1,329832,3474,4.7,86,1
O27,Orphanage,0,0,20126,105,0.3,37,0
N28,NGO,1,0,13379,135,1.8,14,0
N29,NGO,1,0,42663,3927,1.3,50,0
O30,Orphanage,4,0,12089,1023,1.9,15,0
N31,NGO,30,1,383663,2288,4.3,77,1
N32,NGO,5,0,6332,4452,2.0,31,0
N33,NGO,24,1,144414,1100,4.4,70,1
N34,NGO,0,0,2846,549,3.0,11,0
O35,Orphanage,26,1,489980,3453,4.9,77,1
O36,Orphanage,5,0,49221,2264,0.2,37,0
O37,Orphanage,5,0,29089,3570,2.9,18,0
O38,Orphanage,21,1,176177,623,4.5,77,1
O39,Orphanage,10,1,385165,2441,4.2,78,1
O40,Orphanage,2,0,7971,2217,1.4,49,0
N41,NGO,27,1,87713,902,3.2,93,1
O42,Orphanage,19,1,237412,3644,4.3,87,1
N43,NGO,9,1,223133,2542,3.3,91,1
N44,NGO,2,0,33672,3403,0.5,3,0
O45,Orphanage,0,0,1425,1569,0.8,50,0
N46,NGO,1,0,48141,2959,2.3,31,0
O47,Orphanage,23,1,116517,4890,4.0,73,1
O48,Orphanage,12,1,173550,4233,4.8,76,1
O49,Orphanage,6,1,72111,1975,3.1,88,1
N50,NGO,28,1,302731,3792,4.0,92,1
N51,NGO,0,0,33796,4236,1.0,19,0
N52,NGO,10,1,289091,2342,4.0,93,1
N53,NGO,17,1,434982,1638,3.9,73,1
N54,NGO,5,1,424797,2501,4.2,95,1
N55,NGO,13,1,295734,2977,3.7,78,1
O56,Orphanage,7,1,76174,4450,4.6,81,1
N57,NGO,7,1,93065,1709,3.3,81,1
O58,Orphanage,10,1,259968,4639,4.0,92,1
O59,Orphanage,25,1,499845,1424,4.9,90,1
N60,NGO,5,0,6077,4624,2.2,50,0
O61,Orphanage,22,1,267063,2478,3.8,77,1
O62,Orphanage,1,0,31554,307,1.3,28,0
N63,NGO,1,0,7239,4037,2.3,39,0
N64,NGO,5,0,12016,246,2.2,21,0
O65,Orphanage,9,1,203675,4700,3.5,89,1
O66,Orphanage,9,1,427783,4111,3.5,78,1
O67,Orphanage,22,1,363733,1642,3.1,90,1
N68,NGO,8,1,119020,1759,3.2,82,1
O69,Orphanage,8,1,239712,4907,4.3,76,1
N70,NGO,29,1,311202,4286,3.3,82,1
N71,NGO,4,0,18703,803,1.8,21,0
N72,NGO,12,1,64098,2011,4.1,71,1
O73,Orphanage,0,0,6262,3354,2.7,12,0
O74,Orphanage,12,1,55100,2194,3.8,84,1
O75,Orphanage,30,1,84865,4784,4.9,95,1
N76,NGO,5,0,30919,4148,2.4,40,0
O77,Orphanage,21,1,204091,1940,4.8,73,1
N78,NGO,2,0,4132,1237,0.0,14,0
N79,NGO,24,1,345580,2841,4.9,95,1
O80,Orphanage,5,1,196720,2703,3.5,96,1
O81,Orphanage,3,0,26810,4367,2.7,36,0
O82,Orphanage,30,1,199255,1278,4.9,73,1
N83,NGO,1,0,1606,2784,0.8,15,0
O84,Orphanage,21,1,73706,1321,4.2,88,1
N85,NGO,22,1,190418,3480,4.1,84,1
O86,Orphanage,17,1,435858,2959,4.5,73,1
N87,NGO,16,1,370956,2038,4.8,73,1
N88,NGO,10,1,154762,3429,3.2,83,1
N89,NGO,5,1,62836,2268,4.1,82,1
N90,NGO,11,1,228762,3894,4.5,72,1
O91,Orphanage,8,1,170999,2755,4.3,87,1
O92,Orphanage,15,1,373920,3163,3.1,87,1
N93,NGO,28,1,227213,1626,4.9,87,1
O94,Orphanage,30,1,248672,3621,4.6,81,1
O95,Orphanage,23,1,386515,4233,3.6,91,1
O96,Orphanage,12,1,294759,4898,3.9,84,1
O97,Orphanage,9,1,468327,1183,3.5,98,1
N98,NGO,2,0,22992,4488,0.9,10,0
O99,Orphanage,22,1,392676,1851,4.4,98,1
O100,Orphanage,18,1,204920,4476,3.0,80,1
N101,NGO,0,0,9411,1051,1.0,14,0
N102,NGO,18,1,143566,3989,3.1,74,1
O103,Orphanage,19,1,441781,1857,4.1,88,1
O104,Orphanage,20,1,285667,1100,4.1,89,1
O105,Orphanage,21,1,191629,1487,4.3,72,1
O106,Orphanage,13,1,392043,3298,4.7,87,1
O107,Orphanage,30,1,222628,3383,3.5,84,1
N108,NGO,13,1,363118,4085,4.1,81,1
N109,NGO,22,1,162939,1019,5.0,76,1
N110,NGO,8,1,170939,3636,3.1,84,1
N111,NGO,16,1,210936,1951,3.3,70,1
N112,NGO,8,1,220305,4454,4.6,72,1
O113,Orphanage,24,1,175553,2033,3.8,92,1
O114,Orphanage,23,1,379217,4167,4.1,97,1
N115,NGO,8,1,436543,1398,4.0,97,1
N116,NGO,26,1,396314,1702,3.7,72,1
N117,NGO,5,0,29746,3672,1.3,16,0
O118,Orphanage,7,1,128366,2560,4.5,85,1
O119,Orphanage,9,1,481465,3654,3.4,97,1
N120,NGO,6,1,359573,4091,4.8,90,1
N121,NGO,5,0,48652,1303,0.7,26,0
O122,Orphanage,2,0,22345,2774,0.3,3,0
O123,Orphanage,2,0,7877,3872,1.6,44,0
N124,NGO,27,1,489625,3091,3.9,87,1
N125,NGO,26,1,469695,1974,4.5,97,1
N126,NGO,1,0,29070,3408,1.9,42,0
O127,Orphanage,6,1,206055,806,4.5,98,1
N128,NGO,0,0,35048,2815,2.3,33,0
N129,NGO,23,1,52681,2455,3.1,80,1
N130,NGO,8,1,243731,637,3.2,83,1
O131,Orphanage,24,1,392413,2213,3.3,98,1
O132,Orphanage,5,0,42675,4838,2.4,41,0
O133,Orphanage,10,1,265146,4594,3.3,71,1
N134,NGO,21,1,166546,3161,5.0,84,1
O135,Orphanage,21,1,301933,2252,4.8,80,1
O136,Orphanage,30,1,359558,4925,3.7,85,1
O137,Orphanage,20,1,221586,612,4.3,93,1
N138,NGO,5,0,17053,1425,1.7,45,0
O139,Orphanage,8,1,239856,4555,3.5,74,1
N140,NGO,6,1,137322,844,4.4,70,1
O141,Orphanage,17,1,227847,2388,3.4,94,1
O142,Orphanage,4,0,33284,651,1.1,17,0
N143,NGO,0,0,37362,2061,2.6,3,0
N144,NGO,24,1,282587,1679,4.7,96,1
O145,Orphanage,20,1,154041,1976,4.4,99,1
O146,Orphanage,8,1,255385,1524,4.9,78,1
O147,Orphanage,5,0,11444,3484,1.9,43,0
N148,NGO,0,0,43158,1161,2.7,10,0
N149,NGO,29,1,339772,1718,3.9,72,1
N150,NGO,7,1,59142,2990,4.3,81,1
N151,NGO,0,0,136,3122,1.0,34,0
O152,Orphanage,23,1,237073,2901,4.2,100,1
O153,Orphanage,25,1,108248,4644,4.0,100,1
O154,Orphanage,18,1,268631,4672,4.3,93,1
O155,Orphanage,7,1,228203,2672,4.9,81,1
O156,Orphanage,2,0,8604,740,2.4,49,0
N157,NGO,5,0,45464,4552,2.6,48,0
O158,Orphanage,4,0,45353,4162,2.6,34,0
O159,Orphanage,5,1,344692,3963,4.1,94,1
N160,NGO,5,0,21869,4912,0.0,1,0
N161,NGO,21,1,428444,4721,4.8,93,1
O162,Orphanage,12,1,354114,2971,3.2,94,1
N163,NGO,11,1,246671,3872,4.7,70,1
O164,Orphanage,2,0,3144,1550,2.1,18,0
N165,NGO,0,0,1990,1016,2.8,4,0
O166,Orphanage,22,1,363556,3055,3.7,77,1
N167,NGO,6,1,420600,3257,3.7,72,1
O168,Orphanage,27,1,165800,3887,4.2,72,1
N169,NGO,24,1,451688,2210,3.5,74,1
O170,Orphanage,5,0,46831,4522,0.1,24,0
N171,NGO,30,1,209010,711,4.7,78,1
N172,NGO,1,0,44341,437,0.9,11,0
O173,Orphanage,26,1,493524,2682,3.5,91,1
N174,NGO,16,1,134315,2002,3.4,88,1
N175,NGO,2,0,46636,2198,1.1,41,0
O176,Orphanage,27,1,158478,611,3.3,83,1
N177,NGO,15,1,73968,4715,4.4,95,1
N178,NGO,16,1,415291,1185,3.2,74,1
N179,NGO,5,1,467272,2324,3.4,99,1
O180,Orphanage,10,1,353306,3106,4.9,80,1
N181,NGO,7,1,301232,3238,4.6,99,1
N182,NGO,4,0,39829,4246,1.2,38,0
N183,NGO,29,1,249887,1432,3.1,90,1
O184,Orphanage,10,1,180362,3739,4.2,96,1
O185,Orphanage,1,0,13178,1874,1.9,49,0
N186,NGO,17,1,284776,3676,3.1,85,1
O187,Orphanage,18,1,150796,1267,3.3,91,1
O188,Orphanage,3,0,14371,1961,2.9,26,0
N189,NGO,23,1,349986,3370,4.4,86,1
O190,Orphanage,20,1,128991,849,4.3,82,1
O191,Orphanage,16,1,362212,1584,3.4,84,1
O192,Orphanage,16,1,282407,4152,4.1,88,1
N193,NGO,4,0,28635,3679,1.3,11,0
O194,Orphanage,29,1,489320,1903,4.8,94,1
O195,Orphanage,21,1,250300,694,4.9,96,1
O196,Orphanage,12,1,331530,3335,3.5,97,1
N197,NGO,6,1,338078,4114,4.1,99,1
O198,Orphanage,30,1,213188,2135,4.1,92,1
N199,NGO,4,0,43459,2991,2.5,26,0
O200,Orphanage,5,1,97903,4321,3.6,87,1
O201,Orphanage,21,1,161899,570,4.5,82,1
O202,Orphanage,23,1,307535,3341,3.8,90,1
O203,Orphanage,5,0,39422,2876,3.0,14,0
O204,Orphanage,6,1,139885,3891,4.8,72,1
O205,Orphanage,4,0,25902,747,2.0,45,0
N206,NGO,28,1,487778,3698,4.9,93,1
O207,Orphanage,15,1,330658,3559,4.9,77,1
O208,Orphanage,2,0,38391,1963,1.7,28,0
O209,Orphanage,17,1,376018,1852,4.5,95,1
O210,Orphanage,2,0,6444,332,2.5,12,0
N211,NGO,0,0,1689,2228,0.8,36,0
O212,Orphanage,10,1,458800,2631,3.2,82,1
N213,NGO,5,1,303119,3284,3.5,95,1
O214,Orphanage,6,1,193872,963,4.3,73,1
O215,Orphanage,2,0,22301,1004,1.8,37,0
O216,Orphanage,20,1,258083,4356,3.6,75,1
O217,Orphanage,18,1,489690,4924,4.5,97,1
O218,Orphanage,2,0,7376,1236,0.4,29,0
O219,Orphanage,21,1,499246,4800,3.6,72,1
O220,Orphanage,11,1,360653,2456,3.3,77,1
N221,NGO,1,0,32900,4117,0.7,8,0
O222,Orphanage,29,1,316470,3469,4.5,84,1
O223,Orphanage,5,1,463014,1802,3.4,86,1
N224,NGO,25,1,492436,2725,4.6,83,1
O225,Orphanage,5,0,5177,220,1.6,32,0
O226,Orphanage,8,1,151125,4230,3.9,100,1
N227,NGO,15,1,274152,2630,3.1,93,1
N228,NGO,5,0,9636,503,0.5,10,0
N229,NGO,5,0,2544,1803,0.2,36,0
N230,NGO,21,1,130741,941,4.7,77,1
N231,NGO,3,0,47050,3442,1.4,6,0
N232,NGO,0,0,29029,1449,1.0,6,0
O233,Orphanage,8,1,78494,2754,3.0,89,1
O234,Orphanage,21,1,305060,1934,3.1,94,1
O235,Orphanage,20,1,391752,3955,4.4,85,1
N236,NGO,13,1,298374,2194,4.7,97,1
N237,NGO,28,1,96870,2252,4.8,81,1
O238,Orphanage,3,0,257,3686,2.9,27,0
O239,Orphanage,12,1,148215,2286,3.8,97,1
N240,NGO,8,1,494141,1767,3.9,71,1
O241,Orphanage,27,1,66339,1445,4.8,97,1
N242,NGO,1,0,30301,686,0.9,4,0
O243,Orphanage,17,1,99159,4625,3.2,93,1
N244,NGO,1,0,3729,4981,2.0,39,0
O245,Orphanage,17,1,253018,2670,4.9,90,1
O246,Orphanage,22,1,272345,4790,4.1,70,1
N247,NGO,26,1,344863,1153,3.3,89,1
O248,Orphanage,22,1,78964,2964,5.0,82,1
O249,Orphanage,20,1,262309,3493,4.6,84,1
N250,NGO,26,1,285889,1825,4.6,86,1
O251,Orphanage,11,1,282099,1807,3.6,82,1
O252,Orphanage,2,0,23351,2660,1.9,18,0
O253,Orphanage,12,1,399373,4618,4.0,93,1
N254,NGO,16,1,441361,3962,4.2,70,1
N255,NGO,0,0,24276,3766,1.4,11,0
N256,NGO,24,1,228663,3052,3.7,78,1
O257,Orphanage,15,1,336193,3581,4.7,87,1
N258,NGO,5,0,22154,930,1.9,48,0
N259,NGO,12,1,368507,2634,4.4,87,1
O260,Orphanage,0,0,1629,2859,2.3,38,0
N261,NGO,2,0,31095,167,1.1,48,0
O262,Orphanage,20,1,95859,2181,4.2,86,1
N263,NGO,2,0,9290,4813,2.2,4,0
O264,Orphanage,5,1,465961,4982,4.8,75,1
N265,NGO,27,1,157433,2087,3.3,81,1
O266,Orphanage,3,0,36629,1408,1.5,42,0
N267,NGO,11,1,220222,4166,4.1,81,1
O268,Orphanage,25,1,222386,3128,5.0,79,1
N269,NGO,4,0,31639,833,2.6,49,0
N270,NGO,26,1,402547,2109,4.3,75,1
O271,Orphanage,0,0,14880,1627,0.3,28,0
O272,Orphanage,0,0,17674,4102,1.5,21,0
O273,Orphanage,6,1,277671,2867,3.0,90,1
N274,NGO,0,0,4122,4048,2.8,40,0
N275,NGO,18,1,346299,2200,4.4,93,1
N276,NGO,13,1,139912,4847,3.1,74,1
O277,Orphanage,5,0,25886,3334,2.9,36,0
O278,Orphanage,18,1,458472,3502,5.0,79,1
N279,NGO,0,0,37929,3524,1.2,10,0
N280,NGO,6,1,77467,3857,3.2,80,1
N281,NGO,3,0,28369,1118,1.6,32,0
N282,NGO,12,1,498808,3196,4.0,76,1
O283,Orphanage,14,1,182680,3767,4.1,76,1
N284,NGO,13,1,235733,1688,5.0,80,1
O285,Orphanage,0,0,48605,1824,2.2,4,0
N286,NGO,16,1,63005,2429,4.3,71,1
N287,NGO,19,1,292847,3299,4.2,72,1
O288,Orphanage,15,1,246353,2658,4.8,73,1
O289,Orphanage,26,1,227696,2708,3.5,94,1
N290,NGO,6,1,70593,2532,4.8,89,1
N291,NGO,20,1,244522,4421,4.0,74,1
O292,Orphanage,5,0,30807,3868,1.1,1,0
O293,Orphanage,3,0,13271,1763,2.1,36,0
O294,Orphanage,26,1,435837,1096,3.4,84,1
O295,Orphanage,5,1,323698,2581,4.4,94,1
O296,Orphanage,16,1,462453,4886,3.1,80,1
O297,Orphanage,8,1,151854,2261,3.2,91,1
O298,Orphanage,4,0,44760,3898,1.3,23,0
O299,Orphanage,16,1,420206,4185,4.0,73,1
O300,Orphanage,14,1,87202,3679,4.4,93,1
N301,NGO,18,1,214182,1438,3.4,72,1
N302,NGO,25,1,305616,2399,3.1,96,1
O303,Orphanage,4,0,47948,4112,0.8,28,0
O304,Orphanage,3,0,18744,2586,1.8,43,0
N305,NGO,11,1,401429,2334,3.8,76,1
O306,Orphanage,2,0,17322,3547,1.2,44,0
O307,Orphanage,1,0,43020,3028,0.2,2,0
O308,Orphanage,17,1,301819,1339,4.0,76,1
N309,NGO,12,1,425594,2277,4.4,84,1
O310,Orphanage,6,1,191539,3550,4.7,71,1
N311,NGO,2,0,4030,3621,2.0,26,0
N312,NGO,16,1,458094,3477,3.9,88,1
N313,NGO,24,1,486710,2879,4.1,85,1
N314,NGO,23,1,278118,2257,4.2,84,1
O315,Orphanage,17,1,200948,2167,3.3,93,1
N316,NGO,8,1,395958,3946,3.3,78,1
N317,NGO,14,1,205471,2955,4.1,92,1
N318,NGO,3,0,7225,3747,1.0,24,0
N319,NGO,0,0,49168,482,1.9,15,0
O320,Orphanage,20,1,408385,3173,5.0,87,1
N321,NGO,24,1,246515,3425,4.7,83,1
O322,Orphanage,20,1,277734,1927,4.8,71,1
N323,NGO,6,1,276174,3140,3.6,77,1
N324,NGO,5,0,40104,4552,2.5,29,0
O325,Orphanage,11,1,126507,4784,4.5,87,1
N326,NGO,19,1,158935,2013,3.9,94,1
N327,NGO,28,1,132630,1197,3.3,70,1
N328,NGO,28,1,183260,706,3.0,78,1
N329,NGO,27,1,383767,1711,4.5,87,1
O330,Orphanage,24,1,127973,4773,3.4,83,1
N331,NGO,30,1,410558,857,4.8,96,1
O332,Orphanage,8,1,325806,4975,4.5,92,1
N333,NGO,22,1,277204,2774,4.6,90,1
N334,NGO,15,1,347425,3609,3.3,70,1
O335,Orphanage,29,1,129535,3133,4.4,83,1
N336,NGO,1,0,20359,4465,1.6,29,0
O337,Orphanage,15,1,421883,646,4.8,72,1
N338,NGO,1,0,1659,3203,1.8,8,0
N339,NGO,9,1,286514,4782,4.0,86,1
N340,NGO,8,1,457433,4289,4.1,86,1
O341,Orphanage,1,0,16933,4183,1.2,35,0
N342,NGO,5,0,28881,2279,1.8,30,0
N343,NGO,17,1,144425,3342,4.2,88,1
O344,Orphanage,1,0,27989,2336,2.0,16,0
N345,NGO,3,0,7387,4760,2.6,26,0
O346,Orphanage,3,0,35816,2442,2.5,7,0
N347,NGO,27,1,201477,1034,4.1,90,1
O348,Orphanage,2,0,46661,838,2.4,7,0
N349,NGO,12,1,499092,538,3.3,71,1
O350,Orphanage,11,1,293768,4545,3.2,94,1
N351,NGO,15,1,101695,4683,3.7,73,1
O352,Orphanage,1,0,26277,3549,1.5,14,0
N353,NGO,28,1,477840,738,3.8,91,1
N354,NGO,22,1,356238,1257,4.2,95,1
N355,NGO,18,1,474820,3141,4.9,81,1
N356,NGO,10,1,240513,2702,4.1,86,1
O357,Orphanage,15,1,224505,4399,3.5,83,1
N358,NGO,0,0,8026,657,1.1,44,0
N359,NGO,12,1,90023,2294,3.2,85,1
N360,NGO,21,1,417376,4961,3.7,87,1
N361,NGO,21,1,268196,2045,4.7,84,1
O362,Orphanage,3,0,36160,276,1.6,16,0
O363,Orphanage,5,1,445352,2394,3.8,94,1
O364,Orphanage,3,0,16721,1258,2.9,35,0
N365,NGO,30,1,78896,516,4.4,98,1
N366,NGO,4,0,4093,1890,1.5,22,0
N367,NGO,27,1,363586,583,3.7,76,1
O368,Orphanage,26,1,376696,2847,4.4,99,1
O369,Orphanage,11,1,340142,1535,3.3,80,1
N370,NGO,4,0,49508,2381,1.5,7,0
O371,Orphanage,5,0,34715,2670,2.7,11,0
O372,Orphanage,8,1,142686,1091,3.7,88,1
O373,Orphanage,28,1,392429,3610,4.1,71,1
N374,NGO,14,1,313613,4864,4.4,78,1
O375,Orphanage,25,1,483571,4356,4.3,83,1
N376,NGO,30,1,77782,2726,3.0,70,1
N377,NGO,0,0,44145,1452,0.4,6,0
O378,Orphanage,26,1,397851,1739,3.7,81,1
O379,Orphanage,5,0,25528,3585,0.0,46,0
N380,NGO,14,1,394480,3166,3.0,80,1
O381,Orphanage,10,1,341161,2583,4.5,84,1
O382,Orphanage,9,1,65329,2125,4.4,82,1
N383,NGO,27,1,238148,1923,5.0,89,1
N384,NGO,19,1,316204,4546,4.6,78,1
O385,Orphanage,26,1,145906,1030,3.6,96,1
O386,Orphanage,4,0,22492,815,1.9,20,0
O387,Orphanage,4,0,1817,1791,2.9,33,0
O388,Orphanage,21,1,290881,1963,3.6,70,1
N389,NGO,4,0,28583,1186,0.1,32,0
N390,NGO,5,0,27433,4188,0.2,46,0
O391,Orphanage,30,1,165570,869,4.8,76,1
O392,Orphanage,0,0,3493,3649,1.3,38,0
O393,Orphanage,26,1,294230,3515,4.9,86,1
O394,Orphanage,25,1,477683,903,3.9,96,1
N395,NGO,1,0,39929,2617,2.1,29,0
N396,NGO,18,1,223949,722,3.6,90,1
O397,Orphanage,5,1,395490,3411,3.5,72,1
O398,Orphanage,3,0,32091,570,2.6,25,0
O399,Orphanage,7,1,488263,727,3.8,79,1
N400,NGO,19,1,215582,4079,4.9,73,1
O401,Orphanage,29,1,200290,2744,3.5,96,1
N402,NGO,17,1,489180,1035,4.7,80,1
O403,Orphanage,14,1,133682,1115,3.8,86,1
N404,NGO,18,1,454115,3270,4.8,95,1
N405,NGO,9,1,404026,2935,3.7,95,1
O406,Orphanage,8,1,225252,3188,3.7,94,1
O407,Orphanage,22,1,151677,2729,4.1,90,1
N408,NGO,0,0,43515,1529,0.8,47,0
O409,Orphanage,18,1,86220,2628,3.5,91,1
N410,NGO,21,1,66816,1636,4.5,70,1
O411,Orphanage,8,1,196969,3531,4.6,78,1
O412,Orphanage,5,0,15034,4179,3.0,22,0
N413,NGO,7,1,292609,3910,4.4,79,1
N414,NGO,28,1,190624,786,3.6,92,1
N415,NGO,26,1,347501,781,4.2,81,1
O416,Orphanage,13,1,416544,4166,4.4,95,1
O417,Orphanage,18,1,114410,1688,3.8,97,1
N418,NGO,26,1,80323,1547,4.2,80,1
N419,NGO,30,1,476713,949,4.8,73,1
N420,NGO,27,1,384502,1691,3.7,79,1
O421,Orphanage,30,1,75555,3940,4.8,99,1
O422,Orphanage,20,1,139800,2851,3.5,99,1
O423,Orphanage,3,0,45135,3079,2.0,36,0
N424,NGO,12,1,87959,3717,4.5,82,1
O425,Orphanage,13,1,315069,1077,3.5,91,1
N426,NGO,21,1,307678,3706,4.9,76,1
N427,NGO,6,1,190367,4604,3.6,100,1
O428,Orphanage,22,1,112235,2296,4.2,71,1
N429,NGO,24,1,185004,2254,4.9,91,1
N430,NGO,3,0,33963,4512,0.2,15,0
N431,NGO,3,0,45407,2138,2.9,2,0
N432,NGO,26,1,385643,3710,4.3,77,1
O433,Orphanage,29,1,343787,4407,3.2,89,1
O434,Orphanage,12,1,372874,3174,3.7,96,1
N435,NGO,13,1,203112,3515,4.6,97,1
N436,NGO,23,1,360302,1575,4.6,75,1
N437,NGO,27,1,220395,2536,3.8,99,1
N438,NGO,3,0,46805,3473,0.1,27,0
O439,Orphanage,3,0,6773,3730,2.5,31,0
O440,Orphanage,2,0,6947,230,0.5,30,0
N441,NGO,16,1,281058,737,3.5,81,1
N442,NGO,0,0,24054,3817,1.7,44,0
O443,Orphanage,23,1,358481,2845,3.9,73,1
O444,Orphanage,30,1,356993,2558,3.7,70,1
O445,Orphanage,22,1,488768,3012,4.3,78,1
O446,Orphanage,1,0,40584,2204,1.8,21,0
N447,NGO,30,1,391893,2713,4.5,72,1
O448,Orphanage,14,1,386391,2049,4.9,98,1
O449,Orphanage,24,1,280990,2404,3.6,99,1
O450,Orphanage,27,1,134849,4615,3.4,72,1
N451,NGO,28,1,156220,4003,4.2,88,1
O452,Orphanage,1,0,29894,3900,1.2,41,0
N453,NGO,4,0,11967,1216,0.6,49,0
O454,Orphanage,9,1,79485,1238,3.2,94,1
N455,NGO,8,1,212623,4633,4.1,75,1
N456,NGO,0,0,27587,2767,0.7,15,0
N457,NGO,19,1,176417,3930,4.3,70,1
O458,Orphanage,13,1,306433,3265,4.3,96,1
N459,NGO,20,1,219236,3982,3.0,85,1
N460,NGO,14,1,82584,4279,4.6,100,1
N461,NGO,4,0,23937,4707,0.2,4,0
O462,Orphanage,15,1,181631,809,4.3,90,1
N463,NGO,26,1,416565,3077,3.8,95,1
O464,Orphanage,11,1,69833,1359,3.1,71,1
O465,Orphanage,17,1,376251,4082,4.1,73,1
O466,Orphanage,17,1,71734,4934,4.1,99,1
N467,NGO,5,0,33630,3253,2.8,32,0
O468,Orphanage,20,1,400104,2581,4.4,99,1
N469,NGO,25,1,280602,2902,3.5,76,1
O470,Orphanage,19,1,391242,4981,3.5,83,1
O471,Orphanage,22,1,479763,4719,4.8,93,1
O472,Orphanage,7,1,196292,1959,3.4,70,1
N473,NGO,10,1,376091,1639,4.9,100,1
O474,Orphanage,6,1,308225,1262,3.5,83,1
N475,NGO,27,1,176767,4240,4.0,85,1
N476,NGO,4,0,24617,322,2.3,20,0
N477,NGO,7,1,182972,3467,4.4,91,1
N478,NGO,10,1,294676,1308,3.4,76,1
N479,NGO,4,0,42606,379,1.4,0,0
O480,Orphanage,18,1,123584,3397,4.1,98,1
N481,NGO,2,0,44672,3058,0.6,3,0
N482,NGO,21,1,240940,3449,4.8,94,1
N483,NGO,20,1,427504,4814,3.6,89,1
O484,Orphanage,23,1,229612,1790,3.5,100,1
O485,Orphanage,2,0,11744,1444,1.4,33,0
N486,NGO,27,1,328697,4087,3.6,94,1
O487,Orphanage,23,1,160730,3087,3.4,74,1
N488,NGO,6,1,62402,929,4.3,86,1
O489,Orphanage,15,1,440160,4523,4.8,90,1
O490,Orphanage,19,1,477216,4945,4.7,76,1
O491,Orphanage,25,1,217383,4034,3.1,76,1
N492,NGO,24,1,263466,2321,4.5,79,1
N493,NGO,16,1,391075,4187,3.6,95,1
N494,NGO,3,0,15130,1591,0.8,36,0
O495,Orphanage,15,1,495372,1377,4.6,76,1
O496,Orphanage,8,1,224474,4007,3.4,75,1
O497,Orphanage,19,1,471712,773,4.6,79,1
N498,NGO,5,0,34568,207,1.2,38,0
O499,Orphanage,25,1,300185,4393,4.3,85,1
N500,NGO,4,0,9186,719,1.0,21,0
O501,Orphanage,24,1,361205,4497,4.4,86,1
O502,Orphanage,10,1,90611,4486,3.5,88,1
O503,Orphanage,13,1,200559,4681,4.4,80,1
O504,Orphanage,20,1,397678,1207,3.5,74,1
N505,NGO,11,1,349884,4880,3.4,91,1
N506,NGO,10,1,50995,2697,4.0,86,1
N507,NGO,2,0,9495,3637,1.3,40,0
O508,Orphanage,26,1,98314,2292,4.0,84,1
N509,NGO,3,0,6363,2619,0.9,12,0
O510,Orphanage,11,1,317560,2124,3.2,76,1
N511,NGO,5,0,12937,826,0.6,28,0
O512,Orphanage,5,1,140968,4381,4.8,70,1
N513,NGO,17,1,176235,1994,3.3,82,1
O514,Orphanage,5,0,2100,3158,2.8,34,0
N515,NGO,19,1,353920,1021,4.4,91,1
N516,NGO,23,1,265676,4272,4.0,99,1
O517,Orphanage,21,1,337395,1200,4.0,93,1
O518,Orphanage,3,0,24387,3010,1.8,38,0
O519,Orphanage,25,1,270102,917,4.5,95,1
N520,NGO,11,1,281034,1828,4.7,76,1
N521,NGO,14,1,187807,2925,4.3,95,1
N522,NGO,21,1,148090,2548,4.4,77,1
O523,Orphanage,22,1,255396,4603,3.9,98,1
O524,Orphanage,18,1,119083,4625,4.5,79,1
N525,NGO,15,1,241952,4216,4.3,96,1
N526,NGO,4,0,36606,671,0.0,32,0
O527,Orphanage,17,1,477840,936,3.5,100,1
N528,NGO,0,0,40446,1847,1.1,41,0
N529,NGO,15,1,447370,1593,3.6,81,1
N530,NGO,14,1,242166,3937,4.8,73,1
N531,NGO,3,0,6804,2630,1.3,1,0
O532,Orphanage,20,1,308471,2262,3.7,85,1
N533,NGO,2,0,42713,1946,2.7,35,0
N534,NGO,2,0,16832,1720,0.1,29,0
N535,NGO,4,0,43805,2379,1.9,20,0
O536,Orphanage,0,0,40390,1774,0.9,12,0
O537,Orphanage,15,1,52515,3942,4.3,90,1
O538,Orphanage,16,1,325931,4760,4.0,86,1
O539,Orphanage,11,1,169382,4502,4.1,87,1
O540,Orphanage,1,0,19438,2751,1.2,12,0
O541,Orphanage,19,1,375555,3668,4.0,73,1
O542,Orphanage,6,1,109754,2300,3.1,84,1
N543,NGO,5,0,19913,3226,0.2,2,0
O544,Orphanage,2,0,43552,3025,0.1,17,0
N545,NGO,5,0,5457,4285,1.2,12,0
N546,NGO,22,1,201738,3764,4.3,81,1
O547,Orphanage,3,0,21450,2254,0.6,24,0
N548,NGO,26,1,82133,1131,4.7,86,1
O549,Orphanage,4,0,4167,892,0.2,33,0
O550,Orphanage,5,0,36416,3621,1.4,19,0
O551,Orphanage,14,1,260519,1998,4.2,91,1
N552,NGO,20,1,350301,552,4.5,83,1
N553,NGO,5,1,79446,2839,3.5,80,1
N554,NGO,17,1,85689,1491,4.5,79,1
O555,Orphanage,13,1,92729,904,4.2,92,1
O556,Orphanage,1,0,24561,471,1.4,14,0
N557,NGO,12,1,400457,4895,3.7,99,1
N558,NGO,5,0,33866,976,1.5,50,0
O559,Orphanage,23,1,278719,692,4.0,92,1
O560,Orphanage,18,1,139805,2236,4.4,83,1
O561,Orphanage,17,1,102303,651,4.4,76,1
N562,NGO,16,1,129056,1007,4.9,93,1
N563,NGO,27,1,342040,4621,4.4,85,1
N564,NGO,7,1,453701,2006,3.6,86,1
O565,Orphanage,16,1,59689,1754,3.2,80,1
N566,NGO,5,0,48833,3805,2.6,41,0
N567,NGO,14,1,299283,1093,3.3,71,1
O568,Orphanage,19,1,52265,3997,4.4,83,1
O569,Orphanage,0,0,10327,1043,2.2,33,0
N570,NGO,28,1,427573,3626,4.8,82,1
N571,NGO,29,1,62834,2451,3.9,79,1
O572,Orphanage,3,0,10244,1574,0.2,44,0
N573,NGO,7,1,93473,2261,4.3,90,1
O574,Orphanage,30,1,282158,3191,4.2,89,1
O575,Orphanage,14,1,212855,1211,3.8,73,1
O576,Orphanage,23,1,442598,1697,4.6,72,1
N577,NGO,7,1,347753,3645,4.2,75,1
O578,Orphanage,17,1,394405,1343,4.3,85,1
O579,Orphanage,24,1,116288,3979,3.7,87,1
O580,Orphanage,24,1,76339,2316,3.4,97,1
N581,NGO,30,1,394053,3704,4.7,86,1
N582,NGO,4,0,7349,1778,2.3,3,0
N583,NGO,30,1,343647,1570,4.0,78,1
N584,NGO,5,0,38112,3794,0.5,5,0
O585,Orphanage,17,1,279802,2451,3.2,77,1
O586,Orphanage,12,1,440876,1446,4.8,82,1
O587,Orphanage,17,1,488795,2083,5.0,100,1
N588,NGO,22,1,311517,4151,3.3,86,1
N589,NGO,28,1,277433,2901,4.9,75,1
N590,NGO,11,1,479388,583,4.7,83,1
O591,Orphanage,2,0,2251,1856,1.4,34,0
O592,Orphanage,25,1,429192,611,5.0,71,1
O593,Orphanage,7,1,97544,2468,3.3,85,1
N594,NGO,19,1,362689,2690,4.5,80,1
N595,NGO,25,1,343624,3290,3.3,83,1
O596,Orphanage,6,1,459422,4809,3.3,93,1
O597,Orphanage,6,1,182435,3343,3.5,75,1
O598,Orphanage,11,1,497303,1779,3.3,88,1
N599,NGO,14,1,179376,2065,3.3,85,1
N600,NGO,2,0,14357,1279,1.8,14,0
O601,Orphanage,7,1,209656,506,3.7,85,1
O602,Orphanage,3,0,23702,195,0.1,41,0
N603,NGO,27,1,397833,4883,3.6,79,1
O604,Orphanage,0,0,24963,1671,2.9,31,0
O605,Orphanage,26,1,260531,4433,3.6,93,1
N606,NGO,3,0,16699,3531,1.1,10,0
O607,Orphanage,15,1,321510,4398,4.8,81,1
N608,NGO,8,1,346260,4305,4.2,72,1
N609,NGO,28,1,93898,634,3.4,71,1
N610,NGO,11,1,235385,2619,3.7,73,1
O611,Orphanage,0,0,17353,237,2.6,1,0
O612,Orphanage,10,1,483859,574,3.2,93,1
N613,NGO,25,1,109887,1925,3.5,99,1
N614,NGO,16,1,97057,1974,3.6,73,1
N615,NGO,15,1,433310,791,5.0,94,1
O616,Orphanage,8,1,118053,2299,3.9,70,1
N617,NGO,4,0,20728,287,0.4,27,0
O618,Orphanage,2,0,4562,460,1.8,35,0
O619,Orphanage,18,1,103330,1203,4.4,94,1
N620,NGO,5,0,36916,485,0.2,42,0
O621,Orphanage,0,0,13654,3100,2.4,50,0
N622,NGO,21,1,408240,1466,3.9,72,1
O623,Orphanage,20,1,253471,4729,3.2,87,1
N624,NGO,18,1,130942,1741,4.7,97,1
N625,NGO,4,0,13456,3801,1.0,47,0
N626,NGO,23,1,218771,3374,3.2,99,1
O627,Orphanage,8,1,184471,4353,3.2,72,1
N628,NGO,19,1,83425,1630,3.5,95,1
N629,NGO,29,1,105263,1836,4.9,87,1
N630,NGO,5,0,34269,3223,1.5,35,0
N631,NGO,30,1,138212,1223,3.1,85,1
N632,NGO,4,0,34903,3751,1.1,43,0
O633,Orphanage,14,1,308672,832,4.1,72,1
O634,Orphanage,0,0,6735,4087,0.3,48,0
O635,Orphanage,11,1,487532,1743,4.4,98,1
O636,Orphanage,11,1,431213,2266,4.2,89,1
N637,NGO,10,1,389532,1582,3.5,89,1
O638,Orphanage,26,1,336999,4807,3.7,76,1
O639,Orphanage,29,1,492377,2206,4.8,78,1
O640,Orphanage,10,1,136600,1506,3.4,76,1
N641,NGO,1,0,20116,2224,0.0,36,0
O642,Orphanage,6,1,229568,3829,3.1,78,1
N643,NGO,14,1,488468,827,4.8,80,1
O644,Orphanage,21,1,243068,2155,3.9,90,1
O645,Orphanage,1,0,40587,4498,0.0,27,0
N646,NGO,17,1,420061,2779,4.3,99,1
N647,NGO,16,1,278057,810,3.0,94,1
N648,NGO,2,0,20022,4628,2.7,39,0
O649,Orphanage,19,1,154379,2939,4.5,87,1
O650,Orphanage,1,0,33555,3105,1.2,37,0
N651,NGO,3,0,19709,3099,2.7,42,0
O652,Orphanage,6,1,398154,2101,4.8,95,1
O653,Orphanage,6,1,309776,1005,4.4,71,1
N654,NGO,5,1,365211,2862,3.4,80,1
N655,NGO,0,0,34350,4581,1.3,38,0
N656,NGO,20,1,226192,4365,4.1,90,1
O657,Orphanage,15,1,138285,2028,3.9,97,1
O658,Orphanage,22,1,100241,2921,4.6,85,1
O659,Orphanage,26,1,434725,4902,4.0,93,1
O660,Orphanage,15,1,306985,3571,3.1,96,1
N661,NGO,16,1,344479,1416,3.8,82,1
N662,NGO,6,1,141093,4912,3.8,86,1
O663,Orphanage,19,1,283978,1762,4.7,80,1
O664,Orphanage,2,0,8731,3362,1.7,0,0
N665,NGO,21,1,391924,3764,4.4,86,1
O666,Orphanage,1,0,28366,3503,2.0,23,0
N667,NGO,13,1,476445,892,4.0,84,1
O668,Orphanage,27,1,157049,4688,4.4,93,1
O669,Orphanage,5,0,12848,2629,2.1,46,0
N670,NGO,20,1,235342,1259,3.7,97,1
O671,Orphanage,13,1,167258,2016,3.5,96,1
O672,Orphanage,18,1,420802,4891,4.2,74,1
N673,NGO,15,1,134405,820,3.1,82,1
O674,Orphanage,4,0,21700,977,0.6,28,0
O675,Orphanage,19,1,67376,4922,4.0,81,1
O676,Orphanage,24,1,217423,732,4.8,85,1
N677,NGO,26,1,108489,2639,4.6,73,1
N678,NGO,15,1,361053,3519,3.6,100,1
O679,Orphanage,4,0,3572,4531,1.4,13,0
O680,Orphanage,30,1,369890,2292,3.5,99,1
N681,NGO,25,1,450613,1371,4.8,88,1
N682,NGO,9,1,54619,681,3.7,74,1
O683,Orphanage,2,0,8316,1950,2.9,38,0
O684,Orphanage,8,1,199702,3286,3.8,83,1
N685,NGO,1,0,5208,4310,0.9,40,0
N686,NGO,29,1,146423,3268,4.7,86,1
N687,NGO,28,1,364944,1652,3.7,77,1
O688,Orphanage,25,1,345935,2609,4.7,78,1
O689,Orphanage,0,0,14140,2463,2.3,13,0
N690,NGO,4,0,2693,2897,2.3,37,0
O691,Orphanage,3,0,36793,4022,1.8,36,0
O692,Orphanage,28,1,356459,4335,4.4,83,1
O693,Orphanage,20,1,340468,785,3.3,78,1
O694,Orphanage,17,1,457449,2174,4.4,98,1
N695,NGO,12,1,354893,549,4.0,71,1
O696,Orphanage,11,1,292158,1716,4.0,70,1
O697,Orphanage,25,1,405856,1550,4.4,98,1
O698,Orphanage,5,0,29603,1403,2.4,44,0
N699,NGO,21,1,134032,2406,3.9,78,1
N700,NGO,9,1,391269,1773,3.6,73,1
N701,NGO,13,1,164877,3932,3.1,93,1
O702,Orphanage,8,1,96278,4013,3.9,75,1
N703,NGO,30,1,103135,4641,3.4,93,1
N704,NGO,0,0,13117,3230,0.1,17,0
O705,Orphanage,9,1,267986,2361,4.8,70,1
O706,Orphanage,20,1,108798,4290,3.2,95,1
N707,NGO,18,1,485516,3933,3.0,72,1
N708,NGO,19,1,326082,2366,4.4,96,1
N709,NGO,26,1,167000,2435,3.5,82,1
O710,Orphanage,19,1,148315,3419,3.3,84,1
N711,NGO,9,1,462376,2712,4.2,98,1
N712,NGO,4,0,15949,2366,0.5,13,0
O713,Orphanage,6,1,172829,3343,4.5,97,1
O714,Orphanage,16,1,371067,2945,4.8,84,1
N715,NGO,17,1,67247,2756,4.0,84,1
O716,Orphanage,28,1,499246,4509,4.7,83,1
N717,NGO,3,0,4724,935,0.2,26,0
O718,Orphanage,9,1,361675,1266,3.9,72,1
N719,NGO,30,1,472672,2925,4.9,83,1
O720,Orphanage,9,1,312813,2831,4.1,71,1
N721,NGO,5,0,31117,3995,2.5,8,0
O722,Orphanage,0,0,46563,2582,2.3,25,0
O723,Orphanage,5,1,134531,869,4.4,100,1
N724,NGO,17,1,204595,3201,4.7,77,1
O725,Orphanage,17,1,471213,3896,4.0,83,1
O726,Orphanage,25,1,448748,4769,5.0,81,1
O727,Orphanage,1,0,33210,4954,2.6,4,0
N728,NGO,19,1,261249,2212,3.6,94,1
O729,Orphanage,14,1,321243,1013,4.5,93,1
N730,NGO,19,1,332028,710,3.7,89,1
O731,Orphanage,17,1,183832,1116,3.5,85,1
N732,NGO,14,1,89897,504,4.0,89,1
O733,Orphanage,4,0,26870,3930,0.9,34,0
O734,Orphanage,11,1,301043,4748,4.6,94,1
N735,NGO,14,1,286452,1776,4.4,74,1
N736,NGO,4,0,27577,4771,1.4,1,0
O737,Orphanage,14,1,270062,4006,4.2,72,1
N738,NGO,9,1,58274,1251,4.8,84,1
O739,Orphanage,13,1,366946,3087,4.2,98,1
O740,Orphanage,27,1,132490,3738,3.7,96,1
O741,Orphanage,13,1,428696,1257,4.7,90,1
O742,Orphanage,5,1,342773,2720,4.8,73,1
N743,NGO,4,0,6797,4353,2.0,26,0
N744,NGO,28,1,373257,3773,3.8,89,1
O745,Orphanage,5,0,28266,2546,2.7,46,0
N746,NGO,4,0,20264,4892,2.7,37,0
O747,Orphanage,9,1,460129,4594,5.0,94,1
N748,NGO,11,1,258078,1018,3.8,74,1
N749,NGO,23,1,57662,4239,4.0,98,1
O750,Orphanage,4,0,24929,3339,0.6,32,0
O751,Orphanage,28,1,225806,1430,4.9,94,1
O752,Orphanage,3,0,27963,882,2.0,14,0
O753,Orphanage,15,1,329152,4858,4.3,73,1
N754,NGO,16,1,422759,4067,3.3,73,1
O755,Orphanage,4,0,39711,1852,1.5,26,0
N756,NGO,0,0,49803,3864,2.8,38,0
N757,NGO,22,1,194715,3702,4.2,98,1
N758,NGO,1,0,22407,1077,1.5,33,0
N759,NGO,13,1,240481,2726,4.3,92,1
N760,NGO,25,1,274024,2853,4.7,74,1
N761,NGO,10,1,314742,3012,3.0,70,1
O762,Orphanage,18,1,412101,3346,3.3,88,1
N763,NGO,9,1,230861,4591,4.6,79,1
N764,NGO,5,1,268325,2411,3.1,84,1
O765,Orphanage,0,0,4509,4634,0.7,1,0
O766,Orphanage,27,1,169725,4255,5.0,73,1
O767,Orphanage,15,1,426924,1901,4.2,99,1
O768,Orphanage,21,1,471573,2894,4.9,91,1
N769,NGO,29,1,444931,1934,3.0,88,1
N770,NGO,22,1,321543,3349,3.5,81,1
O771,Orphanage,21,1,210679,3441,4.4,76,1
N772,NGO,28,1,377895,2115,3.9,91,1
O773,Orphanage,3,0,13738,1504,2.7,4,0
N774,NGO,20,1,368117,3949,4.9,73,1
N775,NGO,11,1,312505,4831,4.0,88,1
O776,Orphanage,17,1,423500,1535,4.5,100,1
O777,Orphanage,5,1,100171,3361,4.6,94,1
N778,NGO,10,1,92295,4949,4.0,87,1
N779,NGO,13,1,218725,4376,3.0,97,1
O780,Orphanage,9,1,315486,2489,3.6,83,1
N781,NGO,8,1,342864,3472,3.6,77,1
N782,NGO,23,1,76772,3136,3.3,74,1
O783,Orphanage,25,1,152023,4115,3.8,76,1
N784,NGO,1,0,10181,3658,1.7,2,0
N785,NGO,18,1,295014,884,4.0,87,1
N786,NGO,2,0,35271,1981,1.6,11,0
O787,Orphanage,3,0,32640,4618,1.1,39,0
O788,Orphanage,27,1,114094,1355,3.8,86,1
O789,Orphanage,29,1,222148,4012,3.7,99,1
N790,NGO,15,1,267474,1638,3.4,75,1
N791,NGO,13,1,165226,3960,4.3,99,1
N792,NGO,6,1,355944,2935,3.6,93,1
N793,NGO,5,1,183165,2142,5.0,92,1
O794,Orphanage,5,0,48068,418,0.9,27,0
O795,Orphanage,18,1,100498,4160,4.9,81,1
N796,NGO,3,0,3366,302,1.5,0,0
N797,NGO,16,1,324295,3865,3.4,91,1
O798,Orphanage,4,0,45634,2671,1.1,3,0
O799,Orphanage,5,0,47033,4031,1.6,16,0
O800,Orphanage,10,1,219506,4230,4.6,94,1
O801,Orphanage,0,0,15659,4877,1.7,8,0
O802,Orphanage,5,0,34855,3603,0.0,15,0
N803,NGO,25,1,460155,580,4.4,76,1
O804,Orphanage,10,1,257895,4777,4.0,73,1
O805,Orphanage,11,1,329473,822,4.4,90,1
N806,NGO,22,1,157480,537,3.3,88,1
O807,Orphanage,5,0,10796,2683,0.1,38,0
O808,Orphanage,14,1,131487,1214,3.8,85,1
N809,NGO,13,1,107474,4136,3.0,100,1
N810,NGO,10,1,365186,2732,4.2,76,1
O811,Orphanage,23,1,171023,4251,4.7,83,1
O812,Orphanage,20,1,425222,2340,4.9,88,1
O813,Orphanage,3,0,7443,4551,0.7,12,0
O814,Orphanage,10,1,279732,4840,3.1,84,1
O815,Orphanage,5,0,48787,1908,1.9,49,0
O816,Orphanage,30,1,376621,634,3.1,70,1
N817,NGO,12,1,420542,3125,4.1,86,1
N818,NGO,21,1,456798,2001,3.9,92,1
N819,NGO,25,1,480384,2569,4.9,77,1
N820,NGO,4,0,18367,3089,0.5,42,0
N821,NGO,14,1,266410,4503,4.8,96,1
N822,NGO,17,1,204811,1412,4.5,93,1
O823,Orphanage,28,1,253783,1333,3.3,94,1
N824,NGO,14,1,310796,2179,3.4,97,1
N825,NGO,4,0,22588,3648,2.3,35,0
O826,Orphanage,8,1,384020,3651,3.8,78,1
N827,NGO,2,0,34496,2009,1.3,50,0
N828,NGO,12,1,333199,726,3.6,86,1
N829,NGO,0,0,32013,3872,2.9,16,0
N830,NGO,24,1,457224,1325,3.7,87,1
O831,Orphanage,1,0,7463,2366,1.1,42,0
N832,NGO,11,1,72974,4421,4.7,88,1
N833,NGO,29,1,286838,900,3.6,94,1
N834,NGO,24,1,336920,4231,3.9,95,1
O835,Orphanage,2,0,41208,801,0.5,19,0
O836,Orphanage,16,1,89207,2260,3.2,98,1
N837,NGO,11,1,235731,4317,3.6,80,1
O838,Orphanage,1,0,10287,3501,1.1,4,0
N839,NGO,15,1,407542,827,4.2,98,1
O840,Orphanage,7,1,498117,4041,4.5,95,1
N841,NGO,5,0,22963,662,1.9,21,0
O842,Orphanage,9,1,347025,588,4.6,88,1
N843,NGO,14,1,394053,3075,3.5,71,1
N844,NGO,0,0,15281,3389,2.8,28,0
N845,NGO,18,1,357671,2503,4.8,82,1
N846,NGO,17,1,231962,1807,4.1,89,1
O847,Orphanage,15,1,418825,1264,3.5,74,1
O848,Orphanage,2,0,7997,1573,1.1,28,0
N849,NGO,2,0,3210,3329,1.6,11,0
O850,Orphanage,6,1,211718,1314,3.6,94,1
N851,NGO,13,1,166646,4515,3.1,83,1
N852,NGO,16,1,108175,3815,4.0,98,1
O853,Orphanage,30,1,242278,3983,3.9,86,1
O854,Orphanage,28,1,339279,720,4.8,95,1
O855,Orphanage,16,1,92459,1993,4.3,87,1
N856,NGO,24,1,290447,3766,4.9,82,1
N857,NGO,1,0,4650,304,1.5,46,0
O858,Orphanage,2,0,6605,3435,2.6,49,0
N859,NGO,19,1,362323,538,3.0,79,1
O860,Orphanage,0,0,27275,374,1.0,7,0
O861,Orphanage,13,1,287138,2538,4.7,94,1
O862,Orphanage,17,1,172374,3939,3.5,75,1
O863,Orphanage,24,1,277551,2732,4.5,73,1
O864,Orphanage,11,1,399435,3507,4.6,77,1
N865,NGO,1,0,11871,1684,0.8,12,0
O866,Orphanage,8,1,316881,3558,3.9,88,1
O867,Orphanage,5,0,30461,1413,0.3,17,0
N868,NGO,3,0,22358,2511,1.9,7,0
O869,Orphanage,5,0,24229,2169,2.3,33,0
O870,Orphanage,4,0,20795,3346,2.5,45,0
N871,NGO,5,0,11065,1742,0.7,6,0
O872,Orphanage,26,1,398332,4202,4.5,83,1
O873,Orphanage,27,1,94645,1549,3.8,83,1
O874,Orphanage,5,1,215035,2371,4.0,100,1
N875,NGO,0,0,41263,4008,2.1,27,0
O876,Orphanage,11,1,101174,3355,4.9,75,1
N877,NGO,29,1,290670,1441,3.1,70,1
O878,Orphanage,2,0,8226,625,0.4,35,0
O879,Orphanage,22,1,229776,775,4.7,70,1
N880,NGO,12,1,70846,3845,4.2,84,1
N881,NGO,9,1,470809,2049,4.5,74,1
N882,NGO,2,0,21696,4341,2.4,13,0
N883,NGO,4,0,18178,4771,0.5,39,0
O884,Orphanage,26,1,225001,4331,3.7,75,1
O885,Orphanage,23,1,193657,3099,3.5,76,1
N886,NGO,4,0,35302,3272,2.2,15,0
O887,Orphanage,29,1,494871,4889,3.8,87,1
O888,Orphanage,18,1,468084,2390,3.2,86,1
N889,NGO,3,0,4679,425,0.2,35,0
O890,Orphanage,20,1,488922,1508,4.7,92,1
N891,NGO,2,0,43265,4081,0.8,27,0
O892,Orphanage,16,1,266197,1104,4.6,82,1
O893,Orphanage,11,1,189811,2560,3.4,93,1
O894,Orphanage,14,1,242318,3368,3.2,77,1
N895,NGO,7,1,54337,4479,4.9,99,1
O896,Orphanage,5,0,22351,3297,0.8,16,0
O897,Orphanage,4,0,45224,1607,2.9,11,0
O898,Orphanage,15,1,78561,2582,4.5,93,1
O899,Orphanage,6,1,161172,2044,3.1,92,1
N900,NGO,20,1,79924,2324,4.8,82,1
O901,Orphanage,11,1,136024,2967,4.7,94,1
N902,NGO,29,1,405269,3271,4.6,78,1
O903,Orphanage,4,0,20076,532,0.5,48,0
N904,NGO,21,1,355745,2031,4.3,88,1
O905,Orphanage,2,0,15968,888,0.0,23,0
O906,Orphanage,22,1,257154,3873,3.0,88,1
O907,Orphanage,20,1,189630,4980,3.1,81,1
N908,NGO,25,1,53812,4686,4.4,72,1
N909,NGO,14,1,157388,4388,3.8,77,1
N910,NGO,13,1,229518,1864,4.9,99,1
N911,NGO,13,1,278266,775,4.2,88,1
N912,NGO,1,0,42285,2734,0.6,2,0
N913,NGO,22,1,116671,4247,3.5,91,1
O914,Orphanage,26,1,224856,3842,3.9,87,1
O915,Orphanage,3,0,39895,4788,1.2,37,0
O916,Orphanage,3,0,2953,1009,1.0,19,0
N917,NGO,1,0,8010,665,2.2,14,0
N918,NGO,1,0,23485,4340,1.2,34,0
O919,Orphanage,4,0,2207,4245,2.1,24,0
N920,NGO,27,1,233147,3324,3.7,72,1
N921,NGO,1,0,4064,4817,2.6,30,0
N922,NGO,2,0,7064,4336,0.3,14,0
O923,Orphanage,22,1,147319,1480,3.1,86,1
O924,Orphanage,19,1,116975,2689,4.1,87,1
N925,NGO,6,1,432526,4715,4.4,86,1
N926,NGO,11,1,239518,2975,4.4,89,1
O927,Orphanage,6,1,315880,1888,3.4,92,1
N928,NGO,27,1,205699,2411,4.6,99,1
N929,NGO,0,0,46475,2556,0.6,32,0
N930,NGO,4,0,29366,917,1.4,13,0
N931,NGO,2,0,21620,2656,1.6,42,0
N932,NGO,17,1,177556,890,3.4,85,1
N933,NGO,4,0,37591,2865,1.1,18,0
N934,NGO,25,1,282348,4215,4.8,72,1
O935,Orphanage,0,0,22756,4832,1.7,11,0
O936,Orphanage,25,1,334137,943,3.2,91,1
N937,NGO,16,1,325980,4571,3.7,81,1
N938,NGO,0,0,20590,3619,0.6,13,0
N939,NGO,4,0,4020,2150,0.0,22,0
N940,NGO,1,0,9596,4105,1.4,20,0
O941,Orphanage,30,1,115875,2972,4.5,89,1
N942,NGO,20,1,425926,3495,3.7,98,1
N943,NGO,4,0,19760,1464,2.8,45,0
O944,Orphanage,1,0,18753,127,1.5,42,0
N945,NGO,7,1,105312,3246,4.1,95,1
O946,Orphanage,28,1,85412,828,4.6,83,1
O947,Orphanage,12,1,404240,2693,3.2,90,1
N948,NGO,6,1,231171,1098,4.5,94,1
N949,NGO,27,1,142002,3737,4.1,86,1
N950,NGO,23,1,133851,2259,3.2,92,1
O951,Orphanage,16,1,452616,2792,3.5,74,1
N952,NGO,9,1,320837,1910,3.9,98,1
N953,NGO,7,1,140737,3747,3.2,95,1
N954,NGO,21,1,72986,2596,3.9,88,1
N955,NGO,0,0,7526,1439,0.4,10,0
O956,Orphanage,22,1,371912,755,4.7,79,1
N957,NGO,10,1,196481,3771,3.9,76,1
N958,NGO,1,0,47443,227,1.7,33,0
N959,NGO,28,1,165199,792,3.6,85,1
O960,Orphanage,5,0,5134,3533,0.9,23,0
O961,Orphanage,17,1,361367,1523,3.7,70,1
N962,NGO,0,0,26914,1915,0.9,22,0
O963,Orphanage,26,1,210541,1335,4.5,71,1
N964,NGO,18,1,410799,4640,4.5,74,1
N965,NGO,29,1,412502,903,3.2,95,1
N966,NGO,17,1,493453,3773,3.9,98,1
N967,NGO,1,0,23176,3585,0.1,30,0
O968,Orphanage,11,1,201770,1304,4.8,98,1
N969,NGO,5,0,33964,319,1.1,6,0
N970,NGO,22,1,244366,742,4.0,87,1
N971,NGO,27,1,135850,2624,3.6,91,1
O972,Orphanage,7,1,488667,1945,4.1,87,1
O973,Orphanage,14,1,437272,3967,4.4,88,1
N974,NGO,7,1,476894,1153,4.2,80,1
O975,Orphanage,8,1,356596,904,3.2,98,1
O976,Orphanage,4,0,36949,279,0.6,3,0
O977,Orphanage,24,1,413738,4965,3.6,93,1
N978,NGO,27,1,52026,3978,4.7,84,1
O979,Orphanage,16,1,497630,2749,4.0,78,1
O980,Orphanage,17,1,186374,2508,3.0,98,1
N981,NGO,17,1,292398,2894,4.4,74,1
N982,NGO,5,1,199244,4470,5.0,70,1
O983,Orphanage,28,1,237965,3279,3.5,94,1
N984,NGO,23,1,488118,4510,3.6,98,1
N985,NGO,5,0,4939,1767,3.0,31,0
N986,NGO,25,1,125037,1430,4.2,74,1
O987,Orphanage,24,1,53589,4669,4.9,91,1
N988,NGO,1,0,10866,872,2.9,16,0
O989,Orphanage,23,1,134257,1932,4.1,84,1
O990,Orphanage,11,1,139733,3051,4.4,98,1
N991,NGO,11,1,251426,2657,4.4,77,1
O992,Orphanage,10,1,180073,2453,3.2,87,1
N993,NGO,24,1,209316,3654,4.8,83,1
N994,NGO,4,0,49329,2113,1.1,8,0
N995,NGO,5,0,38006,3110,1.2,19,0
O996,Orphanage,21,1,415426,822,3.4,84,1
N997,NGO,4,0,13958,314,2.0,26,0
O998,Orphanage,10,1,243540,978,3.5,98,1
O999,Orphanage,22,1,434520,972,4.2,80,1
N1000,NGO,19,1,420021,2862,4.4,76,1
N1001,NGO,7,1,460879,3265,4.8,88,1
O1002,Orphanage,2,0,10669,2895,0.9,11,0
O1003,Orphanage,4,0,11879,170,1.0,1,0
O1004,Orphanage,19,1,211094,3310,3.1,99,1
O1005,Orphanage,0,0,25184,3451,0.6,3,0
O1006,Orphanage,23,1,153957,2167,4.6,72,1
N1007,NGO,1,0,37880,4940,1.3,21,0
O1008,Orphanage,11,1,470705,1940,3.1,77,1
N1009,NGO,8,1,404205,3873,4.0,81,1
O1010,Orphanage,1,0,36243,220,0.1,1,0
N1011,NGO,5,0,42058,1916,1.9,2,0
O1012,Orphanage,5,0,18970,3598,1.7,9,0
O1013,Orphanage,17,1,462783,3443,4.6,93,1
O1014,Orphanage,1,0,19745,4982,1.3,44,0
O1015,Orphanage,16,1,140011,4228,4.8,80,1
N1016,NGO,25,1,87871,677,4.1,89,1
N1017,NGO,8,1,145662,3609,4.5,85,1
O1018,Orphanage,12,1,133274,4129,4.3,83,1
N1019,NGO,13,1,353134,1216,3.3,88,1
O1020,Orphanage,18,1,94801,2703,4.0,99,1
N1021,NGO,13,1,349290,576,4.1,77,1
N1022,NGO,28,1,190812,1004,3.4,99,1
O1023,Orphanage,11,1,313877,2303,3.1,78,1
N1024,NGO,25,1,76899,4727,4.4,93,1
O1025,Orphanage,1,0,49685,2162,0.4,15,0
O1026,Orphanage,5,1,168772,972,3.8,72,1
N1027,NGO,10,1,455606,2825,3.6,71,1
N1028,NGO,25,1,370082,855,4.1,92,1
N1029,NGO,16,1,336118,1136,3.7,75,1
N1030,NGO,11,1,53207,4190,4.6,76,1
N1031,NGO,22,1,383595,3489,4.4,99,1
O1032,Orphanage,23,1,321244,3971,3.9,99,1
O1033,Orphanage,30,1,303816,3299,3.5,89,1
O1034,Orphanage,9,1,179844,3873,4.9,71,1
N1035,NGO,17,1,132454,4682,4.6,75,1
O1036,Orphanage,6,1,57655,3865,4.7,95,1
O1037,Orphanage,8,1,160525,4990,3.2,71,1
O1038,Orphanage,19,1,442366,2460,4.0,91,1
N1039,NGO,21,1,204441,2198,3.4,85,1
O1040,Orphanage,20,1,145510,4601,4.9,94,1
N1041,NGO,4,0,21473,1063,0.8,10,0
N1042,NGO,8,1,167631,3268,4.5,88,1
O1043,Orphanage,22,1,130568,2777,4.7,86,1
N1044,NGO,6,1,112488,2141,4.7,82,1
N1045,NGO,21,1,407974,2903,4.5,90,1
N1046,NGO,17,1,218281,3368,3.3,97,1
O1047,Orphanage,2,0,37830,3902,2.2,13,0
N1048,NGO,25,1,150044,2388,3.4,91,1
N1049,NGO,8,1,472260,2700,4.7,78,1
N1050,NGO,30,1,160184,2544,4.1,94,1
N1051,NGO,2,0,1791,739,2.1,30,0
N1052,NGO,5,1,490852,3560,4.8,95,1
O1053,Orphanage,25,1,300834,4357,3.1,93,1
N1054,NGO,20,1,217319,1880,4.1,93,1
O1055,Orphanage,7,1,257506,2919,3.2,70,1
N1056,NGO,28,1,150933,4712,3.9,86,1
O1057,Orphanage,5,0,10019,3255,0.2,12,0
O1058,Orphanage,4,0,20197,1247,1.6,45,0
N1059,NGO,29,1,100637,3975,4.0,87,1
O1060,Orphanage,3,0,16159,3600,2.7,24,0
N1061,NGO,8,1,434450,4194,3.1,92,1
N1062,NGO,28,1,111698,3700,4.5,94,1
O1063,Orphanage,16,1,117533,2910,4.2,78,1
O1064,Orphanage,11,1,185691,2752,4.1,78,1
O1065,Orphanage,5,0,37229,1027,0.7,10,0
O1066,Orphanage,7,1,257879,1884,3.8,79,1
N1067,NGO,22,1,190785,1523,3.3,94,1
O1068,Orphanage,2,0,34519,4946,2.3,41,0
O1069,Orphanage,16,1,407496,4007,3.6,79,1
O1070,Orphanage,3,0,17027,2611,2.4,42,0
N1071,NGO,16,1,182919,4119,3.9,77,1
O1072,Orphanage,12,1,344484,1379,4.2,73,1
N1073,NGO,5,0,49783,3453,1.7,38,0
N1074,NGO,3,0,31956,4168,0.6,3,0
O1075,Orphanage,24,1,228951,3703,4.4,96,1
N1076,NGO,8,1,232887,2413,4.7,81,1
N1077,NGO,24,1,191069,1725,4.5,88,1
N1078,NGO,3,0,45803,4086,1.1,15,0
O1079,Orphanage,21,1,314148,3489,4.9,73,1
O1080,Orphanage,30,1,264376,1613,3.5,79,1
O1081,Orphanage,2,0,46206,4528,2.1,43,0
O1082,Orphanage,30,1,263747,3351,4.9,85,1
O1083,Orphanage,3,0,30812,4502,0.4,8,0
N1084,NGO,22,1,489630,4695,3.0,82,1
N1085,NGO,5,1,304206,1257,3.8,89,1
O1086,Orphanage,8,1,133747,3226,4.7,83,1
O1087,Orphanage,10,1,144960,1069,4.8,90,1
N1088,NGO,6,1,77857,4631,4.1,77,1
N1089,NGO,25,1,492854,516,4.7,96,1
O1090,Orphanage,14,1,201130,965,4.5,100,1
N1091,NGO,6,1,304307,4732,4.0,77,1
N1092,NGO,2,0,27441,4924,0.6,9,0
O1093,Orphanage,3,0,45795,2264,2.6,35,0
N1094,NGO,23,1,269859,1481,4.9,71,1
O1095,Orphanage,2,0,31236,2503,1.4,0,0
O1096,Orphanage,11,1,136168,4679,4.7,74,1
O1097,Orphanage,20,1,382566,704,3.0,97,1
O1098,Orphanage,6,1,337568,3643,3.0,70,1
N1099,NGO,18,1,146592,4925,4.4,77,1
N1100,NGO,7,1,326505,3037,3.9,98,1
N1101,NGO,7,1,214975,3724,3.5,70,1
O1102,Orphanage,8,1,280702,2346,4.3,92,1
N1103,NGO,25,1,301617,3699,4.6,97,1
O1104,Orphanage,4,0,7360,4805,2.3,27,0
O1105,Orphanage,26,1,68195,1194,3.6,78,1
N1106,NGO,17,1,232674,1097,3.9,97,1
O1107,Orphanage,8,1,216604,922,4.3,90,1
O1108,Orphanage,26,1,368645,3526,3.5,91,1
N1109,NGO,20,1,199806,1039,3.7,92,1
O1110,Orphanage,11,1,118661,1838,3.3,84,1
O1111,Orphanage,27,1,222624,800,3.0,70,1
N1112,NGO,6,1,497475,3274,3.4,73,1
N1113,NGO,3,0,12759,2404,1.7,2,0
N1114,NGO,28,1,323933,4295,4.7,87,1
O1115,Orphanage,7,1,389128,2614,3.9,71,1
N1116,NGO,14,1,104028,4315,4.0,97,1
O1117,Orphanage,23,1,157027,3606,4.9,100,1
N1118,NGO,3,0,17995,3574,2.4,45,0
O1119,Orphanage,12,1,180877,3347,4.5,87,1
N1120,NGO,3,0,6900,4855,2.4,22,0
O1121,Orphanage,16,1,343298,3224,3.5,78,1
O1122,Orphanage,4,0,5623,894,2.8,38,0
N1123,NGO,11,1,68247,2218,4.2,90,1
O1124,Orphanage,12,1,418726,4055,3.5,73,1
O1125,Orphanage,14,1,123504,1021,4.3,97,1
O1126,Orphanage,3,0,47183,4547,2.8,45,0
O1127,Orphanage,3,0,18235,3017,2.1,43,0
N1128,NGO,5,1,322908,3524,4.0,90,1
N1129,NGO,14,1,90429,4291,3.4,85,1
N1130,NGO,21,1,482300,2252,3.1,99,1
N1131,NGO,0,0,21538,1561,0.1,6,0
O1132,Orphanage,5,1,450618,4967,4.9,70,1
O1133,Orphanage,13,1,83297,2246,4.3,100,1
N1134,NGO,19,1,228717,633,3.2,70,1
O1135,Orphanage,2,0,37785,3706,2.9,46,0
O1136,Orphanage,0,0,36577,4373,2.0,25,0
O1137,Orphanage,8,1,476965,665,4.9,73,1
O1138,Orphanage,26,1,498459,817,3.4,96,1
N1139,NGO,1,0,31726,3712,1.1,13,0
N1140,NGO,27,1,398434,4145,4.1,96,1
N1141,NGO,13,1,371228,2107,3.0,85,1
N1142,NGO,1,0,49645,2649,2.9,31,0
O1143,Orphanage,0,0,14675,1251,1.9,24,0
N1144,NGO,15,1,313350,1725,3.7,92,1
N1145,NGO,4,0,25124,3257,1.1,20,0
O1146,Orphanage,26,1,247362,2960,4.2,99,1
N1147,NGO,3,0,24995,4101,1.9,34,0
N1148,NGO,2,0,47169,246,1.6,1,0
O1149,Orphanage,6,1,455272,2146,3.2,85,1
N1150,NGO,29,1,430242,4326,4.4,81,1
N1151,NGO,26,1,248965,2198,3.7,88,1
O1152,Orphanage,7,1,445969,4482,3.2,75,1
N1153,NGO,21,1,178703,764,3.8,85,1
O1154,Orphanage,27,1,396707,4054,4.3,77,1
O1155,Orphanage,8,1,391612,3065,4.2,83,1
N1156,NGO,12,1,352256,4964,3.3,93,1
N1157,NGO,5,1,123874,3487,3.2,84,1
N1158,NGO,13,1,107345,984,4.3,93,1
N1159,NGO,18,1,411697,4702,3.7,85,1
N1160,NGO,2,0,4215,4193,0.5,34,0
O1161,Orphanage,5,0,18925,4165,0.2,2,0
O1162,Orphanage,29,1,443600,4065,3.6,81,1
O1163,Orphanage,14,1,384869,4551,3.0,80,1
O1164,Orphanage,20,1,166500,3358,3.1,81,1
O1165,Orphanage,3,0,34941,4058,2.4,9,0
N1166,NGO,10,1,457518,1574,3.1,75,1
N1167,NGO,2,0,908,504,2.2,32,0
N1168,NGO,25,1,341822,2780,3.1,93,1
N1169,NGO,10,1,351665,1672,4.3,89,1
N1170,NGO,15,1,485189,1620,4.5,97,1
O1171,Orphanage,15,1,68963,4800,3.6,86,1
N1172,NGO,4,0,27200,4825,3.0,39,0
O1173,Orphanage,11,1,372154,3927,3.2,87,1
N1174,NGO,18,1,189576,566,3.2,75,1
N1175,NGO,19,1,395170,1141,3.3,85,1
O1176,Orphanage,0,0,15148,1714,0.6,29,0
O1177,Orphanage,0,0,4092,1310,0.8,4,0
N1178,NGO,12,1,497000,3395,4.7,97,1
O1179,Orphanage,5,1,131184,4433,3.5,77,1
N1180,NGO,0,0,45994,521,2.1,15,0
N1181,NGO,27,1,219274,747,5.0,82,1
O1182,Orphanage,5,1,306236,4062,3.8,85,1
N1183,NGO,28,1,278523,4722,3.8,77,1
N1184,NGO,18,1,275357,3284,3.5,100,1
N1185,NGO,6,1,175810,2232,4.1,76,1
O1186,Orphanage,1,0,13547,4509,2.7,32,0
N1187,NGO,11,1,73731,2177,3.5,75,1
O1188,Orphanage,15,1,455728,2115,4.3,89,1
O1189,Orphanage,7,1,451331,1698,3.8,77,1
O1190,Orphanage,1,0,29092,450,1.1,4,0
O1191,Orphanage,22,1,145041,2494,4.5,95,1
O1192,Orphanage,11,1,156146,897,3.0,87,1
O1193,Orphanage,0,0,27602,4506,0.5,50,0
O1194,Orphanage,1,0,46008,2702,2.0,23,0
O1195,Orphanage,1,0,36598,2094,1.4,8,0
O1196,Orphanage,19,1,439303,4727,4.1,79,1
O1197,Orphanage,26,1,61676,1368,3.0,91,1
O1198,Orphanage,10,1,361081,3527,3.1,76,1
N1199,NGO,5,0,4482,2995,2.0,8,0
N1200,NGO,2,0,49325,4739,1.0,28,0
N1201,NGO,22,1,51124,590,3.8,96,1
N1202,NGO,5,0,37726,444,2.5,2,0
O1203,Orphanage,10,1,55125,2019,4.4,74,1
N1204,NGO,2,0,44295,2232,0.6,21,0
N1205,NGO,23,1,347415,2842,4.1,87,1
O1206,Orphanage,20,1,410754,2225,3.5,75,1
N1207,NGO,28,1,72239,1751,4.5,84,1
O1208,Orphanage,12,1,324376,3870,3.2,84,1
O1209,Orphanage,0,0,16288,4298,0.4,2,0
O1210,Orphanage,3,0,35694,3677,0.2,16,0
O1211,Orphanage,26,1,298565,3704,4.5,100,1
O1212,Orphanage,14,1,105302,1023,4.2,74,1
N1213,NGO,10,1,91880,2584,4.4,89,1
N1214,NGO,0,0,42834,4637,2.1,42,0
O1215,Orphanage,15,1,242154,1719,4.4,84,1
O1216,Orphanage,13,1,52650,2875,3.0,91,1
O1217,Orphanage,0,0,16045,3179,2.4,15,0
N1218,NGO,20,1,488878,872,4.6,94,1
O1219,Orphanage,25,1,398776,938,3.0,83,1
O1220,Orphanage,27,1,213728,3653,3.8,91,1
O1221,Orphanage,9,1,301110,3661,4.1,77,1
O1222,Orphanage,26,1,169291,1165,4.3,81,1
O1223,Orphanage,7,1,60216,3727,4.2,89,1
N1224,NGO,2,0,49390,4367,0.7,36,0
N1225,NGO,8,1,270829,2017,3.3,71,1
N1226,NGO,11,1,484463,4469,3.1,80,1
O1227,Orphanage,5,1,288681,4194,4.1,95,1
O1228,Orphanage,14,1,215768,924,4.0,84,1
O1229,Orphanage,16,1,467328,3912,4.1,84,1
N1230,NGO,5,0,19236,2102,0.0,32,0
O1231,Orphanage,5,0,48181,487,0.4,39,0
O1232,Orphanage,15,1,101864,3025,4.7,90,1
O1233,Orphanage,25,1,250071,635,3.9,82,1
N1234,NGO,28,1,137238,3910,3.5,94,1
N1235,NGO,26,1,402287,2626,3.3,87,1
N1236,NGO,5,1,74459,4650,4.7,95,1
N1237,NGO,14,1,396847,1654,3.4,71,1
O1238,Orphanage,10,1,209254,4781,4.8,79,1
N1239,NGO,19,1,205021,3491,3.6,75,1
N1240,NGO,4,0,10239,1368,1.7,13,0
O1241,Orphanage,10,1,356752,2885,3.9,91,1
O1242,Orphanage,23,1,488209,1181,3.2,86,1
N1243,NGO,27,1,445856,3514,3.3,90,1
O1244,Orphanage,0,0,11269,3139,0.7,19,0
O1245,Orphanage,22,1,115906,3543,3.4,100,1
N1246,NGO,6,1,371919,1400,4.9,85,1
O1247,Orphanage,0,0,48590,3432,0.6,46,0
O1248,Orphanage,29,1,449470,2172,3.9,80,1
O1249,Orphanage,17,1,384414,2444,3.4,71,1
N1250,NGO,8,1,307242,4536,4.5,74,1
N1251,NGO,15,1,479285,1623,4.0,76,1
N1252,NGO,21,1,408020,4418,4.0,82,1
O1253,Orphanage,18,1,387266,1440,4.0,78,1
O1254,Orphanage,12,1,292849,4675,4.8,76,1
O1255,Orphanage,0,0,28567,1857,2.8,6,0
N1256,NGO,17,1,418499,3130,4.1,100,1
O1257,Orphanage,21,1,238627,3734,4.2,77,1
O1258,Orphanage,10,1,267438,2401,4.5,84,1
O1259,Orphanage,1,0,46697,2420,1.0,27,0
O1260,Orphanage,0,0,16082,902,2.2,6,0
N1261,NGO,3,0,48844,3518,2.6,35,0
N1262,NGO,6,1,425973,2548,4.8,82,1
N1263,NGO,13,1,421503,3277,4.7,78,1
N1264,NGO,29,1,253162,1760,3.1,89,1
O1265,Orphanage,4,0,10125,2465,0.7,41,0
N1266,NGO,18,1,474695,975,3.1,84,1
N1267,NGO,21,1,286361,2628,4.2,82,1
O1268,Orphanage,19,1,447897,701,4.1,95,1
N1269,NGO,24,1,489795,1278,4.8,72,1
N1270,NGO,10,1,267016,1594,3.9,88,1
O1271,Orphanage,14,1,414460,3468,4.1,82,1
N1272,NGO,8,1,346376,4745,4.9,84,1
O1273,Orphanage,19,1,284233,2473,3.4,99,1
O1274,Orphanage,2,0,4189,2198,0.6,16,0
O1275,Orphanage,2,0,23635,452,0.0,23,0
N1276,NGO,2,0,15882,1729,1.2,6,0
O1277,Orphanage,2,0,37848,3432,2.4,36,0
O1278,Orphanage,18,1,426856,2068,3.3,92,1
N1279,NGO,25,1,287412,4649,4.7,92,1
O1280,Orphanage,18,1,61594,3311,4.3,98,1
N1281,NGO,21,1,74826,991,4.0,84,1
N1282,NGO,30,1,285172,4726,3.9,70,1
O1283,Orphanage,2,0,41461,708,2.0,28,0
O1284,Orphanage,1,0,31826,4844,0.6,34,0
N1285,NGO,11,1,264256,3467,3.9,76,1
N1286,NGO,10,1,116259,1563,4.3,88,1
N1287,NGO,25,1,272561,719,4.5,81,1
N1288,NGO,16,1,331547,3737,3.2,82,1
O1289,Orphanage,18,1,179660,2067,4.5,83,1
O1290,Orphanage,1,0,46524,3121,0.5,50,0
O1291,Orphanage,16,1,451700,4166,3.3,77,1
N1292,NGO,10,1,411525,1286,3.3,71,1
N1293,NGO,23,1,273329,3996,3.5,89,1
N1294,NGO,1,0,48294,1442,0.5,46,0
N1295,NGO,13,1,80693,1126,4.0,78,1
O1296,Orphanage,18,1,251357,2847,3.7,87,1
N1297,NGO,8,1,148294,2526,4.9,99,1
N1298,NGO,5,0,2263,850,0.5,17,0
O1299,Orphanage,19,1,427680,2543,3.0,70,1
O1300,Orphanage,11,1,303304,1433,3.7,80,1
O1301,Orphanage,23,1,396489,4932,3.5,83,1
N1302,NGO,17,1,156187,2766,3.3,97,1
O1303,Orphanage,12,1,112193,4842,4.7,97,1
O1304,Orphanage,5,1,483243,2551,3.4,83,1
N1305,NGO,12,1,57954,1842,4.6,100,1
N1306,NGO,24,1,479162,1235,3.8,99,1
N1307,NGO,25,1,190834,1920,4.7,95,1
N1308,NGO,22,1,338807,4457,4.4,81,1
O1309,Orphanage,29,1,466902,3747,3.1,84,1
O1310,Orphanage,3,0,36663,4997,1.7,29,0
N1311,NGO,22,1,283207,1857,4.2,79,1
N1312,NGO,1,0,36415,4835,1.3,48,0
N1313,NGO,12,1,412577,3656,4.5,97,1
N1314,NGO,7,1,240430,939,4.9,80,1
N1315,NGO,7,1,90944,966,3.3,91,1
O1316,Orphanage,3,0,21193,4604,1.9,17,0
O1317,Orphanage,5,0,31138,1261,2.2,7,0
N1318,NGO,18,1,483904,2668,3.8,94,1
N1319,NGO,0,0,45014,4450,2.5,40,0
N1320,NGO,1,0,43609,168,1.6,15,0
N1321,NGO,21,1,169035,3442,4.9,86,1
N1322,NGO,28,1,277305,3341,4.3,95,1
O1323,Orphanage,27,1,243859,4481,3.8,82,1
N1324,NGO,11,1,115290,4674,4.5,90,1
N1325,NGO,19,1,422462,3188,4.2,94,1
O1326,Orphanage,12,1,67421,1396,3.6,82,1
N1327,NGO,5,0,7665,4999,0.0,10,0
O1328,Orphanage,11,1,180971,3850,3.7,94,1
N1329,NGO,3,0,26754,1303,1.6,27,0
N1330,NGO,6,1,141602,1704,3.9,99,1
N1331,NGO,2,0,28464,3443,1.4,7,0
N1332,NGO,1,0,19390,1804,2.2,8,0
O1333,Orphanage,5,1,58632,4010,3.2,79,1
O1334,Orphanage,5,1,232031,3613,4.2,86,1
O1335,Orphanage,13,1,219322,4035,3.3,82,1
N1336,NGO,11,1,96343,4311,3.1,89,1
N1337,NGO,12,1,315490,957,4.2,92,1
N1338,NGO,4,0,9958,399,0.3,35,0
N1339,NGO,5,1,390893,4129,4.8,90,1
N1340,NGO,5,1,68189,3189,3.2,95,1
O1341,Orphanage,9,1,120469,3018,4.9,82,1
N1342,NGO,28,1,60542,1992,4.4,74,1
N1343,NGO,26,1,431500,3467,3.3,77,1
O1344,Orphanage,13,1,186034,3104,4.2,98,1
O1345,Orphanage,19,1,142026,4399,4.9,95,1
O1346,Orphanage,5,0,859,4838,1.5,21,0
N1347,NGO,4,0,21803,4219,0.6,38,0
N1348,NGO,13,1,174295,887,3.7,100,1
N1349,NGO,11,1,207340,2672,3.3,99,1
O1350,Orphanage,5,1,134556,3902,3.3,100,1
N1351,NGO,26,1,388656,3285,3.4,97,1
O1352,Orphanage,2,0,1658,3269,1.6,7,0
O1353,Orphanage,5,0,5104,3837,0.1,37,0
O1354,Orphanage,1,0,1192,3706,2.2,41,0
N1355,NGO,26,1,228415,3331,3.3,77,1
O1356,Orphanage,18,1,350765,2571,4.1,81,1
O1357,Orphanage,5,1,460811,4060,4.4,96,1
O1358,Orphanage,4,0,38156,2401,0.7,2,0
O1359,Orphanage,6,1,216221,2155,4.6,85,1
O1360,Orphanage,11,1,122306,565,3.0,85,1
O1361,Orphanage,0,0,3626,722,2.0,27,0
O1362,Orphanage,30,1,399249,4579,3.8,72,1
O1363,Orphanage,3,0,29123,4019,0.6,9,0
O1364,Orphanage,29,1,378165,4959,4.4,85,1
N1365,NGO,8,1,159920,1010,4.4,99,1
N1366,NGO,22,1,439833,4515,4.2,84,1
O1367,Orphanage,21,1,108128,1560,4.3,91,1
O1368,Orphanage,13,1,422602,4787,3.0,93,1
N1369,NGO,30,1,293483,4537,3.1,100,1
N1370,NGO,9,1,459407,1996,3.1,77,1
N1371,NGO,14,1,87800,590,3.4,79,1
N1372,NGO,1,0,14057,2486,2.9,26,0
N1373,NGO,29,1,281383,592,4.4,81,1
N1374,NGO,24,1,448648,3436,3.7,98,1
O1375,Orphanage,18,1,444593,1805,4.6,73,1
N1376,NGO,25,1,347430,3241,3.0,82,1
O1377,Orphanage,1,0,34098,4038,2.0,35,0
N1378,NGO,13,1,136237,4871,3.4,73,1
N1379,NGO,18,1,176044,2525,4.2,83,1
O1380,Orphanage,29,1,479112,2121,3.5,78,1
N1381,NGO,29,1,304148,3954,3.5,84,1
N1382,NGO,3,0,6523,3229,0.6,4,0
O1383,Orphanage,20,1,152234,1959,4.2,78,1
N1384,NGO,15,1,255990,921,3.5,71,1
N1385,NGO,22,1,60114,2441,3.1,72,1
O1386,Orphanage,14,1,359687,605,4.9,74,1
N1387,NGO,0,0,6830,346,1.8,37,0
N1388,NGO,30,1,470943,970,3.1,73,1
N1389,NGO,27,1,214773,968,3.5,84,1
O1390,Orphanage,3,0,38146,3599,0.7,38,0
N1391,NGO,14,1,454638,4872,3.3,73,1
N1392,NGO,27,1,395626,2467,5.0,74,1
O1393,Orphanage,22,1,360694,1669,3.8,97,1
O1394,Orphanage,0,0,10973,2730,1.6,15,0
N1395,NGO,10,1,329009,2908,3.8,100,1
N1396,NGO,1,0,1865,1110,1.7,7,0
N1397,NGO,24,1,263270,3189,4.1,98,1
N1398,NGO,18,1,292987,4177,4.9,79,1
O1399,Orphanage,24,1,364517,4733,3.2,92,1
N1400,NGO,9,1,430702,3212,3.1,93,1
O1401,Orphanage,5,1,263756,1546,3.4,92,1
N1402,NGO,5,1,134943,4973,3.9,85,1
O1403,Orphanage,2,0,12948,254,1.5,0,0
O1404,Orphanage,7,1,136372,788,3.6,85,1
N1405,NGO,17,1,455396,4859,4.8,84,1
O1406,Orphanage,24,1,455925,1428,3.0,79,1
N1407,NGO,4,0,29153,2728,2.7,11,0
N1408,NGO,15,1,359814,3725,4.5,75,1
N1409,NGO,4,0,32956,3225,1.8,25,0
N1410,NGO,11,1,142567,750,4.3,92,1
O1411,Orphanage,16,1,402102,2063,4.8,100,1
N1412,NGO,22,1,82932,3514,3.6,96,1
N1413,NGO,23,1,174889,2136,4.7,88,1
N1414,NGO,7,1,114188,4261,4.9,74,1
N1415,NGO,22,1,178152,2527,3.3,73,1
N1416,NGO,0,0,48636,2672,1.4,4,0
N1417,NGO,7,1,127481,4056,3.4,98,1
N1418,NGO,19,1,126632,2863,3.5,82,1
O1419,Orphanage,2,0,45896,2687,1.1,27,0
N1420,NGO,5,1,211545,1631,3.4,75,1
O1421,Orphanage,13,1,307663,1688,4.4,92,1
O1422,Orphanage,30,1,446481,3010,4.6,93,1
O1423,Orphanage,12,1,403786,1487,4.7,96,1
O1424,Orphanage,11,1,298071,1509,4.6,99,1
N1425,NGO,0,0,38511,4664,0.2,32,0
O1426,Orphanage,20,1,256085,3710,3.3,75,1
N1427,NGO,3,0,42221,4918,1.6,7,0
N1428,NGO,30,1,55542,1336,3.7,80,1
O1429,Orphanage,9,1,368006,1334,3.9,89,1
O1430,Orphanage,3,0,19119,1035,2.9,3,0
N1431,NGO,8,1,157410,752,3.6,72,1
N1432,NGO,21,1,110840,868,3.4,92,1
O1433,Orphanage,21,1,455683,4000,3.4,76,1
O1434,Orphanage,0,0,46156,2544,0.7,33,0
O1435,Orphanage,26,1,495933,2516,4.3,74,1
N1436,NGO,27,1,220684,3824,4.8,96,1
N1437,NGO,10,1,357157,3203,3.7,84,1
O1438,Orphanage,4,0,40739,2139,2.7,36,0
N1439,NGO,2,0,30585,2125,0.1,40,0
O1440,Orphanage,22,1,454368,4474,3.1,94,1
N1441,NGO,6,1,267351,2217,4.5,71,1
N1442,NGO,2,0,12065,2682,0.0,46,0
O1443,Orphanage,1,0,42805,4889,2.0,49,0
O1444,Orphanage,4,0,41463,4653,0.2,0,0
N1445,NGO,25,1,390251,1155,3.7,93,1
N1446,NGO,23,1,65218,625,4.4,95,1
N1447,NGO,17,1,426344,2558,5.0,77,1
N1448,NGO,9,1,429096,3800,3.6,80,1
N1449,NGO,18,1,116998,1238,4.3,91,1
N1450,NGO,13,1,438816,3966,4.4,71,1
N1451,NGO,15,1,372624,4482,4.0,91,1
N1452,NGO,0,0,178,1541,1.7,33,0
O1453,Orphanage,5,0,49816,2103,1.2,11,0
N1454,NGO,24,1,422827,2092,4.5,91,1
O1455,Orphanage,1,0,22980,923,1.5,10,0
N1456,NGO,10,1,366395,508,4.7,76,1
O1457,Orphanage,24,1,373809,1554,3.2,86,1
O1458,Orphanage,30,1,168564,1986,4.7,91,1
N1459,NGO,16,1,413529,2232,4.9,81,1
O1460,Orphanage,26,1,309235,3315,4.6,100,1
O1461,Orphanage,20,1,320570,3730,4.3,71,1
O1462,Orphanage,29,1,335200,3344,4.6,81,1
O1463,Orphanage,30,1,209179,3375,3.2,95,1
O1464,Orphanage,8,1,216813,2845,5.0,84,1
N1465,NGO,23,1,253983,4015,3.7,96,1
O1466,Orphanage,0,0,49590,2711,0.8,48,0
N1467,NGO,15,1,411225,4322,4.6,89,1
O1468,Orphanage,1,0,30430,508,0.2,45,0
N1469,NGO,28,1,287373,4415,4.8,80,1
O1470,Orphanage,4,0,39873,4662,1.5,45,0
N1471,NGO,10,1,371744,3374,4.4,90,1
N1472,NGO,30,1,298774,3791,4.8,87,1
O1473,Orphanage,13,1,371539,4435,4.5,73,1
N1474,NGO,8,1,65960,3212,3.9,100,1
N1475,NGO,0,0,22289,4417,2.0,46,0
N1476,NGO,3,0,49451,2536,0.4,8,0
N1477,NGO,4,0,33671,4095,0.7,38,0
N1478,NGO,22,1,208949,2268,4.4,78,1
N1479,NGO,13,1,269469,1701,4.7,72,1
O1480,Orphanage,0,0,38240,2842,1.5,2,0
N1481,NGO,21,1,223531,4371,3.7,78,1
N1482,NGO,25,1,450544,4721,5.0,83,1
O1483,Orphanage,24,1,390320,1044,3.7,86,1
O1484,Orphanage,28,1,144503,3373,4.0,75,1
N1485,NGO,10,1,492514,2366,3.5,98,1
N1486,NGO,1,0,25048,2613,2.7,20,0
N1487,NGO,1,0,44799,1901,0.2,46,0
O1488,Orphanage,14,1,86543,3033,3.1,72,1
N1489,NGO,16,1,428101,3488,4.0,75,1
N1490,NGO,11,1,85383,2651,4.1,70,1
N1491,NGO,12,1,271704,3879,3.3,76,1
N1492,NGO,4,0,11429,976,2.5,20,0
O1493,Orphanage,17,1,286278,3407,3.3,84,1
N1494,NGO,21,1,425464,4471,4.3,93,1
N1495,NGO,18,1,442138,2342,3.0,79,1
O1496,Orphanage,13,1,244811,2809,3.8,95,1
N1497,NGO,24,1,344355,4071,4.8,96,1
O1498,Orphanage,25,1,117562,1394,4.1,77,1
O1499,Orphanage,9,1,378043,899,3.4,77,1
N1500,NGO,16,1,415038,1080,3.2,81,1
O1501,Orphanage,10,1,272879,2543,4.3,84,1
O1502,Orphanage,24,1,349408,4711,4.9,95,1
O1503,Orphanage,13,1,306742,2704,4.8,85,1
N1504,NGO,28,1,191094,4675,4.0,99,1
N1505,NGO,18,1,149939,3104,4.1,71,1
N1506,NGO,17,1,104972,4715,4.5,79,1
N1507,NGO,29,1,254633,1578,4.4,73,1
N1508,NGO,5,0,2386,2793,2.4,30,0
N1509,NGO,16,1,280562,1648,3.2,87,1
N1510,NGO,5,0,42959,689,1.5,27,0
O1511,Orphanage,25,1,184578,557,3.6,97,1
O1512,Orphanage,11,1,155974,1936,3.9,78,1
N1513,NGO,10,1,238796,509,4.8,94,1
O1514,Orphanage,11,1,240299,4602,3.7,96,1
N1515,NGO,26,1,199766,3429,3.4,91,1
N1516,NGO,22,1,431339,4536,4.8,86,1
N1517,NGO,8,1,218070,854,3.1,90,1
O1518,Orphanage,14,1,130882,2865,3.8,87,1
O1519,Orphanage,7,1,64890,1638,4.9,100,1
O1520,Orphanage,23,1,193148,2612,4.7,100,1
O1521,Orphanage,29,1,372275,3511,4.2,97,1
O1522,Orphanage,1,0,12644,3034,2.0,36,0
N1523,NGO,25,1,248373,1846,3.2,85,1
O1524,Orphanage,8,1,99119,4162,3.1,76,1
O1525,Orphanage,4,0,9474,1948,2.3,19,0
O1526,Orphanage,6,1,227645,4827,3.8,94,1
N1527,NGO,16,1,52280,3632,4.0,97,1
N1528,NGO,21,1,497050,3524,3.1,95,1
O1529,Orphanage,25,1,377157,1803,4.2,78,1
O1530,Orphanage,7,1,237700,3651,4.1,98,1
O1531,Orphanage,19,1,155905,595,3.2,100,1
N1532,NGO,12,1,80735,3436,4.6,79,1
N1533,NGO,1,0,41137,4735,2.7,26,0
O1534,Orphanage,26,1,62854,1028,3.6,93,1
N1535,NGO,4,0,8100,3493,2.5,28,0
N1536,NGO,11,1,219336,3587,3.5,93,1
O1537,Orphanage,14,1,72384,3285,3.7,84,1
N1538,NGO,23,1,347132,1927,3.4,90,1
O1539,Orphanage,8,1,144972,3010,4.7,80,1
O1540,Orphanage,7,1,176543,3176,4.4,78,1
N1541,NGO,0,0,2207,2851,2.4,24,0
N1542,NGO,9,1,235471,2411,3.5,75,1
N1543,NGO,11,1,72263,619,3.2,94,1
N1544,NGO,1,0,34936,1787,1.8,50,0
N1545,NGO,0,0,44179,3318,0.1,29,0
O1546,Orphanage,17,1,72084,3915,3.7,86,1
N1547,NGO,13,1,84261,3638,4.1,85,1
O1548,Orphanage,0,0,33942,4184,1.7,44,0
O1549,Orphanage,17,1,311228,2297,4.9,81,1
N1550,NGO,2,0,647,3300,2.3,46,0
N1551,NGO,5,0,2913,2526,1.0,38,0
N1552,NGO,21,1,69500,3558,3.1,89,1
O1553,Orphanage,4,0,26299,1656,2.1,45,0
N1554,NGO,12,1,197073,2901,3.9,89,1
N1555,NGO,20,1,253635,4055,3.4,70,1
N1556,NGO,1,0,10094,1599,3.0,41,0
O1557,Orphanage,23,1,409121,4784,3.9,76,1
N1558,NGO,1,0,46873,399,0.7,36,0
O1559,Orphanage,22,1,111770,4625,4.9,86,1
O1560,Orphanage,13,1,381694,2232,4.1,76,1
O1561,Orphanage,5,0,19505,4109,2.6,48,0
O1562,Orphanage,14,1,312664,2786,3.2,96,1
O1563,Orphanage,24,1,164626,2503,4.8,88,1
O1564,Orphanage,11,1,185744,1475,4.8,87,1
N1565,NGO,16,1,212499,3703,4.5,82,1
O1566,Orphanage,5,0,5652,690,0.4,34,0
N1567,NGO,11,1,306232,3135,4.4,75,1
N1568,NGO,21,1,447338,4119,3.7,95,1
N1569,NGO,0,0,37363,1212,1.2,35,0
N1570,NGO,21,1,493254,4782,4.5,77,1
N1571,NGO,10,1,200695,1425,4.2,83,1
N1572,NGO,29,1,302646,967,4.7,96,1
N1573,NGO,27,1,292885,3742,3.2,92,1
N1574,NGO,3,0,10301,981,0.7,13,0
O1575,Orphanage,4,0,6592,2484,0.2,39,0
O1576,Orphanage,15,1,364637,4713,4.6,89,1
N1577,NGO,23,1,419986,3579,3.9,85,1
N1578,NGO,17,1,357403,727,4.9,86,1
O1579,Orphanage,18,1,375053,3224,3.8,71,1
O1580,Orphanage,24,1,56126,2278,4.4,100,1
N1581,NGO,18,1,169371,1540,3.9,77,1
N1582,NGO,28,1,368219,3637,4.5,98,1
N1583,NGO,10,1,52962,2811,3.6,83,1
N1584,NGO,1,0,48364,742,0.9,4,0
N1585,NGO,20,1,363075,4799,3.3,80,1
O1586,Orphanage,23,1,274974,4249,3.4,82,1
O1587,Orphanage,11,1,497875,4072,4.0,75,1
N1588,NGO,8,1,356882,4708,4.1,77,1
N1589,NGO,5,0,16549,2028,2.4,45,0
N1590,NGO,14,1,247100,3438,3.8,88,1
N1591,NGO,28,1,380077,1820,3.7,74,1
O1592,Orphanage,24,1,81759,1134,3.3,99,1
O1593,Orphanage,13,1,443785,1714,3.9,82,1
O1594,Orphanage,28,1,185261,3937,3.6,95,1
O1595,Orphanage,17,1,330231,3865,3.3,85,1
N1596,NGO,30,1,210324,1859,3.7,87,1
O1597,Orphanage,27,1,378740,867,4.7,79,1
N1598,NGO,10,1,266076,914,3.8,83,1
N1599,NGO,21,1,69836,4777,4.2,99,1
N1600,NGO,4,0,22286,3343,0.5,16,0
O1601,Orphanage,23,1,422168,1064,4.9,90,1
N1602,NGO,4,0,17897,3408,0.2,7,0
O1603,Orphanage,28,1,218883,4873,3.0,100,1
N1604,NGO,4,0,37754,1498,1.5,34,0
N1605,NGO,9,1,252317,970,4.4,71,1
O1606,Orphanage,14,1,179411,4284,4.6,84,1
O1607,Orphanage,3,0,42471,1328,1.3,29,0
N1608,NGO,24,1,113690,1312,3.5,81,1
O1609,Orphanage,17,1,198809,2906,4.8,88,1
O1610,Orphanage,0,0,11302,783,1.4,36,0
N1611,NGO,25,1,189207,1276,4.4,78,1
N1612,NGO,26,1,60709,4483,3.0,70,1
N1613,NGO,19,1,376701,4942,4.3,90,1
N1614,NGO,17,1,155125,3006,3.3,95,1
O1615,Orphanage,4,0,3982,2051,2.2,30,0
O1616,Orphanage,20,1,384857,4450,3.7,79,1
O1617,Orphanage,5,0,41156,360,0.8,43,0
O1618,Orphanage,2,0,27146,4831,2.8,42,0
O1619,Orphanage,27,1,488132,2165,3.4,95,1
N1620,NGO,5,0,30062,362,0.9,6,0
O1621,Orphanage,24,1,65495,1262,3.0,80,1
O1622,Orphanage,5,0,44809,143,1.4,39,0
N1623,NGO,6,1,236282,4849,4.1,74,1
N1624,NGO,4,0,8651,1384,2.0,45,0
N1625,NGO,29,1,459891,3935,4.1,84,1
O1626,Orphanage,1,0,1217,3705,1.9,11,0
O1627,Orphanage,19,1,397950,1823,4.6,83,1
O1628,Orphanage,21,1,273308,2666,3.1,89,1
O1629,Orphanage,30,1,455387,4270,4.6,72,1
O1630,Orphanage,5,1,423497,2906,3.1,77,1
O1631,Orphanage,5,0,10617,1183,1.8,17,0
O1632,Orphanage,30,1,85810,1548,5.0,100,1
O1633,Orphanage,3,0,23762,2027,0.1,20,0
N1634,NGO,19,1,353525,4748,4.3,88,1
O1635,Orphanage,5,0,29853,4575,2.4,48,0
N1636,NGO,5,0,30975,3516,0.0,5,0
N1637,NGO,28,1,274506,2577,3.8,71,1
O1638,Orphanage,3,0,14758,1038,0.6,24,0
O1639,Orphanage,20,1,428138,3524,4.3,88,1
N1640,NGO,3,0,41078,1026,2.6,33,0
N1641,NGO,19,1,124955,4636,4.5,84,1
O1642,Orphanage,1,0,13999,409,1.8,19,0
O1643,Orphanage,3,0,28291,4610,0.8,18,0
O1644,Orphanage,26,1,186253,3788,4.7,80,1
N1645,NGO,22,1,459428,3227,4.8,96,1
N1646,NGO,28,1,292716,1429,3.9,93,1
N1647,NGO,2,0,9076,567,1.1,50,0
O1648,Orphanage,21,1,499994,1025,5.0,80,1
N1649,NGO,24,1,479612,554,4.2,90,1
N1650,NGO,29,1,78567,3222,3.2,91,1
N1651,NGO,26,1,305764,1205,4.2,95,1
O1652,Orphanage,25,1,412796,2766,4.5,72,1
N1653,NGO,23,1,436017,917,3.1,95,1
O1654,Orphanage,30,1,146417,3582,3.2,76,1
N1655,NGO,18,1,194135,3220,4.4,91,1
O1656,Orphanage,20,1,238332,952,4.6,77,1
N1657,NGO,11,1,108061,799,3.5,88,1
O1658,Orphanage,6,1,93810,4886,3.7,84,1
N1659,NGO,21,1,430528,3502,3.5,100,1
N1660,NGO,2,0,18152,1128,1.4,9,0
N1661,NGO,1,0,47864,2817,0.3,4,0
O1662,Orphanage,3,0,19990,1215,2.9,40,0
N1663,NGO,20,1,142531,3150,4.9,90,1
O1664,Orphanage,19,1,435351,599,4.3,100,1
O1665,Orphanage,19,1,99550,2677,3.1,80,1
N1666,NGO,26,1,164132,2086,3.5,91,1
O1667,Orphanage,10,1,393502,4466,3.1,75,1
N1668,NGO,24,1,278908,2948,4.6,77,1
O1669,Orphanage,5,1,422548,2049,4.0,80,1
O1670,Orphanage,1,0,47731,1695,1.4,25,0
N1671,NGO,5,1,60325,1320,4.2,87,1
O1672,Orphanage,1,0,46119,4592,1.5,0,0
N1673,NGO,4,0,312,3861,1.9,42,0
N1674,NGO,6,1,125396,2192,4.3,95,1
N1675,NGO,10,1,226929,1392,3.5,78,1
O1676,Orphanage,15,1,327705,3608,3.7,91,1
N1677,NGO,10,1,459286,2756,3.7,74,1
O1678,Orphanage,29,1,59087,3070,4.1,70,1
O1679,Orphanage,27,1,401193,2502,3.1,95,1
O1680,Orphanage,3,0,19954,4744,0.8,9,0
O1681,Orphanage,2,0,19003,1453,1.7,47,0
O1682,Orphanage,29,1,129724,3994,3.4,83,1
N1683,NGO,10,1,227373,4716,4.8,96,1
O1684,Orphanage,29,1,108840,4102,3.8,71,1
O1685,Orphanage,3,0,41172,3335,1.7,3,0
N1686,NGO,0,0,35942,3307,1.1,40,0
N1687,NGO,9,1,186525,1643,4.6,85,1
O1688,Orphanage,13,1,307265,1316,3.7,79,1
O1689,Orphanage,4,0,29866,203,2.5,40,0
O1690,Orphanage,5,1,200552,3999,3.5,79,1
N1691,NGO,15,1,117723,4349,4.7,92,1
O1692,Orphanage,13,1,389137,2527,4.2,94,1
O1693,Orphanage,3,0,15244,3925,0.9,48,0
N1694,NGO,5,0,2318,3170,1.5,47,0
N1695,NGO,22,1,480947,809,3.7,88,1
N1696,NGO,29,1,112462,2590,3.1,100,1
O1697,Orphanage,30,1,468955,4330,4.5,93,1
N1698,NGO,1,0,19988,302,1.3,34,0
N1699,NGO,5,0,42973,2359,2.9,4,0
O1700,Orphanage,6,1,65896,1943,3.9,79,1
O1701,Orphanage,30,1,231853,4493,4.9,70,1
N1702,NGO,13,1,263325,2174,3.2,74,1
O1703,Orphanage,19,1,495799,1087,3.9,92,1
N1704,NGO,2,0,16420,775,1.4,39,0
N1705,NGO,28,1,278711,2790,3.9,83,1
O1706,Orphanage,17,1,361665,2762,4.3,88,1
N1707,NGO,15,1,157982,4526,4.2,86,1
N1708,NGO,24,1,402608,918,3.5,88,1
N1709,NGO,5,0,18643,4657,0.6,2,0
N1710,NGO,28,1,171787,1431,4.3,70,1
N1711,NGO,2,0,157,4984,0.4,36,0
O1712,Orphanage,19,1,174674,1028,4.8,100,1
O1713,Orphanage,5,1,176832,2901,3.1,86,1
O1714,Orphanage,0,0,29263,2230,2.9,30,0
O1715,Orphanage,28,1,165301,3221,4.6,88,1
N1716,NGO,5,0,18719,1561,1.1,3,0
O1717,Orphanage,3,0,4079,4345,2.0,3,0
N1718,NGO,24,1,423352,4100,4.5,71,1
N1719,NGO,14,1,72688,2353,3.2,72,1
O1720,Orphanage,26,1,251381,4390,4.2,80,1
O1721,Orphanage,29,1,116357,2589,3.9,75,1
N1722,NGO,10,1,91927,2810,4.2,79,1
N1723,NGO,19,1,144244,1525,4.9,73,1
N1724,NGO,1,0,26247,1310,0.2,41,0
O1725,Orphanage,16,1,101327,618,3.7,78,1
N1726,NGO,13,1,254200,2461,3.8,97,1
N1727,NGO,17,1,147772,1554,3.5,100,1
O1728,Orphanage,17,1,415812,2511,4.6,81,1
N1729,NGO,14,1,136601,4653,3.1,70,1
N1730,NGO,7,1,498842,1880,4.0,87,1
N1731,NGO,5,1,141387,1550,4.3,78,1
O1732,Orphanage,8,1,489455,1050,3.0,84,1
O1733,Orphanage,18,1,422965,558,3.9,70,1
O1734,Orphanage,27,1,120155,2663,4.2,84,1
N1735,NGO,15,1,267223,3863,3.2,86,1
O1736,Orphanage,0,0,35539,3280,1.1,3,0
O1737,Orphanage,22,1,219008,1954,4.2,83,1
N1738,NGO,2,0,33298,2505,2.0,0,0
O1739,Orphanage,15,1,300424,3947,3.7,75,1
O1740,Orphanage,3,0,16623,4246,1.3,7,0
N1741,NGO,14,1,154100,2356,3.6,93,1
N1742,NGO,0,0,36458,348,1.5,36,0
O1743,Orphanage,13,1,169655,646,3.0,95,1
O1744,Orphanage,5,0,18446,3244,1.7,48,0
O1745,Orphanage,3,0,14874,3213,2.9,13,0
N1746,NGO,9,1,436893,3504,4.7,77,1
O1747,Orphanage,17,1,374088,1440,4.3,84,1
N1748,NGO,14,1,167855,1933,3.2,95,1
N1749,NGO,22,1,316821,4437,3.7,87,1
O1750,Orphanage,13,1,107793,4982,4.6,73,1
O1751,Orphanage,13,1,207171,3614,4.0,95,1
O1752,Orphanage,1,0,6675,2279,2.4,34,0
O1753,Orphanage,16,1,487513,3993,4.9,92,1
N1754,NGO,10,1,398615,3511,4.7,88,1
O1755,Orphanage,15,1,198059,4219,3.2,74,1
O1756,Orphanage,18,1,284741,3294,4.4,78,1
N1757,NGO,16,1,61457,4609,3.1,92,1
N1758,NGO,5,0,27198,1436,1.7,6,0
N1759,NGO,15,1,206155,3358,3.3,100,1
N1760,NGO,26,1,212355,2982,4.1,71,1
N1761,NGO,28,1,436354,4680,4.4,74,1
O1762,Orphanage,18,1,384993,2309,4.1,93,1
O1763,Orphanage,9,1,372136,1946,4.5,80,1
O1764,Orphanage,18,1,269549,1692,3.9,71,1
O1765,Orphanage,23,1,164886,4304,5.0,70,1
O1766,Orphanage,19,1,443727,3643,4.2,90,1
O1767,Orphanage,12,1,448205,2369,4.1,92,1
N1768,NGO,12,1,63815,987,3.0,73,1
O1769,Orphanage,23,1,262838,2079,4.8,76,1
O1770,Orphanage,27,1,436499,3931,4.3,99,1
O1771,Orphanage,22,1,223575,2772,4.5,73,1
O1772,Orphanage,1,0,46527,1116,1.7,41,0
O1773,Orphanage,15,1,467201,1748,3.7,99,1
O1774,Orphanage,2,0,21186,1236,1.7,17,0
N1775,NGO,4,0,13759,232,2.6,38,0
O1776,Orphanage,23,1,122548,3037,3.0,98,1
O1777,Orphanage,17,1,388177,569,3.4,98,1
N1778,NGO,9,1,153419,1044,4.8,85,1
O1779,Orphanage,14,1,283991,3387,4.4,93,1
N1780,NGO,4,0,43362,974,1.0,10,0
N1781,NGO,11,1,329505,2006,4.7,93,1
N1782,NGO,14,1,400070,4609,4.8,70,1
O1783,Orphanage,2,0,39851,1209,2.3,11,0
O1784,Orphanage,17,1,125345,3008,4.3,79,1
N1785,NGO,29,1,253765,1513,3.8,80,1
N1786,NGO,28,1,307755,3299,4.5,77,1
O1787,Orphanage,5,0,49092,684,2.5,47,0
O1788,Orphanage,12,1,180515,2514,4.6,96,1
O1789,Orphanage,20,1,436101,4591,3.2,74,1
N1790,NGO,0,0,26426,106,3.0,26,0
O1791,Orphanage,6,1,423531,2135,4.1,70,1
O1792,Orphanage,2,0,40559,3465,0.1,36,0
O1793,Orphanage,1,0,12803,1596,2.3,14,0
N1794,NGO,3,0,47018,2548,0.1,3,0
O1795,Orphanage,20,1,468361,2779,3.6,93,1
O1796,Orphanage,5,0,13984,2048,1.9,3,0
N1797,NGO,0,0,17540,3016,2.3,23,0
N1798,NGO,4,0,40736,3127,0.4,23,0
N1799,NGO,5,1,491432,2532,3.5,85,1
O1800,Orphanage,12,1,402214,2735,3.1,87,1
N1801,NGO,1,0,40160,3808,0.4,44,0
N1802,NGO,24,1,64266,3635,3.9,88,1
N1803,NGO,7,1,482202,1990,3.8,72,1
N1804,NGO,22,1,255930,3418,3.6,90,1
N1805,NGO,8,1,309725,3454,3.6,97,1
N1806,NGO,22,1,111627,2188,3.9,91,1
O1807,Orphanage,20,1,279233,3426,3.3,99,1
O1808,Orphanage,21,1,108589,760,3.4,94,1
N1809,NGO,18,1,75493,4719,4.2,100,1
N1810,NGO,3,0,49539,1383,1.2,23,0
N1811,NGO,24,1,456230,2229,4.1,72,1
N1812,NGO,14,1,112007,2844,4.9,82,1
O1813,Orphanage,10,1,200554,1760,3.5,78,1
O1814,Orphanage,16,1,351990,4458,3.1,94,1
N1815,NGO,16,1,376644,2231,3.4,77,1
N1816,NGO,5,1,60319,4165,4.7,86,1
N1817,NGO,4,0,4980,955,0.4,9,0
N1818,NGO,14,1,169855,3662,4.1,82,1
O1819,Orphanage,1,0,42822,1060,0.8,5,0
N1820,NGO,7,1,396380,2635,4.3,80,1
N1821,NGO,4,0,41522,2285,0.6,10,0
N1822,NGO,0,0,40796,2952,3.0,46,0
N1823,NGO,26,1,190137,4321,3.6,81,1
N1824,NGO,30,1,449722,3110,3.2,89,1
O1825,Orphanage,2,0,46674,3447,2.5,20,0
O1826,Orphanage,7,1,366414,2689,3.6,71,1
N1827,NGO,27,1,112916,3878,4.3,82,1
N1828,NGO,3,0,48296,3831,1.3,21,0
N1829,NGO,5,0,35144,132,1.0,9,0
O1830,Orphanage,17,1,355492,1276,3.2,98,1
N1831,NGO,4,0,26710,107,0.5,35,0
N1832,NGO,13,1,90541,685,3.6,77,1
O1833,Orphanage,5,0,11153,4473,1.5,18,0
N1834,NGO,23,1,114775,998,4.6,76,1
O1835,Orphanage,26,1,277190,3368,3.3,92,1
O1836,Orphanage,24,1,56970,3311,3.7,97,1
O1837,Orphanage,0,0,37295,4169,1.7,8,0
N1838,NGO,2,0,19343,2337,2.0,19,0
O1839,Orphanage,20,1,488699,3339,3.9,96,1
N1840,NGO,0,0,18944,3658,1.2,25,0
O1841,Orphanage,28,1,327872,3759,4.1,85,1
N1842,NGO,5,0,21042,3515,2.3,30,0
O1843,Orphanage,3,0,9134,2773,0.2,43,0
O1844,Orphanage,0,0,5974,2046,0.6,47,0
O1845,Orphanage,26,1,258805,813,4.2,72,1
O1846,Orphanage,4,0,35130,916,0.2,14,0
O1847,Orphanage,5,1,215741,1605,4.1,80,1
O1848,Orphanage,2,0,42370,3247,1.4,36,0
N1849,NGO,27,1,115546,4134,3.2,96,1
O1850,Orphanage,15,1,288402,1900,5.0,87,1
N1851,NGO,23,1,444435,4301,3.9,91,1
O1852,Orphanage,30,1,144222,4489,4.6,86,1
N1853,NGO,16,1,65218,2912,3.8,74,1
N1854,NGO,18,1,214747,3280,3.3,70,1
O1855,Orphanage,5,1,457333,3989,3.8,80,1
N1856,NGO,29,1,350706,1669,4.8,98,1
O1857,Orphanage,27,1,258280,4381,4.2,81,1
N1858,NGO,5,1,114428,2865,4.4,70,1
O1859,Orphanage,5,1,337349,3526,3.6,88,1
N1860,NGO,18,1,358049,4024,3.0,96,1
O1861,Orphanage,26,1,83016,1670,3.7,78,1
O1862,Orphanage,7,1,455666,4412,3.7,74,1
O1863,Orphanage,19,1,246260,4422,4.3,94,1
O1864,Orphanage,29,1,117789,2678,3.3,87,1
O1865,Orphanage,9,1,451859,2291,4.2,81,1
O1866,Orphanage,22,1,281582,1324,3.8,97,1
O1867,Orphanage,2,0,4165,4206,2.9,14,0
N1868,NGO,3,0,27220,2557,2.2,34,0
N1869,NGO,17,1,410089,3246,3.3,88,1
O1870,Orphanage,26,1,231396,1878,4.4,75,1
N1871,NGO,5,1,184085,3295,4.1,72,1
O1872,Orphanage,21,1,340799,3072,3.8,89,1
O1873,Orphanage,27,1,308850,3786,4.2,92,1
N1874,NGO,4,0,14642,699,1.9,21,0
O1875,Orphanage,2,0,31020,4383,1.9,35,0
N1876,NGO,14,1,148081,2774,5.0,76,1
N1877,NGO,21,1,133585,1084,4.3,84,1
O1878,Orphanage,27,1,132017,3942,4.5,84,1
N1879,NGO,3,0,49683,4628,2.1,18,0
O1880,Orphanage,5,0,40482,3914,1.4,13,0
O1881,Orphanage,10,1,417242,924,3.3,95,1
O1882,Orphanage,20,1,60250,852,4.3,83,1
N1883,NGO,20,1,203473,1607,4.9,86,1
N1884,NGO,5,0,49943,3053,0.7,19,0
O1885,Orphanage,21,1,440181,3496,3.6,73,1
O1886,Orphanage,10,1,88757,3070,4.0,94,1
N1887,NGO,5,0,5155,1464,0.5,14,0
O1888,Orphanage,5,0,305,3121,2.8,7,0
N1889,NGO,18,1,185319,2113,4.8,70,1
N1890,NGO,18,1,83636,2465,3.6,90,1
N1891,NGO,30,1,356038,3939,3.1,75,1
O1892,Orphanage,15,1,230395,1096,3.8,79,1
N1893,NGO,24,1,382048,804,4.0,93,1
O1894,Orphanage,30,1,103767,2148,3.4,70,1
N1895,NGO,21,1,234891,1071,4.8,96,1
O1896,Orphanage,19,1,193965,4302,3.4,84,1
N1897,NGO,7,1,317160,2577,3.9,98,1
O1898,Orphanage,16,1,390569,2504,4.7,84,1
N1899,NGO,22,1,265788,1516,3.7,87,1
N1900,NGO,4,0,22553,2953,2.4,37,0
O1901,Orphanage,22,1,344112,706,4.6,79,1
O1902,Orphanage,13,1,261446,1164,4.1,100,1
O1903,Orphanage,4,0,1305,2445,1.3,49,0
O1904,Orphanage,5,0,2958,4077,1.8,10,0
O1905,Orphanage,5,0,26799,4713,0.2,31,0
N1906,NGO,20,1,138880,4591,4.3,98,1
O1907,Orphanage,3,0,26750,4926,0.6,28,0
N1908,NGO,7,1,429635,1679,4.3,87,1
N1909,NGO,22,1,377034,2203,3.6,92,1
N1910,NGO,23,1,232232,2681,3.2,98,1
O1911,Orphanage,30,1,424120,4734,3.1,74,1
O1912,Orphanage,25,1,97500,1516,3.1,88,1
O1913,Orphanage,7,1,57535,2684,4.7,99,1
O1914,Orphanage,11,1,78305,1370,3.3,79,1
N1915,NGO,15,1,129625,4855,4.1,86,1
N1916,NGO,23,1,479729,2592,4.4,88,1
O1917,Orphanage,19,1,305435,2846,3.9,75,1
O1918,Orphanage,17,1,474142,1806,5.0,77,1
O1919,Orphanage,7,1,270113,1965,3.3,91,1
N1920,NGO,14,1,158956,3588,4.1,85,1
O1921,Orphanage,19,1,102722,4492,3.7,99,1
N1922,NGO,21,1,253387,1887,3.2,96,1
O1923,Orphanage,4,0,46697,596,2.6,36,0
N1924,NGO,28,1,154351,3528,3.5,92,1
N1925,NGO,24,1,380700,3987,4.2,93,1
N1926,NGO,26,1,131852,4242,4.0,100,1
N1927,NGO,0,0,25321,2534,2.9,21,0
N1928,NGO,1,0,43812,1384,0.8,41,0
N1929,NGO,14,1,80910,4312,4.9,73,1
N1930,NGO,4,0,24301,1113,1.7,47,0
O1931,Orphanage,20,1,310627,2064,5.0,84,1
O1932,Orphanage,7,1,67917,4211,4.4,98,1
N1933,NGO,5,0,32107,4181,0.7,31,0
O1934,Orphanage,19,1,279553,1094,3.7,96,1
O1935,Orphanage,10,1,446189,2238,4.7,71,1
N1936,NGO,29,1,108541,2514,4.6,94,1
O1937,Orphanage,14,1,144324,1826,3.6,96,1
O1938,Orphanage,3,0,38237,4615,3.0,13,0
N1939,NGO,2,0,42881,4035,2.9,8,0
N1940,NGO,24,1,478482,868,3.4,85,1
O1941,Orphanage,24,1,206350,3328,4.8,78,1
O1942,Orphanage,5,1,456943,3868,4.0,71,1
N1943,NGO,12,1,205504,3254,4.2,94,1
N1944,NGO,2,0,13137,4351,1.7,38,0
N1945,NGO,30,1,410570,1101,3.3,95,1
O1946,Orphanage,16,1,407868,672,4.2,78,1
N1947,NGO,7,1,267687,563,4.5,75,1
N1948,NGO,1,0,2715,1818,0.7,1,0
O1949,Orphanage,25,1,177095,2088,3.3,81,1
N1950,NGO,16,1,247918,1483,3.6,89,1
N1951,NGO,6,1,428263,4146,3.6,93,1
O1952,Orphanage,25,1,87750,1009,4.8,74,1
O1953,Orphanage,12,1,409271,4954,4.2,72,1
O1954,Orphanage,13,1,126044,4019,4.3,87,1
O1955,Orphanage,29,1,468572,3937,4.0,80,1
O1956,Orphanage,0,0,44209,4530,1.0,9,0
N1957,NGO,2,0,27439,188,1.2,49,0
N1958,NGO,15,1,340613,973,3.6,96,1
O1959,Orphanage,2,0,11892,3451,2.5,16,0
O1960,Orphanage,13,1,491615,4197,3.9,76,1
N1961,NGO,15,1,204301,3886,4.1,87,1
O1962,Orphanage,7,1,376931,3375,4.2,71,1
N1963,NGO,0,0,47027,3750,0.7,26,0
N1964,NGO,9,1,153169,698,4.0,74,1
O1965,Orphanage,21,1,180228,4772,4.1,78,1
N1966,NGO,28,1,395262,973,4.0,87,1
N1967,NGO,5,0,24507,4823,2.3,42,0
O1968,Orphanage,4,0,43832,2882,2.6,16,0
O1969,Orphanage,18,1,98403,936,4.4,80,1
N1970,NGO,5,1,305702,695,4.9,90,1
N1971,NGO,11,1,115218,1644,4.7,73,1
O1972,Orphanage,4,0,24836,4767,0.4,9,0
N1973,NGO,29,1,391651,2653,5.0,97,1
O1974,Orphanage,27,1,494867,1655,4.5,83,1
O1975,Orphanage,0,0,46312,4647,0.8,26,0
N1976,NGO,20,1,288221,3511,4.6,71,1
N1977,NGO,2,0,28144,1820,0.3,2,0
N1978,NGO,18,1,295497,1215,4.4,96,1
N1979,NGO,5,1,246643,1271,4.2,78,1
O1980,Orphanage,5,0,36920,4427,0.5,43,0
O1981,Orphanage,14,1,258931,2489,3.3,75,1
N1982,NGO,10,1,333276,904,3.2,73,1
N1983,NGO,1,0,26517,4916,0.6,12,0
O1984,Orphanage,5,0,902,1429,0.3,40,0
N1985,NGO,1,0,13412,3014,0.9,38,0
O1986,Orphanage,29,1,415547,676,5.0,70,1
N1987,NGO,27,1,297558,2715,3.6,86,1
N1988,NGO,15,1,166449,1899,4.7,77,1
N1989,NGO,16,1,457171,4212,3.3,98,1
O1990,Orphanage,2,0,12426,4251,1.7,47,0
O1991,Orphanage,3,0,8435,2648,2.1,30,0
N1992,NGO,26,1,53672,2239,3.9,100,1
O1993,Orphanage,5,1,223048,606,4.0,85,1
N1994,NGO,28,1,440024,2973,3.8,88,1
N1995,NGO,18,1,487963,2371,4.1,84,1
O1996,Orphanage,28,1,353355,3939,4.2,85,1
N1997,NGO,19,1,71309,2531,3.6,88,1
N1998,NGO,7,1,139049,670,4.0,78,1
O1999,Orphanage,0,0,26447,997,0.3,49,0
N2000,NGO,14,1,348620,1174,4.5,85,1
