child_id,need_type,request_date,amount_required,percent_funded,num_sponsors,last_updated_days,criticality_label
C1,Food,2025-08-11,3312,72.4,10,7,Low
C2,Health,2025-08-16,2517,59.9,10,24,Medium
C3,Health,2025-08-25,2352,90.8,0,26,Medium
C4,Food,2025-08-19,954,79.6,1,23,Medium
C5,Food,2025-08-25,2628,33.2,9,19,Medium
C6,Food,2025-08-03,4636,83.5,4,19,Medium
C7,Food,2025-08-21,4798,75.4,8,24,Medium
C8,Food,2025-08-09,4827,81.6,1,0,Low
C9,Food,2025-08-01,3583,16.9,4,3,Medium
C10,Food,2025-08-26,1853,30.0,2,24,High
C11,Health,2025-08-19,4447,41.7,4,23,Medium
C12,Health,2025-08-11,3880,53.0,7,17,Medium
C13,Health,2025-08-11,4090,82.5,6,7,Low
C14,Food,2025-08-17,4712,81.5,5,17,Medium
C15,Food,2025-08-06,4643,91.3,4,3,Low
C16,Food,2025-08-20,1913,30.2,9,17,Medium
C17,Food,2025-08-25,2165,21.9,8,2,Medium
C18,Health,2025-08-06,3966,10.4,9,21,Medium
C19,Health,2025-08-23,4856,69.4,1,23,Medium
C20,Health,2025-08-15,4658,24.6,6,19,Medium
C21,Food,2025-08-03,533,42.5,0,12,Medium
C22,Food,2025-08-14,4294,11.3,6,22,High
C23,Health,2025-08-16,4842,56.0,1,18,Medium
C24,Food,2025-08-05,1400,67.7,5,10,Medium
C25,Health,2025-08-12,3896,21.0,0,29,High
C26,Food,2025-08-13,4327,38.8,10,14,Medium
C27,Health,2025-08-25,4655,49.8,3,8,Medium
C28,Health,2025-08-08,2882,75.4,4,19,Medium
C29,Health,2025-08-09,1874,98.5,0,29,Medium
C30,Health,2025-08-28,4549,19.3,9,3,Medium
C31,Health,2025-08-22,1140,55.7,7,30,Medium
C32,Food,2025-08-20,3387,27.9,2,12,Medium
C33,Food,2025-08-06,1137,49.0,9,18,Medium
C34,Health,2025-08-22,3499,1.7,2,8,Medium
C35,Health,2025-08-11,507,65.5,5,1,Low
C36,Health,2025-08-11,3141,82.1,3,27,Medium
C37,Health,2025-08-01,1045,95.4,5,12,Low
C38,Health,2025-08-12,617,52.3,10,5,Low
C39,Food,2025-08-12,4258,27.2,9,26,Medium
C40,Food,2025-07-30,2205,16.3,0,10,Medium
C41,Food,2025-08-17,1861,20.2,1,27,High
C42,Food,2025-08-03,4161,29.2,0,3,Medium
C43,Food,2025-08-03,2393,36.1,1,15,Medium
C44,Food,2025-08-28,855,78.8,7,19,Medium
C45,Health,2025-08-28,4692,9.3,4,25,High
C46,Food,2025-08-20,4358,39.3,10,20,Medium
C47,Health,2025-08-10,4276,28.2,2,21,High
C48,Food,2025-08-01,1300,28.3,1,30,High
C49,Health,2025-08-25,4252,86.4,9,27,Medium
C50,Health,2025-08-14,1521,6.1,10,24,Medium
C51,Food,2025-08-07,1599,67.1,2,16,Medium
C52,Health,2025-08-29,573,86.1,2,25,Medium
C53,Health,2025-07-30,4145,78.1,3,14,Medium
C54,Food,2025-08-16,3792,3.7,7,28,High
C55,Food,2025-08-12,1315,42.4,10,21,Medium
C56,Food,2025-08-14,4408,6.4,4,29,High
C57,Food,2025-08-12,2316,88.2,2,5,Low
C58,Health,2025-08-25,835,13.7,3,23,High
C59,Health,2025-07-30,4811,41.5,0,26,High
C60,Health,2025-08-26,1098,2.7,4,18,High
C61,Food,2025-08-14,3686,96.6,2,18,Medium
C62,Food,2025-08-07,1057,87.6,5,2,Low
C63,Food,2025-08-07,3544,4.7,9,1,Medium
C64,Food,2025-08-21,4122,25.4,4,20,Medium
C65,Health,2025-08-01,3917,73.6,4,25,Medium
C66,Food,2025-08-09,1674,82.1,9,27,Medium
C67,Health,2025-08-17,3964,17.6,1,14,Medium
C68,Health,2025-08-19,1287,80.4,1,12,Medium
C69,Health,2025-08-06,3956,17.9,8,6,Medium
C70,Health,2025-08-22,3066,3.1,3,13,High
C71,Health,2025-08-02,1736,12.8,9,9,Medium
C72,Health,2025-08-22,3388,18.1,3,2,Medium
C73,Food,2025-08-16,2235,28.3,9,5,Medium
C74,Health,2025-08-07,4441,6.9,10,7,Medium
C75,Health,2025-08-26,2378,41.5,8,20,Medium
C76,Food,2025-08-29,3576,34.1,1,21,High
C77,Health,2025-08-22,3101,46.6,9,16,Medium
C78,Health,2025-08-13,1131,23.0,10,1,Medium
C79,Food,2025-08-29,4720,17.1,3,20,High
C80,Food,2025-08-24,843,30.5,4,1,Medium
C81,Food,2025-08-16,3326,41.8,2,10,Medium
C82,Health,2025-08-02,2088,8.5,6,1,Medium
C83,Food,2025-08-16,4358,98.6,1,2,Low
C84,Food,2025-08-10,1759,98.3,1,6,Low
C85,Food,2025-08-22,2589,31.6,6,16,Medium
C86,Food,2025-08-09,3140,97.0,5,21,Medium
C87,Health,2025-08-14,1399,1.9,0,8,Medium
C88,Food,2025-08-22,2998,56.5,8,17,Medium
C89,Food,2025-08-22,3297,90.3,4,11,Medium
C90,Health,2025-08-16,3618,22.1,0,6,Medium
C91,Food,2025-08-17,2174,15.5,10,2,Medium
C92,Food,2025-08-23,798,76.1,5,29,Medium
C93,Health,2025-08-18,4405,50.2,10,27,Medium
C94,Food,2025-08-21,2020,66.7,4,0,Low
C95,Food,2025-08-22,4524,66.8,9,26,Medium
C96,Food,2025-08-16,4633,51.6,0,23,High
C97,Food,2025-08-29,660,0.6,10,2,Medium
C98,Food,2025-08-13,663,45.4,4,13,Medium
C99,Food,2025-08-11,3854,10.3,3,13,Medium
C100,Food,2025-08-19,2660,2.8,3,23,High
C101,Food,2025-08-16,1877,86.6,7,2,Low
C102,Health,2025-08-25,2792,82.5,5,20,Medium
C103,Food,2025-08-07,557,82.5,7,13,Medium
C104,Food,2025-08-06,1369,55.3,5,6,Medium
C105,Food,2025-07-30,1041,3.6,7,25,High
C106,Health,2025-08-27,1589,75.4,2,2,Low
C107,Food,2025-08-19,2915,88.1,4,4,Low
C108,Health,2025-08-06,4640,98.1,3,21,Medium
C109,Health,2025-08-15,2992,9.3,5,23,High
C110,Health,2025-08-06,4874,34.3,9,28,Medium
C111,Health,2025-08-23,2082,48.8,4,3,Medium
C112,Health,2025-08-06,4172,60.7,1,2,Medium
C113,Health,2025-08-19,1019,80.0,4,15,Medium
C114,Health,2025-08-14,1002,14.0,4,5,Medium
C115,Health,2025-08-06,2285,86.0,0,6,Medium
C116,Health,2025-08-06,1891,26.0,7,29,High
C117,Food,2025-07-30,2754,88.4,5,0,Low
C118,Food,2025-08-22,1448,47.2,3,24,Medium
C119,Health,2025-08-11,630,35.1,3,26,High
C120,Food,2025-08-04,1321,1.1,4,13,Medium
C121,Health,2025-07-30,3356,43.0,8,23,Medium
C122,Food,2025-08-28,3203,50.6,4,29,High
C123,Health,2025-08-04,2281,39.6,3,26,High
C124,Food,2025-08-14,1117,90.9,10,14,Low
C125,Health,2025-08-20,1035,17.6,6,24,High
C126,Food,2025-08-15,4742,46.5,3,10,Medium
C127,Food,2025-08-01,4723,75.3,9,29,Medium
C128,Food,2025-08-15,3733,36.5,1,6,Medium
C129,Health,2025-08-19,1990,98.2,5,24,Medium
C130,Food,2025-08-05,3863,47.0,2,0,Medium
C131,Health,2025-08-14,804,99.5,0,5,Low
C132,Food,2025-08-17,4229,42.2,10,7,Medium
C133,Health,2025-08-09,4080,97.0,5,9,Low
C134,Health,2025-08-26,2103,85.0,5,2,Low
C135,Health,2025-08-21,3953,13.4,3,10,Medium
C136,Food,2025-08-17,4090,23.0,5,27,High
C137,Health,2025-08-18,2282,86.2,8,23,Medium
C138,Health,2025-08-21,2067,20.2,9,11,Medium
C139,Food,2025-08-16,1690,6.2,3,27,High
C140,Health,2025-08-26,1754,63.5,0,13,Medium
C141,Food,2025-08-05,4823,71.5,1,18,Medium
C142,Food,2025-08-13,1955,21.5,9,0,Medium
C143,Food,2025-08-10,1176,83.6,9,12,Low
C144,Health,2025-08-23,3324,52.0,1,29,High
C145,Food,2025-08-06,3136,36.8,2,28,High
C146,Health,2025-08-11,2714,34.6,1,25,High
C147,Food,2025-08-14,2036,51.9,3,17,Medium
C148,Health,2025-08-18,2060,90.0,3,19,Medium
C149,Food,2025-08-11,2959,49.6,4,20,Medium
C150,Food,2025-08-23,1230,17.4,3,24,High
C151,Food,2025-08-24,1997,43.0,9,23,Medium
C152,Health,2025-08-23,2356,71.2,10,26,Medium
C153,Health,2025-08-21,1308,40.6,7,12,Medium
C154,Health,2025-08-10,2320,94.7,5,25,Medium
C155,Health,2025-08-01,741,43.8,10,1,Low
C156,Food,2025-08-09,841,13.5,5,4,Medium
C157,Food,2025-08-10,1254,45.8,9,7,Medium
C158,Food,2025-08-12,559,42.4,6,7,Medium
C159,Health,2025-08-20,1601,22.2,10,15,Medium
C160,Food,2025-08-19,1735,69.9,2,14,Medium
C161,Food,2025-08-08,525,3.2,7,12,Medium
C162,Food,2025-07-30,2861,78.5,0,15,Medium
C163,Health,2025-08-26,4833,47.3,4,2,Medium
C164,Health,2025-08-04,830,76.8,4,10,Medium
C165,Food,2025-08-27,3019,90.8,9,11,Low
C166,Health,2025-08-10,3181,74.7,2,18,Medium
C167,Food,2025-08-20,4706,50.2,10,24,Medium
C168,Health,2025-08-14,2948,77.8,0,27,Medium
C169,Food,2025-08-14,3777,66.8,9,16,Medium
C170,Health,2025-08-11,1725,80.8,8,4,Low
C171,Health,2025-07-31,556,48.8,1,20,Medium
C172,Health,2025-08-13,2491,47.0,1,6,Medium
C173,Food,2025-08-15,1767,90.6,5,0,Low
C174,Food,2025-08-04,2796,34.9,0,30,High
C175,Health,2025-08-13,4606,34.7,7,22,Medium
C176,Food,2025-08-27,2964,9.1,8,22,Medium
C177,Food,2025-08-12,1474,93.4,10,24,Medium
C178,Health,2025-08-21,1421,64.2,9,27,Medium
C179,Health,2025-08-09,4596,1.9,7,17,Medium
C180,Health,2025-08-21,2171,41.3,8,9,Medium
C181,Health,2025-08-19,2419,25.7,5,26,High
C182,Food,2025-08-06,1931,55.8,3,8,Medium
C183,Food,2025-08-25,503,1.8,8,16,Medium
C184,Health,2025-08-17,3624,86.4,6,2,Low
C185,Health,2025-08-11,4701,66.2,7,12,Medium
C186,Food,2025-07-31,1085,42.6,4,0,Medium
C187,Food,2025-08-04,1327,31.7,8,13,Medium
C188,Food,2025-08-25,1056,52.1,7,28,Medium
C189,Health,2025-08-17,3392,24.1,9,11,Medium
C190,Food,2025-08-11,4129,60.6,5,21,Medium
C191,Food,2025-08-24,951,2.6,8,25,High
C192,Health,2025-08-29,4353,41.0,4,2,Medium
C193,Food,2025-08-11,4779,66.4,0,20,Medium
C194,Health,2025-08-08,4176,36.4,8,30,Medium
C195,Food,2025-08-25,2463,35.8,5,9,Medium
C196,Health,2025-08-01,1751,41.3,3,12,Medium
C197,Health,2025-08-26,4471,62.2,6,24,Medium
C198,Food,2025-08-19,1388,47.4,4,13,Medium
C199,Food,2025-08-06,3328,89.5,7,14,Low
C200,Health,2025-08-11,3624,10.9,4,23,High
C201,Food,2025-08-21,4873,61.3,2,27,Medium
C202,Food,2025-08-25,946,16.5,6,20,Medium
C203,Health,2025-08-19,1344,60.5,6,23,Medium
C204,Food,2025-08-22,3563,2.9,10,28,High
C205,Food,2025-08-11,2811,80.0,9,16,Medium
C206,Health,2025-08-06,1473,46.9,9,27,Medium
C207,Health,2025-08-14,3907,66.8,10,6,Low
C208,Health,2025-08-27,974,57.6,9,27,Medium
C209,Food,2025-08-04,2538,58.0,5,12,Medium
C210,Health,2025-08-13,4069,9.3,4,10,Medium
C211,Health,2025-08-14,2121,3.0,7,23,High
C212,Food,2025-07-30,2667,75.8,8,12,Low
C213,Health,2025-08-01,4260,39.5,4,2,Medium
C214,Health,2025-08-08,3304,9.2,3,6,Medium
C215,Food,2025-08-03,3393,62.1,2,5,Medium
C216,Health,2025-07-31,4283,52.4,1,9,Medium
C217,Health,2025-08-22,930,25.1,4,6,Medium
C218,Health,2025-08-14,1754,82.9,8,10,Low
C219,Health,2025-08-16,4686,49.5,6,1,Low
C220,Health,2025-08-03,3920,68.0,9,24,Medium
C221,Food,2025-08-15,2796,5.9,4,27,High
C222,Food,2025-08-24,3472,16.9,7,17,Medium
C223,Health,2025-08-21,1827,62.1,10,24,Medium
C224,Health,2025-08-19,1424,72.6,3,17,Medium
C225,Health,2025-08-04,3490,56.9,6,15,Medium
C226,Health,2025-08-04,4617,26.5,0,8,Medium
C227,Health,2025-08-16,2317,11.2,7,8,Medium
C228,Food,2025-08-07,3523,0.7,1,28,High
C229,Health,2025-08-15,4580,63.4,10,27,Medium
C230,Food,2025-08-21,2417,89.6,8,18,Medium
C231,Food,2025-08-27,1591,5.2,7,18,Medium
C232,Food,2025-08-16,1562,45.9,4,8,Medium
C233,Food,2025-08-13,1386,57.0,1,16,Medium
C234,Food,2025-08-01,4153,41.7,9,15,Medium
C235,Health,2025-08-19,742,10.0,8,16,Medium
C236,Health,2025-08-13,1355,15.1,9,27,High
C237,Food,2025-08-21,3822,78.5,3,16,Medium
C238,Health,2025-08-06,4778,42.1,9,24,Medium
C239,Food,2025-07-31,1653,64.3,7,19,Medium
C240,Health,2025-08-02,3574,27.3,0,7,Medium
C241,Health,2025-08-06,1650,54.8,3,19,Medium
C242,Food,2025-08-20,1458,52.3,2,3,Medium
C243,Health,2025-08-05,3395,26.3,7,0,Medium
C244,Health,2025-08-26,3721,98.6,5,18,Medium
C245,Food,2025-08-23,1183,31.7,5,22,Medium
C246,Food,2025-08-02,1876,75.5,3,3,Low
C247,Health,2025-08-15,947,54.0,8,12,Medium
C248,Health,2025-08-21,981,64.8,3,18,Medium
C249,Food,2025-08-25,3082,8.3,7,25,High
C250,Food,2025-08-05,3635,86.5,0,4,Medium
C251,Food,2025-08-02,3216,43.9,5,4,Medium
C252,Health,2025-07-30,1806,79.6,7,2,Low
C253,Health,2025-08-10,4123,29.4,3,3,Medium
C254,Food,2025-08-12,898,58.0,2,24,Medium
C255,Health,2025-08-22,4487,17.4,3,13,Medium
C256,Health,2025-08-21,4893,63.7,5,14,Medium
C257,Food,2025-08-29,3604,57.5,4,23,Medium
C258,Food,2025-08-05,4585,69.8,3,3,Medium
C259,Food,2025-07-31,1091,34.0,7,23,Medium
C260,Food,2025-08-19,2060,40.1,7,0,Low
C261,Health,2025-08-07,645,83.2,10,22,Medium
C262,Food,2025-07-30,2122,53.7,0,4,Medium
C263,Health,2025-08-12,2732,85.7,3,19,Medium
C264,Food,2025-08-28,776,15.8,9,15,Medium
C265,Food,2025-08-22,1718,35.8,10,3,Low
C266,Food,2025-08-11,1224,56.5,9,4,Low
C267,Health,2025-08-02,3842,36.7,0,4,Medium
C268,Health,2025-08-15,2525,7.5,3,30,High
C269,Food,2025-08-12,555,64.7,2,12,Medium
C270,Food,2025-08-09,1599,0.5,5,7,Medium
C271,Food,2025-08-23,4703,66.4,6,6,Low
C272,Food,2025-08-19,1839,0.8,6,7,Medium
C273,Food,2025-08-29,685,97.6,2,23,Medium
C274,Health,2025-08-17,1685,79.8,4,7,Low
C275,Health,2025-08-29,4069,96.3,0,3,Low
C276,Food,2025-08-24,1138,15.4,5,22,High
C277,Health,2025-08-12,2211,96.8,3,10,Low
C278,Food,2025-08-20,3664,54.5,4,25,Medium
C279,Food,2025-08-14,2956,84.7,7,20,Medium
C280,Food,2025-08-13,1146,9.7,3,6,Medium
C281,Food,2025-07-31,1829,71.4,5,0,Low
C282,Food,2025-08-01,3120,61.6,7,20,Medium
C283,Health,2025-08-29,2598,92.0,5,17,Medium
C284,Health,2025-08-05,4905,19.7,10,11,Medium
C285,Food,2025-08-07,2921,51.4,7,28,Medium
C286,Food,2025-08-04,3497,90.7,0,22,Medium
C287,Food,2025-08-26,3052,15.6,0,29,High
C288,Food,2025-08-17,3788,33.6,8,1,Medium
C289,Food,2025-08-22,611,60.4,4,24,Medium
C290,Health,2025-08-08,2174,98.2,0,14,Medium
C291,Food,2025-07-30,3788,32.1,5,13,Medium
C292,Health,2025-08-04,798,94.4,6,19,Medium
C293,Food,2025-07-30,4179,87.0,7,18,Medium
C294,Food,2025-08-25,1330,36.0,7,7,Medium
C295,Food,2025-08-21,4099,37.5,4,25,High
C296,Health,2025-08-19,3674,99.5,1,18,Medium
C297,Health,2025-08-16,603,48.1,6,10,Medium
C298,Food,2025-08-11,3987,10.9,3,12,Medium
C299,Health,2025-08-09,1602,8.3,6,22,High
C300,Food,2025-08-03,2367,14.1,5,1,Medium
C301,Food,2025-08-09,2084,27.6,6,1,Medium
C302,Health,2025-08-06,4441,50.9,0,3,Medium
C303,Health,2025-08-07,4741,53.9,5,25,Medium
C304,Health,2025-08-10,2065,69.6,6,28,Medium
C305,Food,2025-08-19,2769,79.8,0,0,Low
C306,Food,2025-08-28,1001,58.0,5,24,Medium
C307,Food,2025-08-14,1683,96.8,5,8,Low
C308,Health,2025-08-24,1237,22.1,1,0,Medium
C309,Health,2025-08-16,933,96.0,5,20,Medium
C310,Health,2025-08-02,2093,6.5,1,19,High
C311,Health,2025-08-29,4757,48.5,0,23,High
C312,Food,2025-08-14,1717,88.1,5,25,Medium
C313,Health,2025-08-09,1945,2.3,3,13,High
C314,Food,2025-08-28,4471,32.3,3,20,Medium
C315,Health,2025-07-31,3668,76.0,2,12,Medium
C316,Health,2025-08-24,2026,27.6,5,10,Medium
C317,Health,2025-08-22,1790,84.5,5,18,Medium
C318,Health,2025-08-28,3399,91.5,8,25,Medium
C319,Health,2025-08-10,863,65.7,6,27,Medium
C320,Health,2025-08-25,4118,93.0,1,17,Medium
C321,Health,2025-08-20,3189,6.8,7,25,High
C322,Health,2025-08-10,3425,96.5,8,13,Low
C323,Health,2025-08-10,3195,68.4,8,25,Medium
C324,Food,2025-08-15,3034,33.3,1,24,High
C325,Food,2025-08-09,4627,74.7,6,3,Low
C326,Health,2025-08-23,1085,41.3,0,8,Medium
C327,Food,2025-08-22,640,79.2,10,6,Low
C328,Food,2025-08-06,885,3.7,2,1,Medium
C329,Health,2025-07-30,3436,3.4,9,7,Medium
C330,Food,2025-07-30,4471,68.6,5,10,Medium
C331,Food,2025-08-03,1586,27.9,10,1,Medium
C332,Health,2025-08-18,1188,22.1,7,30,High
C333,Health,2025-08-18,813,18.4,3,22,High
C334,Food,2025-08-12,1605,57.1,10,7,Low
C335,Health,2025-08-20,4784,45.7,1,2,Medium
C336,Food,2025-08-12,1562,79.3,9,25,Medium
C337,Food,2025-08-08,2074,98.6,7,27,Medium
C338,Health,2025-08-06,3131,0.0,5,14,Medium
C339,Food,2025-08-10,3810,16.7,9,3,Medium
C340,Food,2025-08-03,590,39.0,9,20,Medium
C341,Food,2025-08-05,4345,65.1,10,18,Medium
C342,Food,2025-08-22,3696,2.5,0,4,Medium
C343,Food,2025-08-11,3780,42.7,2,30,High
C344,Food,2025-08-01,2679,6.9,8,9,Medium
C345,Health,2025-08-20,4312,50.2,4,3,Medium
C346,Health,2025-08-15,3552,34.4,5,12,Medium
C347,Health,2025-08-18,3422,41.4,8,20,Medium
C348,Health,2025-07-31,1591,59.1,10,7,Low
C349,Food,2025-08-23,4551,88.8,8,27,Medium
C350,Health,2025-08-15,2918,31.0,4,19,Medium
C351,Food,2025-08-09,1495,78.6,0,9,Medium
C352,Health,2025-08-03,4037,69.4,2,11,Medium
C353,Health,2025-08-18,1332,75.9,4,19,Medium
C354,Health,2025-08-19,4622,93.2,5,9,Low
C355,Food,2025-08-09,2011,88.6,1,28,Medium
C356,Food,2025-07-31,1501,59.8,6,19,Medium
C357,Food,2025-08-04,4291,39.1,3,0,Medium
C358,Health,2025-08-26,2621,26.8,5,6,Medium
C359,Health,2025-08-02,3180,41.2,7,14,Medium
C360,Health,2025-08-04,4132,81.9,7,17,Medium
C361,Health,2025-08-09,2957,35.9,5,0,Medium
C362,Health,2025-08-21,1444,68.8,10,7,Low
C363,Health,2025-08-28,1583,26.3,5,20,Medium
C364,Food,2025-08-15,4916,19.7,8,28,High
C365,Health,2025-08-28,4378,10.5,2,7,Medium
C366,Food,2025-08-28,3537,21.5,9,1,Medium
C367,Health,2025-08-16,2271,69.6,6,12,Medium
C368,Food,2025-08-27,3282,85.0,10,3,Low
C369,Food,2025-08-27,1984,51.8,1,25,High
C370,Health,2025-08-25,1840,69.9,0,7,Medium
C371,Food,2025-08-17,3298,98.5,7,1,Low
C372,Food,2025-08-03,4150,75.6,0,20,Medium
C373,Food,2025-08-23,2373,45.0,6,17,Medium
C374,Food,2025-08-18,4408,72.8,9,7,Low
C375,Health,2025-08-11,2088,55.6,7,22,Medium
C376,Food,2025-08-08,3942,88.3,10,25,Medium
C377,Health,2025-08-17,1381,85.8,7,20,Medium
C378,Health,2025-08-08,2014,74.5,7,17,Medium
C379,Food,2025-08-05,4166,31.4,4,3,Medium
C380,Health,2025-08-23,1416,35.6,9,28,Medium
C381,Health,2025-08-24,3513,7.0,9,22,Medium
C382,Health,2025-08-28,3908,74.3,4,25,Medium
C383,Food,2025-08-13,2039,37.1,3,23,Medium
C384,Food,2025-08-07,1176,51.1,7,12,Medium
C385,Health,2025-08-18,2472,24.6,5,30,High
C386,Health,2025-08-08,2976,81.1,6,18,Medium
C387,Health,2025-08-13,3613,42.0,8,3,Medium
C388,Health,2025-08-20,2392,20.0,9,25,Medium
C389,Health,2025-08-07,1225,89.4,6,2,Low
C390,Food,2025-08-20,3549,78.8,10,24,Medium
C391,Health,2025-08-23,1702,5.1,6,29,High
C392,Food,2025-08-29,1441,21.6,3,8,Medium
C393,Health,2025-08-08,4883,53.9,6,6,Medium
C394,Food,2025-08-05,4975,50.8,3,11,Medium
C395,Food,2025-08-07,777,93.0,9,24,Medium
C396,Food,2025-08-22,1294,91.6,1,10,Medium
C397,Health,2025-08-02,4782,44.5,1,17,Medium
C398,Health,2025-08-08,1074,52.6,7,4,Medium
C399,Health,2025-07-30,2893,31.4,5,1,Medium
C400,Food,2025-08-24,1613,2.0,4,29,High
C401,Health,2025-08-01,3520,61.4,6,12,Medium
C402,Health,2025-08-07,2109,34.3,7,21,Medium
C403,Food,2025-08-02,2299,54.4,6,23,Medium
C404,Food,2025-08-07,1016,84.8,5,14,Medium
C405,Health,2025-08-03,3978,0.8,6,17,High
C406,Health,2025-08-08,1370,74.1,8,1,Low
C407,Health,2025-08-26,2521,83.3,2,22,Medium
C408,Health,2025-08-25,2575,7.4,2,18,High
C409,Health,2025-08-18,2957,44.2,10,27,Medium
C410,Health,2025-08-15,4181,59.7,8,16,Medium
C411,Food,2025-08-09,4626,40.1,8,11,Medium
C412,Food,2025-08-09,789,57.5,10,8,Low
C413,Health,2025-08-21,3262,82.1,9,6,Low
C414,Health,2025-08-17,4208,44.0,1,13,Medium
C415,Food,2025-08-08,602,72.3,1,16,Medium
C416,Health,2025-08-02,601,100.0,7,2,Low
C417,Health,2025-08-10,3792,42.2,5,28,High
C418,Food,2025-08-24,4936,50.7,10,12,Medium
C419,Food,2025-08-27,1038,50.3,7,28,Medium
C420,Health,2025-08-25,1435,96.6,0,12,Medium
C421,Food,2025-08-08,4085,92.1,1,13,Medium
C422,Health,2025-08-16,1771,47.2,8,19,Medium
C423,Food,2025-08-10,1799,24.3,10,17,Medium
C424,Health,2025-08-29,2266,40.7,6,2,Medium
C425,Health,2025-08-09,614,38.4,8,7,Medium
C426,Food,2025-08-03,1143,87.2,1,14,Medium
C427,Food,2025-08-16,3772,74.7,7,3,Low
C428,Health,2025-08-20,2276,83.8,9,11,Low
C429,Health,2025-08-21,4006,62.4,6,27,Medium
C430,Food,2025-08-09,1143,1.3,4,3,Medium
C431,Food,2025-08-29,1256,70.2,10,29,Medium
C432,Health,2025-08-06,2920,17.1,3,25,High
C433,Health,2025-08-07,3142,90.8,5,18,Medium
C434,Health,2025-08-24,3175,93.1,10,19,Low
C435,Food,2025-08-25,4278,25.0,8,2,Medium
C436,Health,2025-08-20,2976,98.2,0,22,Medium
C437,Health,2025-08-29,1721,84.6,9,27,Medium
C438,Health,2025-08-03,2815,31.2,1,14,Medium
C439,Food,2025-08-18,4375,52.7,7,29,Medium
C440,Health,2025-08-04,4609,96.3,3,2,Low
C441,Health,2025-08-15,2346,42.6,2,23,Medium
C442,Food,2025-08-21,2026,59.9,9,9,Medium
C443,Food,2025-08-06,3177,69.9,10,21,Medium
C444,Food,2025-08-05,870,66.0,0,7,Medium
C445,Health,2025-08-24,2468,67.0,4,8,Medium
C446,Health,2025-08-19,2265,35.7,4,23,Medium
C447,Health,2025-08-22,2504,67.4,7,6,Low
C448,Health,2025-08-26,566,15.2,4,2,Medium
C449,Food,2025-08-11,3866,97.5,4,25,Medium
C450,Health,2025-08-13,891,26.8,7,0,Medium
C451,Health,2025-08-19,4573,24.8,2,7,Medium
C452,Health,2025-08-20,1515,77.6,5,19,Medium
C453,Health,2025-08-22,2124,22.3,10,6,Medium
C454,Food,2025-08-07,4498,65.0,0,13,Medium
C455,Health,2025-07-31,1503,87.6,6,0,Low
C456,Health,2025-08-18,1740,23.0,0,9,Medium
C457,Health,2025-08-02,2696,55.5,7,1,Low
C458,Health,2025-08-16,2704,1.6,6,5,Medium
C459,Food,2025-08-09,1908,27.7,7,25,Medium
C460,Food,2025-07-30,3522,75.6,8,4,Low
C461,Health,2025-08-19,3184,91.0,8,9,Low
C462,Health,2025-08-19,1292,37.8,1,24,High
C463,Food,2025-08-24,4883,73.9,7,16,Medium
C464,Health,2025-08-18,1755,98.6,0,10,Medium
C465,Health,2025-08-11,4522,61.1,8,10,Medium
C466,Health,2025-08-02,4731,27.8,2,17,Medium
C467,Health,2025-08-08,2809,11.1,4,24,High
C468,Food,2025-08-18,1195,93.6,7,1,Low
C469,Food,2025-08-02,4863,51.7,7,7,Medium
C470,Food,2025-08-12,4070,97.3,5,21,Medium
C471,Health,2025-08-16,2118,97.2,2,14,Medium
C472,Food,2025-07-30,4340,30.7,5,26,High
C473,Health,2025-08-22,1485,94.7,5,28,Medium
C474,Food,2025-08-01,2187,87.3,4,19,Medium
C475,Food,2025-08-06,3896,45.5,3,21,Medium
C476,Health,2025-08-14,2694,24.4,10,2,Medium
C477,Health,2025-08-28,1670,34.7,10,7,Medium
C478,Health,2025-08-19,1203,76.5,1,12,Medium
C479,Health,2025-08-25,3877,53.4,7,17,Medium
C480,Health,2025-08-11,991,97.2,2,6,Low
C481,Health,2025-08-18,4727,33.7,7,3,Medium
C482,Health,2025-08-04,2018,51.7,3,2,Medium
C483,Health,2025-08-19,1260,42.2,6,27,Medium
C484,Health,2025-08-17,3004,32.3,6,23,Medium
C485,Health,2025-08-23,1525,54.8,1,4,Medium
C486,Health,2025-08-09,4894,94.8,7,27,Medium
C487,Food,2025-08-14,1497,25.1,6,20,Medium
C488,Food,2025-08-23,1554,21.8,5,7,Medium
C489,Food,2025-08-09,3197,81.1,10,8,Low
C490,Food,2025-08-28,1528,68.7,0,29,High
C491,Food,2025-08-04,2633,30.5,9,25,Medium
C492,Food,2025-08-14,2410,93.1,9,6,Low
C493,Health,2025-08-01,4151,23.1,3,21,High
C494,Food,2025-08-23,1110,19.4,4,26,High
C495,Food,2025-08-05,518,34.2,8,30,High
C496,Health,2025-08-14,4419,76.5,9,23,Medium
C497,Health,2025-08-27,3036,16.5,9,15,Medium
C498,Health,2025-08-05,4248,14.9,4,27,High
C499,Health,2025-08-23,3281,22.6,3,5,Medium
C500,Health,2025-08-04,2435,89.7,5,18,Medium
C501,Food,2025-08-05,3054,91.0,5,29,Medium
C502,Food,2025-08-01,2514,2.6,6,6,Medium
C503,Health,2025-08-22,957,37.0,4,6,Medium
C504,Food,2025-08-24,4565,14.5,8,24,High
C505,Health,2025-07-31,856,23.3,8,2,Medium
C506,Food,2025-08-14,2737,29.9,4,21,Medium
C507,Health,2025-08-23,4559,91.2,8,27,Medium
C508,Health,2025-08-19,3091,73.4,2,13,Medium
C509,Food,2025-08-13,785,51.3,3,8,Medium
C510,Health,2025-08-20,3936,3.4,8,4,Medium
C511,Food,2025-08-26,4056,99.3,8,21,Medium
C512,Food,2025-08-24,4742,21.0,6,13,Medium
C513,Food,2025-07-31,3252,19.7,7,17,Medium
C514,Health,2025-08-09,2344,52.5,5,25,Medium
C515,Health,2025-08-08,1235,76.9,3,13,Medium
C516,Food,2025-08-24,3275,89.1,1,26,Medium
C517,Food,2025-08-14,4001,47.5,6,6,Medium
C518,Health,2025-08-10,2805,12.5,8,23,Medium
C519,Health,2025-08-18,3875,63.3,4,15,Medium
C520,Health,2025-08-08,4097,64.9,10,21,Medium
C521,Health,2025-08-12,2512,50.1,7,29,Medium
C522,Food,2025-08-08,1285,74.2,8,26,Medium
C523,Health,2025-08-22,4865,90.9,10,24,Medium
C524,Health,2025-08-04,3774,37.6,8,18,Medium
C525,Food,2025-08-23,1275,63.7,3,30,Medium
C526,Health,2025-08-12,786,49.0,8,0,Low
C527,Health,2025-08-27,2124,16.9,7,30,High
C528,Health,2025-08-18,4736,37.8,8,13,Medium
C529,Health,2025-08-12,3068,80.5,5,9,Low
C530,Health,2025-08-14,2280,41.5,5,9,Medium
C531,Food,2025-08-07,2186,28.0,0,4,Medium
C532,Food,2025-08-23,4722,80.1,1,4,Medium
C533,Food,2025-08-07,2969,98.6,6,17,Medium
C534,Health,2025-08-10,4581,83.7,7,5,Low
C535,Food,2025-07-31,2839,67.5,8,1,Low
C536,Health,2025-08-20,4366,89.4,2,17,Medium
C537,Food,2025-08-14,1151,98.6,4,12,Low
C538,Health,2025-08-25,4423,22.1,3,21,High
C539,Food,2025-08-16,4027,65.0,7,15,Medium
C540,Health,2025-08-12,4357,37.2,0,0,Medium
C541,Food,2025-08-25,4219,8.3,6,30,High
C542,Health,2025-08-20,822,62.5,7,11,Medium
C543,Food,2025-08-08,543,33.6,9,20,Medium
C544,Health,2025-08-23,2504,45.8,3,7,Medium
C545,Health,2025-08-01,4472,34.0,5,29,High
C546,Health,2025-08-11,638,75.2,5,29,Medium
C547,Food,2025-08-15,1478,27.3,1,3,Medium
C548,Health,2025-08-21,1535,73.4,8,12,Medium
C549,Food,2025-08-07,4565,35.5,1,26,High
C550,Health,2025-08-07,1211,80.1,9,26,Medium
C551,Food,2025-08-23,1228,56.9,6,27,Medium
C552,Food,2025-08-11,1753,48.1,3,0,Medium
C553,Food,2025-08-14,1992,48.8,6,3,Medium
C554,Food,2025-08-04,1845,54.2,2,14,Medium
C555,Health,2025-08-08,4520,34.6,6,11,Medium
C556,Health,2025-08-05,833,88.4,3,22,Medium
C557,Health,2025-07-30,3507,24.7,10,15,Medium
C558,Health,2025-08-01,2373,72.0,7,29,Medium
C559,Health,2025-08-06,2358,75.5,7,12,Medium
C560,Health,2025-08-07,3745,2.9,8,10,Medium
C561,Health,2025-08-03,1448,55.1,1,14,Medium
C562,Health,2025-08-08,1625,92.1,2,24,Medium
C563,Food,2025-08-17,4489,66.7,9,16,Medium
C564,Health,2025-07-31,1511,11.2,4,15,Medium
C565,Health,2025-08-02,3541,95.1,10,11,Low
C566,Health,2025-08-04,792,52.8,1,20,Medium
C567,Food,2025-08-06,2325,68.4,5,13,Medium
C568,Health,2025-08-26,3222,10.5,4,15,Medium
C569,Food,2025-08-07,2287,73.6,7,11,Medium
C570,Health,2025-08-14,2681,4.8,9,10,Medium
C571,Food,2025-08-10,2468,30.0,6,5,Medium
C572,Health,2025-08-15,3728,23.8,2,13,Medium
C573,Food,2025-08-20,721,26.9,5,5,Medium
C574,Food,2025-08-29,1788,18.7,6,17,Medium
C575,Food,2025-08-14,1924,58.0,4,21,Medium
C576,Food,2025-07-30,1876,28.2,7,20,Medium
C577,Food,2025-08-16,542,42.3,0,10,Medium
C578,Health,2025-07-30,4523,4.7,7,7,Medium
C579,Health,2025-08-02,1450,7.1,4,24,High
C580,Food,2025-08-11,2023,3.2,0,19,High
C581,Food,2025-08-10,4332,3.7,2,18,High
C582,Health,2025-08-28,773,7.7,0,10,High
C583,Health,2025-08-23,3842,93.2,10,6,Low
C584,Health,2025-08-07,4208,4.0,9,18,Medium
C585,Food,2025-08-12,4440,88.3,1,23,Medium
C586,Health,2025-08-09,841,54.3,7,5,Medium
C587,Food,2025-08-08,4992,62.3,2,24,Medium
C588,Food,2025-08-18,3022,17.7,2,2,Medium
C589,Food,2025-08-25,3516,42.8,5,5,Medium
C590,Health,2025-08-28,3032,9.5,8,6,Medium
C591,Food,2025-08-17,3235,35.2,6,22,Medium
C592,Food,2025-08-08,1737,98.6,8,18,Low
C593,Food,2025-08-14,1023,71.2,10,20,Medium
C594,Food,2025-08-21,3960,57.1,9,25,Medium
C595,Food,2025-08-08,4319,83.6,4,13,Medium
C596,Health,2025-08-16,720,57.5,9,27,Medium
C597,Food,2025-08-06,3234,31.5,6,6,Medium
C598,Food,2025-08-02,3853,22.3,0,29,High
C599,Food,2025-08-14,1693,66.0,9,19,Medium
C600,Health,2025-08-22,723,66.0,1,22,Medium
C601,Health,2025-08-25,1559,20.1,10,17,Medium
C602,Food,2025-07-31,3567,63.8,6,21,Medium
C603,Food,2025-08-25,1406,82.8,2,28,Medium
C604,Food,2025-08-16,2235,99.1,6,17,Medium
C605,Food,2025-08-15,4811,38.6,4,21,Medium
C606,Health,2025-08-10,4506,91.7,6,8,Low
C607,Food,2025-08-15,1287,2.9,8,17,Medium
C608,Health,2025-08-05,3495,23.9,2,13,Medium
C609,Health,2025-08-15,4039,43.4,10,3,Low
C610,Food,2025-08-06,4103,74.7,5,29,Medium
C611,Food,2025-08-27,849,2.4,10,27,High
C612,Food,2025-08-04,3407,35.9,0,19,High
C613,Food,2025-08-05,3836,38.2,2,19,Medium
C614,Food,2025-08-24,4593,11.1,5,26,High
C615,Health,2025-08-03,2325,83.7,2,30,Medium
C616,Food,2025-08-03,4219,44.7,7,2,Medium
C617,Food,2025-08-02,4622,84.7,5,13,Medium
C618,Food,2025-08-18,4282,4.4,0,16,High
C619,Health,2025-08-10,3614,61.2,7,28,Medium
C620,Food,2025-08-05,2920,86.8,2,24,Medium
C621,Food,2025-08-14,4282,5.3,2,4,Medium
C622,Health,2025-08-27,2837,7.5,8,10,Medium
C623,Food,2025-08-10,1654,40.8,5,8,Medium
C624,Health,2025-08-09,4565,15.7,9,21,Medium
C625,Health,2025-08-05,4742,53.2,1,23,Medium
C626,Food,2025-08-27,2351,53.5,6,13,Medium
C627,Food,2025-08-05,4204,8.5,8,25,High
C628,Food,2025-08-28,1258,25.2,6,10,Medium
C629,Food,2025-08-29,3059,74.8,8,29,Medium
C630,Food,2025-07-30,4294,86.6,8,17,Medium
C631,Food,2025-08-11,4970,72.7,10,1,Low
C632,Food,2025-08-27,2426,0.4,0,5,Medium
C633,Health,2025-08-26,4587,43.2,6,17,Medium
C634,Food,2025-08-14,3813,16.9,6,23,High
C635,Health,2025-08-19,3073,56.7,0,23,Medium
C636,Food,2025-08-03,4471,53.0,0,17,Medium
C637,Food,2025-08-11,4303,47.0,9,14,Medium
C638,Food,2025-08-23,1274,76.0,4,29,Medium
C639,Food,2025-08-20,4054,78.3,4,25,Medium
C640,Health,2025-08-13,4650,91.5,8,3,Low
C641,Food,2025-07-30,502,65.8,8,0,Low
C642,Food,2025-08-29,1413,68.1,0,27,Medium
C643,Food,2025-07-31,1303,20.4,6,9,Medium
C644,Health,2025-08-28,1840,76.2,9,3,Low
C645,Food,2025-08-08,3961,77.1,7,25,Medium
C646,Health,2025-08-15,3752,74.1,10,0,Low
C647,Food,2025-08-22,2956,50.3,5,8,Medium
C648,Food,2025-08-04,2743,95.9,9,3,Low
C649,Food,2025-08-25,3672,10.3,7,0,Medium
C650,Food,2025-08-13,2930,34.3,3,14,Medium
C651,Health,2025-08-27,1935,44.2,0,10,Medium
C652,Health,2025-08-06,919,17.9,9,5,Medium
C653,Health,2025-07-30,2735,33.6,9,18,Medium
C654,Health,2025-08-21,2167,7.9,4,7,Medium
C655,Health,2025-07-31,3573,85.2,5,12,Medium
C656,Food,2025-08-10,4969,75.9,6,15,Medium
C657,Food,2025-08-21,4652,53.0,9,5,Low
C658,Health,2025-08-13,2041,53.1,1,21,Medium
C659,Health,2025-07-31,3009,76.3,2,2,Low
C660,Health,2025-08-20,2411,66.0,9,13,Medium
C661,Food,2025-08-19,2047,42.3,5,3,Medium
C662,Food,2025-08-01,1027,70.4,7,16,Medium
C663,Health,2025-08-04,1276,2.1,1,8,Medium
C664,Health,2025-07-30,3256,99.1,7,14,Low
C665,Food,2025-08-10,3425,68.3,8,23,Medium
C666,Food,2025-08-28,1491,78.1,1,24,Medium
C667,Health,2025-08-26,1564,94.8,0,15,Medium
C668,Food,2025-08-29,2951,90.2,10,12,Low
C669,Food,2025-08-17,3461,31.0,6,0,Medium
C670,Food,2025-07-30,3516,95.1,3,15,Medium
C671,Food,2025-08-20,1760,44.1,5,13,Medium
C672,Food,2025-08-17,1926,19.2,1,1,Medium
C673,Health,2025-08-10,2295,86.2,8,16,Medium
C674,Food,2025-08-22,732,64.7,9,22,Medium
C675,Health,2025-08-26,2910,50.2,0,13,Medium
C676,Food,2025-08-10,3251,60.2,10,0,Low
C677,Health,2025-08-27,3065,85.5,8,10,Low
C678,Food,2025-08-12,3506,37.1,2,19,Medium
C679,Food,2025-08-18,1036,21.4,4,11,Medium
C680,Food,2025-08-15,3166,90.7,8,6,Low
C681,Health,2025-08-07,4969,3.0,6,2,Medium
C682,Food,2025-08-28,1334,78.5,6,12,Medium
C683,Health,2025-08-18,4932,3.2,4,7,Medium
C684,Food,2025-08-08,4031,86.5,5,10,Low
C685,Health,2025-08-24,3504,72.2,6,11,Medium
C686,Health,2025-08-11,4274,12.1,6,27,High
C687,Health,2025-08-28,1655,53.6,2,4,Medium
C688,Health,2025-08-12,4077,91.4,3,29,Medium
C689,Health,2025-08-25,4263,4.9,8,14,Medium
C690,Health,2025-08-21,1037,17.0,5,25,High
C691,Health,2025-08-09,4826,66.6,10,15,Medium
C692,Health,2025-08-06,2328,88.0,0,24,Medium
C693,Food,2025-08-03,1728,85.5,8,27,Medium
C694,Health,2025-08-22,747,40.2,5,29,High
C695,Food,2025-08-20,4414,56.5,4,10,Medium
C696,Health,2025-08-23,3245,95.0,8,13,Low
C697,Food,2025-08-08,2559,74.1,8,8,Low
C698,Food,2025-08-20,4384,41.3,5,14,Medium
C699,Food,2025-08-04,746,92.0,8,27,Medium
C700,Health,2025-08-01,4064,10.2,4,3,Medium
C701,Food,2025-07-31,2580,37.0,10,5,Medium
C702,Health,2025-07-31,4017,4.5,10,12,Medium
C703,Food,2025-08-13,4872,75.9,5,13,Medium
C704,Health,2025-08-19,3816,89.4,3,21,Medium
C705,Health,2025-08-21,3112,79.8,5,13,Medium
C706,Food,2025-08-20,1722,94.0,9,16,Low
C707,Food,2025-08-15,4227,22.3,2,21,High
C708,Food,2025-08-15,2521,21.3,2,3,Medium
C709,Health,2025-08-25,1946,80.7,5,23,Medium
C710,Food,2025-08-06,1677,71.1,10,24,Medium
C711,Health,2025-08-19,668,55.8,8,23,Medium
C712,Health,2025-08-09,4275,76.0,2,18,Medium
C713,Health,2025-08-12,534,26.1,3,0,Medium
C714,Health,2025-07-30,819,57.2,8,2,Low
C715,Food,2025-08-06,550,10.9,3,18,High
C716,Food,2025-08-24,2475,47.8,6,15,Medium
C717,Food,2025-08-21,1351,99.4,3,25,Medium
C718,Food,2025-08-25,1146,54.1,0,3,Medium
C719,Health,2025-08-21,1171,83.0,6,1,Low
C720,Food,2025-08-28,3279,40.0,2,16,Medium
C721,Food,2025-08-20,2663,40.6,1,7,Medium
C722,Food,2025-08-08,2209,60.4,6,23,Medium
C723,Food,2025-08-01,610,68.7,0,6,Medium
C724,Health,2025-08-03,4954,19.7,0,26,High
C725,Food,2025-08-21,3948,36.2,5,25,Medium
C726,Health,2025-08-03,2040,12.2,0,14,High
C727,Health,2025-08-20,1942,21.8,0,8,Medium
C728,Food,2025-08-01,2892,80.0,3,15,Medium
C729,Food,2025-08-17,738,78.7,7,5,Low
C730,Health,2025-08-20,2915,84.3,8,10,Low
C731,Health,2025-08-04,3853,18.1,4,29,High
C732,Health,2025-08-25,4892,45.0,3,8,Medium
C733,Health,2025-08-18,4820,78.4,1,12,Medium
C734,Health,2025-08-27,3946,39.7,10,15,Medium
C735,Food,2025-08-23,1991,54.3,2,11,Medium
C736,Food,2025-08-19,2343,20.3,6,8,Medium
C737,Health,2025-08-04,2608,28.5,6,26,High
C738,Health,2025-08-01,3677,13.3,6,28,High
C739,Health,2025-08-13,2338,1.0,7,1,Medium
C740,Food,2025-08-26,3266,66.1,1,13,Medium
C741,Health,2025-08-28,1456,22.4,3,19,High
C742,Food,2025-08-04,1872,27.3,9,10,Medium
C743,Food,2025-08-09,4655,53.2,8,3,Low
C744,Health,2025-08-08,4608,28.6,4,25,High
C745,Food,2025-08-22,1774,44.0,6,27,Medium
C746,Health,2025-08-15,4484,23.8,0,26,High
C747,Food,2025-08-25,1299,37.2,7,6,Medium
C748,Food,2025-08-26,4454,14.2,6,16,Medium
C749,Food,2025-08-09,1597,10.0,10,1,Medium
C750,Food,2025-08-16,4066,71.4,5,6,Low
C751,Food,2025-07-31,1370,34.1,7,15,Medium
C752,Food,2025-08-19,3145,53.2,3,15,Medium
C753,Food,2025-08-11,4116,52.1,5,28,Medium
C754,Food,2025-08-22,2235,37.9,10,2,Low
C755,Health,2025-08-02,3404,5.9,4,7,Medium
C756,Health,2025-08-15,2405,47.9,2,12,Medium
C757,Health,2025-08-26,1282,98.8,5,22,Medium
C758,Food,2025-07-30,1031,56.6,6,4,Medium
C759,Health,2025-08-19,1112,93.7,8,13,Low
C760,Health,2025-08-28,2612,26.3,7,1,Medium
C761,Food,2025-08-21,1820,24.8,6,18,Medium
C762,Health,2025-08-26,2677,32.9,2,12,Medium
C763,Food,2025-08-24,4289,88.5,10,17,Low
C764,Health,2025-08-28,4436,94.1,2,20,Medium
C765,Food,2025-08-29,1324,66.5,5,1,Low
C766,Food,2025-08-27,1945,18.4,9,23,Medium
C767,Food,2025-07-31,1725,7.7,9,27,High
C768,Food,2025-08-13,1612,51.9,6,18,Medium
C769,Food,2025-08-19,2340,73.5,5,4,Low
C770,Health,2025-08-11,4384,95.6,8,6,Low
C771,Health,2025-08-05,3792,20.9,4,18,Medium
C772,Health,2025-08-18,3514,9.2,4,26,High
C773,Health,2025-08-01,2677,47.2,8,21,Medium
C774,Food,2025-08-23,3119,69.9,1,27,Medium
C775,Health,2025-08-16,4323,9.5,0,29,High
C776,Health,2025-08-22,1069,17.0,1,9,Medium
C777,Food,2025-08-12,3496,58.0,5,25,Medium
C778,Food,2025-08-27,2798,55.2,8,28,Medium
C779,Food,2025-08-15,4940,57.5,3,23,Medium
C780,Food,2025-08-28,3774,47.8,8,20,Medium
C781,Food,2025-08-26,3748,59.0,7,9,Medium
C782,Food,2025-08-03,4808,72.0,3,22,Medium
C783,Food,2025-08-03,953,58.1,2,14,Medium
C784,Health,2025-08-28,2388,93.8,9,10,Low
C785,Food,2025-08-03,1547,34.7,8,12,Medium
C786,Health,2025-08-23,4590,85.4,10,4,Low
C787,Health,2025-08-23,4255,64.7,5,28,Medium
C788,Health,2025-08-07,783,89.8,4,19,Medium
C789,Health,2025-08-23,3631,31.3,7,0,Medium
C790,Food,2025-08-27,2726,15.1,1,22,High
C791,Health,2025-07-31,2773,37.4,0,14,Medium
C792,Food,2025-08-12,702,22.0,4,12,Medium
C793,Health,2025-08-08,3894,20.8,8,21,Medium
C794,Food,2025-08-17,728,51.2,5,16,Medium
C795,Health,2025-07-31,3077,29.7,7,20,Medium
C796,Food,2025-07-31,4304,25.8,1,6,Medium
C797,Food,2025-08-23,1906,62.8,6,11,Medium
C798,Food,2025-08-06,705,40.4,10,8,Medium
C799,Food,2025-07-31,1054,28.2,3,5,Medium
C800,Food,2025-08-22,1889,90.1,2,30,Medium
C801,Health,2025-08-21,1768,85.0,7,9,Low
C802,Food,2025-07-31,4218,31.4,2,2,Medium
C803,Health,2025-08-22,4714,6.1,2,4,Medium
C804,Food,2025-08-19,4604,46.6,6,7,Medium
C805,Food,2025-08-08,1940,88.1,7,20,Medium
C806,Food,2025-08-24,3553,8.5,6,26,High
C807,Food,2025-08-04,1914,59.3,9,2,Low
C808,Health,2025-08-09,3884,41.6,0,18,Medium
C809,Health,2025-08-14,3985,4.6,9,14,Medium
C810,Health,2025-08-12,4953,22.6,10,20,Medium
C811,Health,2025-08-21,1304,97.6,2,26,Medium
C812,Health,2025-08-09,920,40.6,10,2,Low
C813,Food,2025-08-16,2748,42.8,8,4,Medium
C814,Health,2025-08-05,2005,99.4,10,4,Low
C815,Food,2025-08-28,4043,78.7,9,11,Low
C816,Food,2025-07-30,4367,59.7,6,21,Medium
C817,Health,2025-08-23,2198,42.7,2,8,Medium
C818,Health,2025-08-13,4229,52.5,9,22,Medium
C819,Health,2025-08-12,1015,98.6,9,24,Medium
C820,Health,2025-08-21,4471,18.0,6,0,Medium
C821,Food,2025-08-28,3305,36.8,10,6,Medium
C822,Health,2025-08-05,4856,66.1,8,29,Medium
C823,Health,2025-08-25,4425,31.1,0,2,Medium
C824,Food,2025-08-10,1345,7.6,4,11,Medium
C825,Food,2025-08-17,2302,67.4,4,0,Low
C826,Food,2025-08-22,1636,37.8,7,0,Medium
C827,Health,2025-08-08,1905,38.0,4,11,Medium
C828,Food,2025-08-14,1046,43.4,9,18,Medium
C829,Food,2025-08-11,3366,89.2,8,15,Low
C830,Health,2025-08-28,4018,10.6,2,7,Medium
C831,Health,2025-08-25,3041,84.3,9,27,Medium
C832,Health,2025-08-12,4259,87.3,5,3,Low
C833,Food,2025-08-15,2110,60.4,9,16,Medium
C834,Food,2025-08-25,3038,64.1,8,3,Low
C835,Food,2025-08-08,1101,1.5,5,0,Medium
C836,Health,2025-08-21,4300,49.2,1,16,Medium
C837,Health,2025-08-02,1187,49.6,2,2,Medium
C838,Health,2025-08-15,2885,41.6,8,28,Medium
C839,Food,2025-08-04,2048,60.8,9,26,Medium
C840,Health,2025-08-03,604,11.9,4,2,Medium
C841,Food,2025-08-01,4317,24.2,0,6,Medium
C842,Food,2025-08-27,2235,32.0,10,0,Low
C843,Food,2025-08-05,3341,31.0,7,3,Medium
C844,Health,2025-08-20,4181,26.5,4,8,Medium
C845,Food,2025-08-16,2295,36.2,8,30,Medium
C846,Food,2025-08-08,2255,61.2,3,16,Medium
C847,Health,2025-08-29,1126,89.5,6,9,Low
C848,Food,2025-08-29,3824,9.4,5,6,Medium
C849,Food,2025-08-14,1689,34.5,0,3,Medium
C850,Food,2025-08-25,3224,19.1,4,21,High
C851,Food,2025-08-20,1293,9.5,7,20,Medium
C852,Food,2025-08-27,4792,79.6,1,10,Medium
C853,Health,2025-08-15,932,71.9,10,29,Medium
C854,Food,2025-08-25,3244,33.6,8,23,Medium
C855,Health,2025-08-18,3809,16.0,3,1,Medium
C856,Food,2025-08-27,1998,53.9,10,17,Medium
C857,Food,2025-08-10,2507,55.5,4,4,Medium
C858,Food,2025-08-12,2979,82.7,9,16,Medium
C859,Food,2025-08-24,4941,6.8,4,18,High
C860,Food,2025-08-05,3818,54.4,3,19,Medium
C861,Health,2025-08-11,1288,82.3,6,15,Medium
C862,Health,2025-08-20,2517,6.1,8,17,Medium
C863,Health,2025-07-30,4047,50.9,4,28,Medium
C864,Health,2025-08-06,1119,37.3,10,27,Medium
C865,Health,2025-08-07,3794,46.7,3,5,Medium
C866,Health,2025-07-31,4943,44.6,0,12,Medium
C867,Health,2025-08-06,3037,93.7,4,29,Medium
C868,Food,2025-08-07,1672,34.9,2,7,Medium
C869,Health,2025-08-09,651,65.5,0,19,Medium
C870,Health,2025-08-25,4376,46.4,10,18,Medium
C871,Health,2025-08-10,1948,33.4,3,24,High
C872,Food,2025-08-19,1327,4.4,9,17,Medium
C873,Food,2025-08-04,4174,6.4,2,25,High
C874,Health,2025-08-05,4303,48.9,6,11,Medium
C875,Health,2025-08-23,4957,60.1,8,27,Medium
C876,Food,2025-08-13,4457,18.1,8,30,High
C877,Food,2025-08-05,769,37.5,9,16,Medium
C878,Food,2025-08-15,764,76.9,5,0,Low
C879,Food,2025-08-29,1522,42.9,1,8,Medium
C880,Food,2025-08-02,3465,34.3,10,21,Medium
C881,Food,2025-08-11,2348,82.8,2,9,Medium
C882,Health,2025-08-07,4188,81.5,2,30,Medium
C883,Food,2025-08-03,1566,43.8,10,10,Medium
C884,Health,2025-08-27,2418,82.6,9,24,Medium
C885,Health,2025-08-22,3579,23.3,0,17,High
C886,Health,2025-08-09,3489,68.1,3,12,Medium
C887,Food,2025-08-29,1259,38.1,5,1,Medium
C888,Food,2025-07-30,4864,7.8,10,29,High
C889,Food,2025-07-30,2820,30.3,7,6,Medium
C890,Health,2025-08-18,1909,40.5,0,12,Medium
C891,Food,2025-08-10,4967,94.9,3,27,Medium
C892,Food,2025-08-25,2193,92.3,1,28,Medium
C893,Health,2025-07-31,680,23.9,3,1,Medium
C894,Food,2025-08-02,3674,71.5,1,26,Medium
C895,Food,2025-08-26,4669,64.0,0,20,Medium
C896,Food,2025-07-31,1910,86.7,7,12,Low
C897,Health,2025-08-11,4956,3.6,2,15,High
C898,Food,2025-08-19,4084,51.1,0,25,High
C899,Food,2025-08-21,4390,43.4,7,13,Medium
C900,Food,2025-08-20,4883,35.7,9,11,Medium
C901,Health,2025-08-09,3582,88.7,1,19,Medium
C902,Food,2025-08-23,3558,68.8,6,28,Medium
C903,Food,2025-08-03,2031,37.8,6,7,Medium
C904,Health,2025-08-05,1647,3.2,6,0,Medium
C905,Health,2025-08-03,1181,66.9,6,11,Medium
C906,Food,2025-08-11,4942,25.4,4,2,Medium
C907,Health,2025-08-13,845,23.6,4,28,High
C908,Food,2025-08-17,3831,58.4,1,2,Medium
C909,Food,2025-08-20,4600,8.6,2,20,High
C910,Health,2025-08-10,1600,4.8,3,10,Medium
C911,Food,2025-08-16,859,89.5,0,12,Medium
C912,Food,2025-08-02,947,13.9,3,29,High
C913,Health,2025-08-20,2743,37.8,1,29,High
C914,Health,2025-08-08,4377,60.0,4,12,Medium
C915,Food,2025-08-17,858,50.5,0,26,High
C916,Food,2025-08-05,2022,40.4,8,28,Medium
C917,Food,2025-08-09,4122,64.4,10,25,Medium
C918,Health,2025-08-26,2455,19.3,7,13,Medium
C919,Food,2025-08-02,4547,86.5,4,20,Medium
C920,Food,2025-07-30,3602,30.6,1,4,Medium
C921,Health,2025-08-15,3773,81.6,4,2,Low
C922,Health,2025-08-29,4986,53.6,7,5,Medium
C923,Food,2025-08-20,1304,30.4,3,30,High
C924,Health,2025-08-22,2217,8.0,4,9,Medium
C925,Food,2025-08-01,3992,21.8,2,13,Medium
C926,Food,2025-08-01,1564,57.4,0,11,Medium
C927,Health,2025-08-21,2084,6.1,1,18,High
C928,Health,2025-08-02,1049,27.5,6,25,High
C929,Health,2025-08-14,3483,17.4,10,0,Medium
C930,Food,2025-07-31,2878,16.2,8,16,Medium
C931,Food,2025-08-09,2010,45.4,0,13,Medium
C932,Food,2025-07-31,3633,81.0,3,3,Low
C933,Health,2025-07-31,1592,36.4,3,28,High
C934,Food,2025-08-14,1976,18.9,1,24,High
C935,Health,2025-08-03,4971,70.5,10,13,Low
C936,Health,2025-08-25,2611,82.9,9,18,Medium
C937,Health,2025-08-15,748,10.8,0,20,High
C938,Food,2025-08-05,4975,62.3,2,6,Medium
C939,Health,2025-08-08,918,15.8,10,10,Medium
C940,Health,2025-08-02,4409,52.1,2,13,Medium
C941,Food,2025-08-04,1561,75.2,9,8,Low
C942,Food,2025-08-23,3623,52.9,10,18,Medium
C943,Food,2025-08-27,4751,84.5,1,19,Medium
C944,Food,2025-08-25,3617,87.2,6,0,Low
C945,Health,2025-07-30,966,89.0,4,20,Medium
C946,Health,2025-07-31,945,98.5,4,20,Medium
C947,Food,2025-08-14,2752,65.7,7,6,Low
C948,Food,2025-08-24,781,90.0,3,0,Low
C949,Health,2025-08-19,2560,47.5,8,26,Medium
C950,Health,2025-08-09,2306,57.7,10,13,Medium
C951,Health,2025-07-30,3812,1.7,6,0,Medium
C952,Health,2025-08-06,4792,42.6,3,25,High
C953,Food,2025-08-13,4025,53.7,7,7,Medium
C954,Food,2025-08-15,2098,68.0,3,19,Medium
C955,Food,2025-08-22,3704,13.0,7,2,Medium
C956,Health,2025-08-17,3191,97.5,6,25,Medium
C957,Health,2025-08-11,1322,97.4,2,18,Medium
C958,Food,2025-08-16,3104,76.8,3,24,Medium
C959,Health,2025-08-05,725,96.5,2,0,Low
C960,Health,2025-08-01,2600,88.9,7,17,Medium
C961,Health,2025-08-02,1311,28.4,7,21,Medium
C962,Food,2025-08-12,3773,13.2,6,25,High
C963,Food,2025-08-09,2417,55.0,3,21,Medium
C964,Health,2025-08-25,1197,62.3,9,13,Medium
C965,Food,2025-08-26,1756,88.7,0,15,Medium
C966,Health,2025-08-20,1574,56.3,10,15,Medium
C967,Food,2025-08-26,2030,35.4,2,2,Medium
C968,Health,2025-08-16,883,19.2,0,8,Medium
C969,Food,2025-08-27,4736,86.5,10,29,Medium
C970,Food,2025-08-25,566,23.4,4,3,Medium
C971,Health,2025-08-12,2413,85.8,4,22,Medium
C972,Food,2025-08-07,3804,20.1,9,21,Medium
C973,Health,2025-08-18,710,30.1,0,16,Medium
C974,Food,2025-08-25,2083,63.1,2,15,Medium
C975,Food,2025-07-31,2511,65.4,5,24,Medium
C976,Health,2025-08-18,2054,2.8,8,15,Medium
C977,Food,2025-08-17,1860,41.9,5,12,Medium
C978,Food,2025-08-05,4052,48.9,0,29,High
C979,Health,2025-08-02,1931,45.9,2,9,Medium
C980,Food,2025-08-22,4631,93.8,2,9,Medium
C981,Food,2025-08-09,1259,46.3,3,22,Medium
C982,Health,2025-08-10,3743,32.9,6,24,Medium
C983,Health,2025-08-21,3160,89.6,1,7,Medium
C984,Food,2025-08-29,3050,6.5,3,16,High
C985,Food,2025-07-30,772,77.0,9,7,Low
C986,Health,2025-07-31,2650,12.4,8,25,High
C987,Food,2025-08-04,3946,10.4,4,28,High
C988,Health,2025-08-11,1108,15.8,0,13,High
C989,Health,2025-08-08,2708,63.7,9,20,Medium
C990,Food,2025-08-25,1365,65.8,5,0,Low
C991,Health,2025-08-05,2679,5.6,7,23,High
C992,Food,2025-08-16,4549,48.4,1,15,Medium
C993,Health,2025-08-15,2610,40.8,9,7,Medium
C994,Food,2025-08-08,1620,4.3,9,10,Medium
C995,Food,2025-08-15,1501,65.8,10,25,Medium
C996,Health,2025-08-04,848,11.6,10,3,Medium
C997,Health,2025-08-07,2721,17.8,4,29,High
C998,Food,2025-08-29,4278,40.8,6,16,Medium
C999,Health,2025-08-22,2683,48.5,10,12,Medium
C1000,Health,2025-08-01,2584,41.3,5,12,Medium
C1001,Health,2025-08-14,4556,60.1,3,28,Medium
C1002,Food,2025-08-29,3116,24.3,9,18,Medium
C1003,Health,2025-08-02,795,50.8,5,11,Medium
C1004,Food,2025-08-13,2574,41.1,7,8,Medium
C1005,Food,2025-08-06,3952,60.5,2,6,Medium
C1006,Food,2025-07-31,2130,53.1,10,17,Medium
C1007,Food,2025-08-19,1106,70.7,10,0,Low
C1008,Food,2025-08-04,4665,70.0,2,28,Medium
C1009,Health,2025-08-23,2204,42.9,6,25,Medium
C1010,Food,2025-08-10,3584,55.6,9,2,Low
C1011,Health,2025-08-07,4052,66.9,3,0,Low
C1012,Food,2025-08-29,3875,63.3,10,6,Low
C1013,Food,2025-08-13,4122,42.1,4,14,Medium
C1014,Food,2025-08-09,859,69.0,2,30,Medium
C1015,Food,2025-08-09,1708,87.9,10,4,Low
C1016,Health,2025-08-24,4068,27.5,10,3,Medium
C1017,Food,2025-08-04,2073,94.1,1,29,Medium
C1018,Health,2025-08-10,4932,53.4,3,14,Medium
C1019,Health,2025-08-29,2476,6.8,7,23,High
C1020,Health,2025-08-08,4699,85.1,1,12,Medium
C1021,Health,2025-08-01,2682,11.2,8,27,High
C1022,Food,2025-08-01,1497,96.2,5,22,Medium
C1023,Food,2025-08-05,1049,65.2,2,25,Medium
C1024,Food,2025-08-02,935,47.9,7,10,Medium
C1025,Food,2025-08-03,4646,19.0,0,10,Medium
C1026,Food,2025-08-12,1402,75.7,5,18,Medium
C1027,Food,2025-08-23,504,56.8,5,10,Medium
C1028,Health,2025-08-01,1626,22.6,8,5,Medium
C1029,Food,2025-08-06,4458,93.5,2,27,Medium
C1030,Health,2025-08-11,1556,29.3,6,1,Medium
C1031,Food,2025-08-13,3816,32.6,6,19,Medium
C1032,Health,2025-08-18,503,14.8,0,29,High
C1033,Health,2025-08-22,1684,12.8,3,13,Medium
C1034,Food,2025-08-03,2780,16.7,2,21,High
C1035,Health,2025-08-23,613,0.2,10,7,Medium
C1036,Food,2025-08-18,694,73.6,5,11,Medium
C1037,Food,2025-08-29,1642,24.5,10,3,Medium
C1038,Health,2025-08-14,4019,47.3,1,26,High
C1039,Health,2025-08-24,3858,35.9,8,2,Medium
C1040,Health,2025-08-26,3426,89.4,7,12,Low
C1041,Health,2025-08-11,4146,98.5,10,23,Medium
C1042,Food,2025-08-28,2683,92.3,6,24,Medium
C1043,Health,2025-08-07,765,82.7,8,15,Medium
C1044,Food,2025-08-19,1117,82.7,3,25,Medium
C1045,Food,2025-08-08,4788,49.4,0,4,Medium
C1046,Food,2025-08-08,3070,58.4,2,18,Medium
C1047,Food,2025-08-07,1164,26.7,9,17,Medium
C1048,Food,2025-08-26,3790,98.5,5,3,Low
C1049,Health,2025-08-25,4917,17.3,3,21,High
C1050,Health,2025-08-13,2607,76.3,10,6,Low
C1051,Food,2025-08-24,4462,64.0,0,5,Medium
C1052,Food,2025-08-11,4577,63.5,7,11,Medium
C1053,Health,2025-08-16,2753,45.8,9,2,Low
C1054,Food,2025-08-20,4595,32.3,3,13,Medium
C1055,Health,2025-08-27,2362,57.1,6,6,Medium
C1056,Health,2025-08-12,3882,36.0,3,23,High
C1057,Food,2025-08-27,1145,86.3,2,13,Medium
C1058,Food,2025-08-14,2873,40.8,8,3,Medium
C1059,Food,2025-08-27,3060,62.1,0,9,Medium
C1060,Health,2025-08-07,4995,28.2,3,13,Medium
C1061,Food,2025-08-01,1721,16.7,2,20,High
C1062,Health,2025-08-09,2842,23.1,7,23,Medium
C1063,Health,2025-08-21,3938,32.6,2,17,Medium
C1064,Food,2025-08-27,2645,68.7,8,10,Low
C1065,Health,2025-08-04,745,60.5,1,28,High
C1066,Health,2025-08-17,3352,59.1,7,4,Low
C1067,Health,2025-08-27,3670,79.4,3,15,Medium
C1068,Health,2025-08-14,3749,33.1,1,6,Medium
C1069,Health,2025-08-01,3378,56.6,2,8,Medium
C1070,Food,2025-08-21,4708,68.4,10,0,Low
C1071,Health,2025-08-22,3382,11.5,4,17,High
C1072,Health,2025-08-12,3924,35.6,8,26,Medium
C1073,Health,2025-08-27,3164,24.5,10,29,Medium
C1074,Food,2025-08-12,3525,55.2,0,13,Medium
C1075,Health,2025-08-17,4742,79.8,1,11,Medium
C1076,Food,2025-08-04,4572,62.2,9,5,Low
C1077,Health,2025-08-03,2166,74.3,9,11,Low
C1078,Health,2025-08-26,3487,23.3,9,11,Medium
C1079,Food,2025-07-31,3632,85.7,1,22,Medium
C1080,Health,2025-08-16,1671,58.8,0,21,Medium
C1081,Food,2025-07-30,3178,4.7,0,2,Medium
C1082,Food,2025-08-03,4034,94.5,8,5,Low
C1083,Health,2025-08-16,3036,92.5,7,5,Low
C1084,Health,2025-08-18,990,48.0,1,9,Medium
C1085,Health,2025-08-11,4424,64.5,2,24,Medium
C1086,Food,2025-08-23,1335,80.5,7,18,Medium
C1087,Health,2025-08-01,4821,59.6,9,19,Medium
C1088,Health,2025-08-15,4847,66.2,7,14,Medium
C1089,Food,2025-08-03,3421,54.7,9,29,Medium
C1090,Food,2025-08-18,3018,9.5,0,8,Medium
C1091,Health,2025-08-11,1835,0.4,5,16,High
C1092,Health,2025-08-18,3742,78.8,0,1,Low
C1093,Health,2025-08-02,1418,89.2,1,11,Medium
C1094,Health,2025-08-19,4592,6.5,1,30,High
C1095,Health,2025-08-24,4025,96.3,10,1,Low
C1096,Food,2025-08-25,4996,76.9,6,2,Low
C1097,Food,2025-08-16,4371,76.9,3,12,Medium
C1098,Health,2025-08-22,852,71.9,7,26,Medium
C1099,Health,2025-08-21,1885,91.0,1,28,Medium
C1100,Food,2025-08-26,1257,85.3,10,26,Medium
C1101,Food,2025-08-02,4671,66.8,9,17,Medium
C1102,Health,2025-08-23,4182,31.2,8,2,Medium
C1103,Health,2025-08-29,4839,65.7,7,1,Low
C1104,Food,2025-08-08,1957,33.9,7,17,Medium
C1105,Food,2025-08-09,1549,28.7,2,2,Medium
C1106,Health,2025-08-21,1426,89.0,1,30,Medium
C1107,Food,2025-08-22,852,20.3,8,15,Medium
C1108,Food,2025-08-29,3243,58.0,3,3,Medium
C1109,Food,2025-08-29,578,4.4,6,18,High
C1110,Food,2025-08-05,2581,47.1,2,3,Medium
C1111,Health,2025-08-10,1043,28.3,0,13,Medium
C1112,Health,2025-08-04,924,8.2,7,6,Medium
C1113,Health,2025-08-26,3617,35.9,1,9,Medium
C1114,Health,2025-08-12,2655,1.0,1,19,High
C1115,Food,2025-07-30,4685,91.7,5,13,Medium
C1116,Food,2025-08-19,3247,54.2,1,20,Medium
C1117,Food,2025-08-25,1962,49.3,1,0,Medium
C1118,Health,2025-08-03,2110,81.7,9,30,Medium
C1119,Food,2025-08-26,1090,61.9,10,28,Medium
C1120,Food,2025-08-11,4421,5.8,9,27,High
C1121,Food,2025-08-26,1040,13.6,7,11,Medium
C1122,Food,2025-08-03,2158,94.3,8,17,Low
C1123,Health,2025-08-17,4427,40.5,1,9,Medium
C1124,Food,2025-08-02,4904,26.5,1,8,Medium
C1125,Food,2025-08-15,2905,56.6,6,19,Medium
C1126,Food,2025-08-12,4691,64.0,7,18,Medium
C1127,Food,2025-08-29,2354,75.3,9,12,Low
C1128,Health,2025-08-28,2171,1.2,3,28,High
C1129,Food,2025-08-11,3622,88.3,10,13,Low
C1130,Health,2025-08-28,3182,69.3,2,21,Medium
C1131,Food,2025-08-13,706,77.4,5,14,Medium
C1132,Food,2025-08-29,2696,37.3,7,1,Medium
C1133,Health,2025-08-22,2298,57.8,10,18,Medium
C1134,Food,2025-08-08,4238,47.6,5,10,Medium
C1135,Food,2025-08-10,4429,39.4,0,26,High
C1136,Food,2025-08-06,1518,79.0,5,26,Medium
C1137,Food,2025-08-28,3268,54.3,3,26,Medium
C1138,Health,2025-08-06,3737,96.0,3,4,Low
C1139,Food,2025-08-10,4050,14.1,5,26,High
C1140,Health,2025-08-06,2153,72.5,0,8,Medium
C1141,Health,2025-08-12,1512,39.1,8,20,Medium
C1142,Health,2025-08-28,4288,35.4,9,3,Medium
C1143,Health,2025-08-10,3832,88.2,3,8,Low
C1144,Food,2025-08-27,3773,88.6,3,14,Medium
C1145,Food,2025-08-28,1481,7.2,6,22,High
C1146,Health,2025-08-10,956,9.6,6,21,High
C1147,Food,2025-08-16,4632,20.0,4,24,High
C1148,Health,2025-08-05,2258,92.7,7,30,Medium
C1149,Food,2025-08-12,1968,64.1,1,15,Medium
C1150,Health,2025-08-17,3851,92.5,8,27,Medium
C1151,Food,2025-07-30,3133,29.0,3,0,Medium
C1152,Health,2025-08-20,4661,22.4,7,25,High
C1153,Food,2025-08-01,2447,4.5,8,8,Medium
C1154,Food,2025-08-03,3763,52.8,4,10,Medium
C1155,Health,2025-08-05,1099,16.7,6,30,High
C1156,Health,2025-08-23,1767,22.1,6,4,Medium
C1157,Food,2025-08-14,946,40.1,4,3,Medium
C1158,Health,2025-08-14,3964,36.4,4,29,High
C1159,Food,2025-08-28,3026,94.5,5,26,Medium
C1160,Food,2025-08-07,2159,78.3,3,28,Medium
C1161,Health,2025-08-28,4028,10.7,6,21,High
C1162,Food,2025-08-19,2117,60.7,7,4,Low
C1163,Food,2025-08-24,2264,8.8,10,28,High
C1164,Health,2025-08-22,3824,10.9,7,0,Medium
C1165,Food,2025-08-16,2225,83.7,8,29,Medium
C1166,Food,2025-08-21,4954,78.9,2,2,Low
C1167,Food,2025-08-20,3769,43.6,6,18,Medium
C1168,Health,2025-08-04,4477,46.7,9,6,Medium
C1169,Health,2025-08-02,583,24.2,9,14,Medium
C1170,Food,2025-08-01,3473,50.0,5,13,Medium
C1171,Food,2025-08-27,1025,4.2,10,18,Medium
C1172,Health,2025-08-17,1926,76.3,1,19,Medium
C1173,Food,2025-08-18,3707,54.5,10,17,Medium
C1174,Health,2025-08-10,1488,22.8,0,5,Medium
C1175,Food,2025-08-29,4738,66.2,10,0,Low
C1176,Food,2025-08-13,800,91.5,1,8,Medium
C1177,Health,2025-08-01,712,64.2,3,10,Medium
C1178,Health,2025-08-15,2898,9.6,8,9,Medium
C1179,Food,2025-08-17,1104,46.3,5,14,Medium
C1180,Health,2025-08-02,3448,19.5,4,7,Medium
C1181,Health,2025-08-14,864,71.2,10,3,Low
C1182,Food,2025-08-19,4520,53.8,7,10,Medium
C1183,Health,2025-08-09,2747,16.9,9,12,Medium
C1184,Food,2025-08-05,3839,68.1,7,27,Medium
C1185,Health,2025-08-07,3930,36.3,7,4,Medium
C1186,Health,2025-08-10,3971,80.3,5,15,Medium
C1187,Health,2025-08-09,910,76.5,8,18,Medium
C1188,Health,2025-08-08,4084,45.5,4,26,Medium
C1189,Food,2025-08-07,4820,63.4,8,16,Medium
C1190,Health,2025-08-09,2892,73.7,8,24,Medium
C1191,Health,2025-08-03,2633,29.0,0,11,Medium
C1192,Food,2025-08-25,2180,88.4,2,4,Low
C1193,Food,2025-08-04,1490,59.6,4,12,Medium
C1194,Health,2025-08-10,3917,5.7,9,7,Medium
C1195,Food,2025-08-27,4198,91.2,3,15,Medium
C1196,Food,2025-08-29,4911,90.2,7,30,Medium
C1197,Food,2025-08-11,1638,83.2,0,17,Medium
C1198,Health,2025-08-21,819,19.9,4,13,Medium
C1199,Food,2025-08-18,2695,97.3,10,3,Low
C1200,Health,2025-08-26,774,46.5,3,5,Medium
C1201,Health,2025-08-23,3926,38.4,4,7,Medium
C1202,Food,2025-08-16,520,51.8,10,26,Medium
C1203,Health,2025-08-03,4960,35.7,8,12,Medium
C1204,Food,2025-08-17,2659,97.4,9,27,Medium
C1205,Food,2025-08-17,1607,22.3,9,16,Medium
C1206,Food,2025-08-12,776,58.0,10,18,Medium
C1207,Health,2025-08-13,612,57.6,7,20,Medium
C1208,Health,2025-08-02,1890,68.2,8,3,Low
C1209,Health,2025-08-28,4651,88.1,8,23,Medium
C1210,Health,2025-08-18,1389,57.1,2,21,Medium
C1211,Health,2025-08-25,3945,46.7,3,21,Medium
C1212,Food,2025-08-08,4168,35.4,9,12,Medium
C1213,Food,2025-08-17,2454,62.3,10,2,Low
C1214,Food,2025-08-02,1251,39.6,2,13,Medium
C1215,Health,2025-08-19,1486,95.7,3,2,Low
C1216,Health,2025-08-24,3424,59.9,8,5,Low
C1217,Food,2025-08-28,876,40.9,4,7,Medium
C1218,Health,2025-07-30,2601,40.6,7,0,Low
C1219,Food,2025-08-24,855,75.9,3,15,Medium
C1220,Health,2025-08-16,2810,90.4,5,0,Low
C1221,Health,2025-08-29,1236,18.0,10,10,Medium
C1222,Health,2025-08-27,1136,97.2,4,19,Medium
C1223,Health,2025-08-22,1801,60.9,0,0,Medium
C1224,Food,2025-08-25,3109,89.0,4,0,Low
C1225,Health,2025-08-01,4916,81.0,1,7,Medium
C1226,Food,2025-08-13,622,92.0,10,16,Low
C1227,Health,2025-08-11,946,32.1,5,6,Medium
C1228,Health,2025-08-29,3634,65.9,9,17,Medium
C1229,Food,2025-08-22,1862,66.7,1,30,High
C1230,Food,2025-08-03,1707,5.4,2,12,Medium
C1231,Food,2025-08-03,4685,2.5,10,20,Medium
C1232,Health,2025-08-10,2531,85.7,9,28,Medium
C1233,Health,2025-07-31,942,1.5,8,28,High
C1234,Food,2025-08-05,3197,30.3,1,28,High
C1235,Food,2025-07-31,732,46.5,0,18,Medium
C1236,Food,2025-07-31,2790,84.6,4,17,Medium
C1237,Food,2025-08-29,2015,18.8,6,8,Medium
C1238,Health,2025-08-24,1269,74.2,5,4,Low
C1239,Health,2025-08-10,3927,17.2,1,26,High
C1240,Health,2025-08-06,4683,55.5,7,9,Medium
C1241,Health,2025-08-04,1023,89.3,2,16,Medium
C1242,Food,2025-08-23,1303,66.9,0,2,Medium
C1243,Health,2025-08-08,3856,19.2,2,26,High
C1244,Health,2025-08-28,3295,65.2,8,12,Medium
C1245,Food,2025-08-04,3446,77.4,6,6,Low
C1246,Food,2025-08-19,761,87.9,1,30,Medium
C1247,Health,2025-08-08,2872,83.2,4,15,Medium
C1248,Food,2025-08-11,1215,71.2,6,5,Low
C1249,Food,2025-08-23,4798,55.5,0,29,High
C1250,Food,2025-08-23,1993,94.2,1,11,Medium
C1251,Health,2025-08-10,3307,63.6,5,11,Medium
C1252,Health,2025-08-18,3287,36.6,6,15,Medium
C1253,Food,2025-08-16,4517,4.4,4,4,Medium
C1254,Health,2025-08-22,2931,42.7,10,10,Medium
C1255,Health,2025-08-16,2608,66.7,7,20,Medium
C1256,Health,2025-08-08,3845,73.6,10,28,Medium
C1257,Food,2025-08-12,2296,14.8,0,30,High
C1258,Health,2025-08-17,3876,61.7,2,10,Medium
C1259,Health,2025-08-16,2320,13.3,5,10,Medium
C1260,Food,2025-08-08,3961,64.2,4,25,Medium
C1261,Health,2025-08-07,4443,60.2,8,18,Medium
C1262,Food,2025-08-23,4267,66.4,0,12,Medium
C1263,Health,2025-08-24,658,32.0,1,4,Medium
C1264,Health,2025-08-14,4697,43.8,9,3,Low
C1265,Food,2025-07-31,2025,96.3,8,9,Low
C1266,Food,2025-08-01,3613,28.0,6,9,Medium
C1267,Health,2025-07-30,4055,33.3,6,12,Medium
C1268,Food,2025-08-15,4576,24.2,4,27,High
C1269,Health,2025-07-31,3969,1.7,5,23,High
C1270,Health,2025-08-12,3950,37.7,5,30,High
C1271,Health,2025-08-16,1563,23.4,6,2,Medium
C1272,Health,2025-08-13,3792,44.8,5,21,Medium
C1273,Health,2025-08-26,3702,41.6,5,1,Medium
C1274,Health,2025-08-25,3869,91.1,1,26,Medium
C1275,Food,2025-08-29,2319,81.3,10,8,Low
C1276,Health,2025-08-26,624,30.8,3,10,Medium
C1277,Health,2025-08-26,1189,13.0,4,11,Medium
C1278,Health,2025-08-18,2371,46.2,3,16,Medium
C1279,Food,2025-08-08,1209,85.1,4,0,Low
C1280,Health,2025-08-28,545,33.1,2,27,High
C1281,Health,2025-08-13,1526,53.7,2,30,High
C1282,Food,2025-08-26,3630,23.3,2,21,High
C1283,Food,2025-08-03,1565,72.4,0,7,Medium
C1284,Food,2025-08-27,1922,50.6,1,22,Medium
C1285,Health,2025-08-09,710,95.9,4,27,Medium
C1286,Food,2025-08-16,583,30.8,5,26,High
C1287,Health,2025-08-22,3451,17.5,9,13,Medium
C1288,Health,2025-08-08,4717,46.3,7,11,Medium
C1289,Health,2025-08-09,3382,54.9,6,21,Medium
C1290,Health,2025-08-13,4990,35.7,6,17,Medium
C1291,Health,2025-08-09,3850,26.8,7,29,High
C1292,Food,2025-08-11,4750,21.9,2,22,High
C1293,Health,2025-08-25,4783,94.1,0,2,Low
C1294,Food,2025-08-02,2609,78.8,5,1,Low
C1295,Health,2025-08-25,1612,91.5,3,27,Medium
C1296,Health,2025-08-20,606,87.4,10,28,Medium
C1297,Health,2025-08-24,1301,67.3,2,12,Medium
C1298,Health,2025-08-14,1026,19.6,9,17,Medium
C1299,Food,2025-08-06,3653,10.2,3,20,High
C1300,Food,2025-08-27,621,93.6,5,4,Low
C1301,Health,2025-08-19,4978,29.2,8,30,High
C1302,Food,2025-08-06,4261,43.7,8,16,Medium
C1303,Health,2025-08-11,2185,90.1,8,14,Low
C1304,Food,2025-08-19,3393,97.8,10,16,Low
C1305,Health,2025-08-15,3693,49.8,1,11,Medium
C1306,Health,2025-08-26,1993,79.3,0,23,Medium
C1307,Food,2025-08-22,921,21.4,6,18,Medium
C1308,Health,2025-08-11,4799,51.8,10,26,Medium
C1309,Food,2025-08-13,3854,50.2,8,6,Medium
C1310,Health,2025-08-22,4373,35.0,7,15,Medium
C1311,Food,2025-08-03,4225,94.4,2,26,Medium
C1312,Food,2025-08-18,3496,25.3,1,0,Medium
C1313,Health,2025-08-13,2724,84.9,4,7,Low
C1314,Food,2025-08-26,4158,59.8,9,8,Low
C1315,Health,2025-08-06,2139,90.4,0,6,Medium
C1316,Food,2025-07-30,4910,68.9,4,4,Low
C1317,Food,2025-08-19,2544,12.3,5,30,High
C1318,Food,2025-08-02,4945,10.4,9,20,Medium
C1319,Health,2025-08-24,1655,46.1,6,17,Medium
C1320,Food,2025-08-07,1406,69.5,4,19,Medium
C1321,Health,2025-08-16,3268,84.5,1,24,Medium
C1322,Food,2025-08-25,4349,60.3,10,15,Medium
C1323,Health,2025-07-30,4462,9.4,6,11,Medium
C1324,Health,2025-07-30,3326,86.3,10,4,Low
C1325,Food,2025-08-17,2885,91.9,4,7,Low
C1326,Health,2025-08-27,2643,67.4,8,6,Low
C1327,Food,2025-08-20,1580,11.5,8,21,Medium
C1328,Health,2025-08-20,3440,1.5,9,13,Medium
C1329,Health,2025-07-31,4886,65.9,4,1,Low
C1330,Food,2025-08-06,3479,21.1,10,5,Medium
C1331,Health,2025-08-14,917,70.7,8,9,Low
C1332,Health,2025-08-27,3564,19.9,6,18,Medium
C1333,Food,2025-08-01,4220,59.0,10,0,Low
C1334,Health,2025-08-23,2426,71.3,0,27,Medium
C1335,Food,2025-08-25,4867,43.6,9,19,Medium
C1336,Health,2025-08-20,4655,40.2,4,19,Medium
C1337,Health,2025-08-10,2387,70.4,0,16,Medium
C1338,Health,2025-08-19,3977,33.4,2,4,Medium
C1339,Health,2025-08-11,4138,55.1,4,26,Medium
C1340,Health,2025-08-29,3941,2.7,5,24,High
C1341,Food,2025-08-04,1885,43.0,7,8,Medium
C1342,Food,2025-07-30,3826,43.5,8,22,Medium
C1343,Food,2025-08-09,4419,41.4,0,28,High
C1344,Health,2025-08-02,802,64.0,7,18,Medium
C1345,Food,2025-08-27,3987,58.0,2,18,Medium
C1346,Health,2025-07-30,815,21.3,3,28,High
C1347,Food,2025-08-13,4245,93.0,3,2,Low
C1348,Health,2025-08-17,852,24.6,9,6,Medium
C1349,Food,2025-08-19,1103,27.6,10,30,Medium
C1350,Health,2025-08-10,3426,81.8,10,13,Low
C1351,Food,2025-08-08,1059,46.0,5,18,Medium
C1352,Food,2025-08-19,4261,4.9,9,30,High
C1353,Food,2025-08-19,4050,98.7,1,12,Medium
C1354,Health,2025-08-19,2387,66.2,4,0,Low
C1355,Health,2025-07-30,3914,23.0,1,23,High
C1356,Health,2025-08-16,1208,90.2,0,12,Medium
C1357,Health,2025-08-03,1673,19.8,10,13,Medium
C1358,Health,2025-08-10,1645,44.6,7,19,Medium
C1359,Health,2025-08-22,4041,43.3,1,8,Medium
C1360,Health,2025-08-27,2974,85.6,6,19,Medium
C1361,Food,2025-07-30,1990,17.3,2,7,Medium
C1362,Food,2025-08-16,2433,65.4,4,13,Medium
C1363,Food,2025-08-28,4107,82.0,2,6,Medium
C1364,Food,2025-08-14,1071,45.5,7,16,Medium
C1365,Health,2025-08-01,1093,86.8,2,13,Medium
C1366,Health,2025-08-20,1611,49.4,9,25,Medium
C1367,Food,2025-08-14,4847,74.5,7,18,Medium
C1368,Food,2025-08-25,3542,20.3,5,15,Medium
C1369,Food,2025-08-11,3539,53.3,6,18,Medium
C1370,Food,2025-07-31,3746,55.9,0,4,Medium
C1371,Health,2025-08-09,2000,68.6,6,7,Low
C1372,Food,2025-08-20,3956,28.6,4,28,High
C1373,Health,2025-08-10,3871,44.3,3,28,High
C1374,Health,2025-08-03,917,68.5,0,4,Medium
C1375,Food,2025-08-05,749,45.8,5,1,Medium
C1376,Food,2025-08-08,1585,38.2,3,15,Medium
C1377,Food,2025-08-08,3756,73.2,7,23,Medium
C1378,Health,2025-08-23,2891,46.4,5,12,Medium
C1379,Health,2025-08-16,1895,4.9,3,24,High
C1380,Food,2025-08-29,1614,74.1,7,12,Medium
C1381,Health,2025-08-07,4210,85.9,10,26,Medium
C1382,Health,2025-08-26,3747,61.0,5,14,Medium
C1383,Food,2025-08-29,3661,93.8,5,24,Medium
C1384,Health,2025-08-28,4890,66.8,4,3,Low
C1385,Food,2025-08-10,3531,49.0,1,27,High
C1386,Food,2025-08-29,666,30.3,3,6,Medium
C1387,Health,2025-08-23,1526,26.6,10,12,Medium
C1388,Health,2025-08-15,2017,26.8,2,18,Medium
C1389,Food,2025-08-16,1717,34.9,5,19,Medium
C1390,Food,2025-08-01,1375,27.8,3,29,High
C1391,Health,2025-08-01,1797,68.4,5,30,Medium
C1392,Food,2025-08-10,3723,44.8,0,21,High
C1393,Health,2025-08-04,4747,29.3,6,16,Medium
C1394,Health,2025-07-30,4678,68.1,1,6,Medium
C1395,Health,2025-08-02,2565,44.0,8,7,Medium
C1396,Health,2025-08-23,1249,72.4,7,10,Medium
C1397,Health,2025-08-11,4048,16.4,10,24,Medium
C1398,Food,2025-08-15,4985,99.0,2,14,Medium
C1399,Health,2025-08-11,3512,68.2,2,12,Medium
C1400,Health,2025-07-31,2951,14.3,5,10,Medium
C1401,Health,2025-08-07,2166,26.5,4,19,Medium
C1402,Food,2025-08-12,2298,12.8,0,15,High
C1403,Food,2025-08-14,3441,37.2,0,27,High
C1404,Food,2025-08-16,1017,79.8,8,21,Medium
C1405,Health,2025-08-19,1264,71.4,3,22,Medium
C1406,Health,2025-08-13,735,95.7,8,21,Medium
C1407,Health,2025-08-16,4631,38.3,4,7,Medium
C1408,Food,2025-08-24,3953,97.8,10,24,Medium
C1409,Health,2025-08-12,531,50.3,5,1,Medium
C1410,Food,2025-08-03,1106,46.4,7,14,Medium
C1411,Food,2025-08-13,4117,73.2,2,25,Medium
C1412,Food,2025-08-17,2944,99.7,7,10,Low
C1413,Food,2025-08-29,2115,56.5,2,22,Medium
C1414,Food,2025-08-03,4704,4.9,6,5,Medium
C1415,Food,2025-08-21,3615,63.8,3,2,Medium
C1416,Food,2025-08-23,1994,29.7,8,3,Medium
C1417,Food,2025-08-23,3463,32.8,10,2,Low
C1418,Food,2025-08-19,4072,88.0,8,11,Low
C1419,Food,2025-07-31,1186,15.9,3,14,Medium
C1420,Health,2025-08-29,1482,38.4,4,15,Medium
C1421,Health,2025-08-14,1003,43.3,4,5,Medium
C1422,Food,2025-08-29,3693,45.0,6,10,Medium
C1423,Health,2025-08-13,676,74.3,3,29,Medium
C1424,Health,2025-08-22,1925,34.1,1,28,High
C1425,Health,2025-08-12,2070,49.8,0,5,Medium
C1426,Food,2025-08-18,1744,92.1,0,9,Medium
C1427,Food,2025-08-20,1719,45.1,8,22,Medium
C1428,Health,2025-08-26,4975,73.5,7,16,Medium
C1429,Food,2025-07-31,1357,29.2,10,18,Medium
C1430,Food,2025-08-13,1827,32.3,3,6,Medium
C1431,Food,2025-08-19,1596,43.2,7,25,Medium
C1432,Food,2025-08-27,3033,1.0,6,1,Medium
C1433,Food,2025-08-07,3948,38.2,2,24,High
C1434,Health,2025-08-11,4035,53.6,5,25,Medium
C1435,Health,2025-08-19,3010,27.2,7,0,Medium
C1436,Health,2025-08-24,3086,62.4,6,16,Medium
C1437,Food,2025-08-26,4016,48.6,2,29,High
C1438,Health,2025-08-11,4603,90.9,0,11,Medium
C1439,Food,2025-08-23,4566,63.8,8,10,Medium
C1440,Food,2025-08-06,1369,13.6,2,15,High
C1441,Food,2025-08-13,2228,34.8,6,18,Medium
C1442,Health,2025-08-12,2431,35.4,7,23,Medium
C1443,Health,2025-08-01,1231,91.6,8,2,Low
C1444,Food,2025-08-25,3144,98.5,8,19,Low
C1445,Food,2025-07-31,1481,54.1,2,20,Medium
C1446,Health,2025-07-31,4525,89.6,4,15,Medium
C1447,Food,2025-08-22,2297,41.2,6,13,Medium
C1448,Food,2025-08-06,3030,61.1,8,27,Medium
C1449,Food,2025-08-08,3418,96.6,0,4,Low
C1450,Food,2025-08-01,4341,77.9,6,16,Medium
C1451,Food,2025-08-05,747,69.7,8,22,Medium
C1452,Health,2025-08-04,4207,50.5,1,4,Medium
C1453,Health,2025-08-29,2431,75.7,7,17,Medium
C1454,Health,2025-08-09,550,49.7,7,12,Medium
C1455,Health,2025-08-17,4440,42.2,8,13,Medium
C1456,Health,2025-08-04,3976,12.0,4,0,Medium
C1457,Food,2025-08-06,1297,68.0,7,12,Medium
C1458,Food,2025-07-30,4678,69.3,2,5,Medium
C1459,Health,2025-07-31,3747,37.1,9,18,Medium
C1460,Health,2025-08-04,1537,7.3,6,20,High
C1461,Health,2025-08-08,1361,88.9,3,14,Medium
C1462,Health,2025-07-31,2537,45.2,10,4,Low
C1463,Health,2025-08-20,2962,46.7,7,12,Medium
C1464,Health,2025-08-12,3641,46.4,10,19,Medium
C1465,Food,2025-08-14,3615,21.3,2,28,High
C1466,Health,2025-08-19,3576,15.4,0,15,High
C1467,Health,2025-08-28,997,95.8,9,28,Medium
C1468,Food,2025-08-24,1047,7.1,3,23,High
C1469,Food,2025-08-24,4233,70.2,3,18,Medium
C1470,Food,2025-08-09,2637,78.4,7,8,Low
C1471,Health,2025-08-08,614,13.9,2,13,Medium
C1472,Health,2025-08-23,1109,83.2,10,28,Medium
C1473,Health,2025-08-18,3148,44.6,8,18,Medium
C1474,Food,2025-08-14,4757,93.8,5,30,Medium
C1475,Food,2025-08-26,601,6.5,9,6,Medium
C1476,Food,2025-08-01,4428,93.3,3,29,Medium
C1477,Health,2025-08-15,1165,18.4,2,19,High
C1478,Health,2025-08-22,2740,90.3,2,9,Medium
C1479,Health,2025-08-14,3967,72.8,5,20,Medium
C1480,Food,2025-08-25,2520,8.1,10,24,Medium
C1481,Food,2025-08-02,776,58.9,0,3,Medium
C1482,Food,2025-08-08,1093,30.8,6,4,Medium
C1483,Food,2025-08-28,1882,44.2,9,27,Medium
C1484,Health,2025-08-06,1022,42.8,8,16,Medium
C1485,Health,2025-08-04,4283,17.4,9,17,Medium
C1486,Health,2025-08-18,1892,58.8,7,0,Low
C1487,Food,2025-08-08,1473,47.2,7,27,Medium
C1488,Health,2025-08-24,1345,8.5,4,3,Medium
C1489,Health,2025-08-10,3652,82.5,5,20,Medium
C1490,Food,2025-08-10,1138,27.2,6,15,Medium
C1491,Food,2025-08-12,1257,80.5,2,7,Medium
C1492,Food,2025-08-03,4843,33.9,9,20,Medium
C1493,Health,2025-08-15,1945,21.7,0,2,Medium
C1494,Health,2025-08-10,1456,69.3,5,10,Medium
C1495,Health,2025-08-22,1497,18.0,7,20,Medium
C1496,Food,2025-08-25,1486,83.8,1,16,Medium
C1497,Health,2025-08-16,4735,10.5,6,17,Medium
C1498,Food,2025-08-27,3571,61.1,7,25,Medium
C1499,Food,2025-08-04,4325,37.6,8,19,Medium
C1500,Food,2025-08-22,3987,61.3,3,10,Medium
C1501,Food,2025-08-09,1219,22.2,3,16,Medium
C1502,Food,2025-08-19,3778,57.7,3,7,Medium
C1503,Food,2025-08-13,4412,3.8,5,26,High
C1504,Health,2025-08-13,2531,6.6,8,6,Medium
C1505,Health,2025-08-23,1052,42.9,1,22,High
C1506,Health,2025-08-18,1294,80.0,9,19,Medium
C1507,Health,2025-08-08,3866,52.7,6,14,Medium
C1508,Health,2025-08-22,1696,41.8,8,0,Low
C1509,Food,2025-08-01,4905,34.9,1,18,Medium
C1510,Health,2025-07-30,3455,28.8,5,19,Medium
C1511,Food,2025-08-22,944,37.0,6,12,Medium
C1512,Health,2025-08-23,1844,31.5,5,30,High
C1513,Food,2025-07-31,4693,84.5,8,14,Low
C1514,Health,2025-08-13,1360,91.4,2,12,Medium
C1515,Health,2025-07-31,2400,51.6,4,1,Medium
C1516,Health,2025-08-23,4369,31.4,10,11,Medium
C1517,Food,2025-08-16,1912,81.5,9,27,Medium
C1518,Food,2025-08-26,3617,81.7,10,24,Medium
C1519,Health,2025-08-09,2731,85.0,5,6,Low
C1520,Food,2025-08-03,1492,70.3,7,23,Medium
C1521,Health,2025-08-29,2930,59.2,9,23,Medium
C1522,Health,2025-08-15,4090,81.2,2,5,Medium
C1523,Food,2025-08-24,2084,11.8,1,2,Medium
C1524,Health,2025-08-01,2351,63.9,7,26,Medium
C1525,Health,2025-08-26,835,16.1,4,28,High
C1526,Food,2025-08-12,3418,35.4,1,29,High
C1527,Food,2025-08-26,3948,73.8,5,28,Medium
C1528,Food,2025-08-08,1947,9.0,0,19,High
C1529,Health,2025-08-27,3458,20.1,10,13,Medium
C1530,Food,2025-08-02,4899,14.6,9,7,Medium
C1531,Food,2025-08-28,3889,67.3,8,3,Low
C1532,Food,2025-08-20,4962,76.4,3,24,Medium
C1533,Health,2025-08-04,3731,4.9,6,7,Medium
C1534,Food,2025-08-20,3961,61.5,2,7,Medium
C1535,Food,2025-08-21,4276,1.4,6,12,Medium
C1536,Health,2025-08-24,4800,72.8,9,1,Low
C1537,Food,2025-08-15,3263,80.6,5,14,Medium
C1538,Food,2025-08-15,2443,9.4,3,26,High
C1539,Food,2025-08-28,1809,29.8,4,25,High
C1540,Food,2025-08-05,4036,64.9,10,23,Medium
C1541,Food,2025-08-16,1007,71.6,5,16,Medium
C1542,Food,2025-08-14,1488,32.7,7,19,Medium
C1543,Health,2025-08-17,2812,21.5,0,11,Medium
C1544,Health,2025-08-27,4525,82.6,10,20,Medium
C1545,Food,2025-08-08,2439,25.6,4,9,Medium
C1546,Health,2025-08-02,4060,84.8,10,10,Low
C1547,Food,2025-08-02,583,22.9,8,14,Medium
C1548,Food,2025-08-09,4991,4.7,2,28,High
C1549,Food,2025-08-10,4258,22.4,3,2,Medium
C1550,Food,2025-08-19,680,6.2,8,8,Medium
C1551,Food,2025-08-10,2191,32.8,10,25,Medium
C1552,Food,2025-08-14,4334,86.4,4,17,Medium
C1553,Food,2025-07-31,1294,81.9,3,17,Medium
C1554,Health,2025-08-10,745,41.5,7,7,Medium
C1555,Health,2025-08-24,972,91.1,8,2,Low
C1556,Food,2025-08-25,4057,73.2,1,18,Medium
C1557,Food,2025-08-09,4480,88.6,1,21,Medium
C1558,Food,2025-08-12,1220,16.8,10,4,Medium
C1559,Health,2025-07-31,3395,44.9,0,7,Medium
C1560,Food,2025-07-30,2587,99.8,7,13,Low
C1561,Food,2025-08-28,4855,11.7,4,15,Medium
C1562,Food,2025-08-14,3938,81.0,9,19,Medium
C1563,Food,2025-08-01,4823,38.3,7,28,Medium
C1564,Health,2025-08-18,2780,9.9,4,10,Medium
C1565,Health,2025-08-14,3074,32.6,0,5,Medium
C1566,Food,2025-08-18,1350,44.2,2,12,Medium
C1567,Health,2025-08-03,1495,13.0,2,0,Medium
C1568,Food,2025-08-08,2485,98.5,7,12,Low
C1569,Health,2025-08-02,3634,32.7,8,24,Medium
C1570,Food,2025-08-06,2565,89.7,3,26,Medium
C1571,Food,2025-08-22,4488,53.9,1,19,Medium
C1572,Health,2025-08-14,4956,25.5,7,21,Medium
C1573,Food,2025-08-13,4275,78.5,1,17,Medium
C1574,Health,2025-08-08,4659,15.2,6,12,Medium
C1575,Health,2025-07-31,2460,23.1,4,25,High
C1576,Health,2025-08-25,2783,27.3,7,4,Medium
C1577,Food,2025-08-26,1310,9.6,4,8,Medium
C1578,Food,2025-08-12,3811,17.7,9,18,Medium
C1579,Health,2025-08-08,2955,69.9,1,12,Medium
C1580,Health,2025-08-10,2708,75.7,8,1,Low
C1581,Food,2025-08-25,3202,8.3,5,12,Medium
C1582,Health,2025-08-20,2797,70.2,7,7,Low
C1583,Food,2025-08-04,4408,40.1,0,26,High
C1584,Health,2025-08-27,1523,50.0,3,2,Medium
C1585,Food,2025-07-31,3640,93.0,4,5,Low
C1586,Food,2025-08-19,1398,52.1,7,14,Medium
C1587,Health,2025-08-28,1171,88.7,7,12,Low
C1588,Food,2025-08-11,3563,7.9,1,8,Medium
C1589,Food,2025-08-16,3600,44.7,1,23,High
C1590,Health,2025-08-28,3999,88.0,5,22,Medium
C1591,Health,2025-08-05,4062,80.0,7,10,Low
C1592,Health,2025-08-10,4418,24.8,7,16,Medium
C1593,Health,2025-08-19,2192,21.1,7,5,Medium
C1594,Food,2025-08-04,1184,24.5,1,26,High
C1595,Health,2025-08-29,2501,35.4,0,2,Medium
C1596,Food,2025-08-23,2854,19.2,2,2,Medium
C1597,Food,2025-08-07,896,35.0,0,20,High
C1598,Food,2025-08-07,1502,25.6,4,23,High
C1599,Food,2025-08-17,2496,16.3,6,26,High
C1600,Food,2025-08-29,1431,5.9,5,1,Medium
C1601,Health,2025-08-25,3448,61.6,1,23,Medium
C1602,Food,2025-08-15,1789,13.7,2,21,High
C1603,Food,2025-08-17,1203,86.5,9,6,Low
C1604,Health,2025-08-15,3310,90.3,6,22,Medium
C1605,Health,2025-08-21,1513,47.0,6,20,Medium
C1606,Food,2025-08-20,2884,74.7,10,16,Medium
C1607,Food,2025-08-21,5000,99.5,5,0,Low
C1608,Health,2025-08-21,4168,1.6,3,9,Medium
C1609,Food,2025-08-07,4928,27.2,4,2,Medium
C1610,Health,2025-08-02,1165,39.3,3,29,High
C1611,Health,2025-08-17,1441,67.5,1,3,Medium
C1612,Food,2025-08-09,3686,73.2,10,26,Medium
C1613,Health,2025-08-28,2618,42.6,9,11,Medium
C1614,Food,2025-08-03,4735,49.5,7,29,Medium
C1615,Food,2025-08-29,4367,47.4,7,30,Medium
C1616,Health,2025-08-05,2803,67.0,0,12,Medium
C1617,Health,2025-08-12,3450,80.0,8,25,Medium
C1618,Food,2025-08-14,4228,25.7,0,14,Medium
C1619,Food,2025-08-26,2044,92.4,4,12,Medium
C1620,Food,2025-08-18,1259,34.2,3,14,Medium
C1621,Food,2025-08-21,2205,54.9,6,5,Medium
C1622,Food,2025-08-18,1681,37.4,2,30,High
C1623,Health,2025-08-17,1951,50.7,6,30,Medium
C1624,Food,2025-08-12,3220,3.9,2,30,High
C1625,Health,2025-08-26,1902,70.0,1,15,Medium
C1626,Health,2025-08-18,4525,52.3,0,3,Medium
C1627,Food,2025-08-23,3963,71.9,1,26,Medium
C1628,Health,2025-08-05,4848,56.2,9,6,Low
C1629,Health,2025-08-09,2101,17.1,6,22,High
C1630,Food,2025-08-03,3724,7.1,9,17,Medium
C1631,Food,2025-08-18,800,81.4,9,28,Medium
C1632,Food,2025-08-19,4190,72.9,4,17,Medium
C1633,Food,2025-08-13,4006,23.4,9,30,High
C1634,Food,2025-08-09,1561,88.6,3,22,Medium
C1635,Food,2025-08-20,4096,6.5,9,7,Medium
C1636,Food,2025-08-21,2397,34.9,3,21,Medium
C1637,Health,2025-08-19,1699,21.5,1,15,Medium
C1638,Health,2025-08-16,4218,6.5,10,8,Medium
C1639,Food,2025-08-06,2134,50.8,5,28,Medium
C1640,Food,2025-07-31,3616,6.5,3,24,High
C1641,Health,2025-08-19,1877,34.1,1,6,Medium
C1642,Food,2025-08-13,1373,50.4,6,26,Medium
C1643,Health,2025-07-31,2093,0.8,0,7,Medium
C1644,Health,2025-08-04,1606,78.0,5,17,Medium
C1645,Food,2025-08-11,2576,66.7,4,18,Medium
C1646,Health,2025-08-18,2742,45.2,9,14,Medium
C1647,Food,2025-08-05,4192,14.6,4,8,Medium
C1648,Health,2025-08-04,3208,92.8,3,28,Medium
C1649,Health,2025-08-05,4948,87.3,10,11,Low
C1650,Health,2025-08-29,656,51.4,3,4,Medium
C1651,Food,2025-08-13,4802,24.5,3,22,High
C1652,Food,2025-08-24,4389,1.9,7,16,Medium
C1653,Health,2025-08-26,1866,10.9,0,30,High
C1654,Food,2025-08-24,2417,29.2,3,26,High
C1655,Health,2025-08-04,1823,17.1,7,25,High
C1656,Food,2025-08-12,2178,70.8,4,16,Medium
C1657,Health,2025-08-16,1220,30.0,1,12,Medium
C1658,Health,2025-08-05,2960,78.1,6,4,Low
C1659,Health,2025-08-19,2661,42.7,4,2,Medium
C1660,Food,2025-08-18,907,73.5,0,19,Medium
C1661,Food,2025-08-16,1535,90.2,8,15,Low
C1662,Health,2025-07-30,4958,19.9,1,13,Medium
C1663,Food,2025-08-22,4590,51.1,3,6,Medium
C1664,Health,2025-08-29,2503,27.6,1,8,Medium
C1665,Food,2025-08-23,1164,59.0,9,4,Low
C1666,Food,2025-08-07,4056,51.6,3,0,Medium
C1667,Health,2025-08-23,778,88.1,6,18,Medium
C1668,Food,2025-08-01,2425,76.9,0,0,Low
C1669,Food,2025-08-14,4869,2.0,5,17,High
C1670,Food,2025-08-13,3705,16.9,7,3,Medium
C1671,Health,2025-08-25,2283,62.4,2,9,Medium
C1672,Health,2025-08-29,3079,82.3,0,9,Medium
C1673,Food,2025-08-11,4473,27.8,10,30,Medium
C1674,Food,2025-08-22,3769,15.8,1,22,High
C1675,Food,2025-08-24,4188,60.9,0,24,Medium
C1676,Food,2025-08-28,1519,53.1,3,12,Medium
C1677,Health,2025-08-02,3242,46.5,6,20,Medium
C1678,Food,2025-08-01,3547,20.5,3,17,Medium
C1679,Food,2025-08-09,3461,30.8,3,1,Medium
C1680,Health,2025-08-25,1272,10.2,5,1,Medium
C1681,Health,2025-08-15,4275,64.2,4,6,Medium
C1682,Food,2025-08-27,1135,32.0,5,12,Medium
C1683,Health,2025-08-24,522,70.9,9,25,Medium
C1684,Health,2025-08-04,3111,89.5,2,24,Medium
C1685,Health,2025-08-16,2487,32.8,6,20,Medium
C1686,Food,2025-08-20,4803,48.6,3,27,High
C1687,Health,2025-07-30,1399,6.4,3,12,Medium
C1688,Health,2025-08-17,3203,54.6,6,11,Medium
C1689,Health,2025-07-31,2930,81.0,7,9,Low
C1690,Health,2025-08-25,3422,16.2,6,17,Medium
C1691,Food,2025-08-11,1335,50.7,4,28,Medium
C1692,Health,2025-08-23,3799,49.9,2,4,Medium
C1693,Health,2025-08-10,3261,14.8,1,16,High
C1694,Food,2025-08-08,1212,83.3,2,4,Low
C1695,Food,2025-08-23,4783,51.0,6,28,Medium
C1696,Health,2025-08-14,822,27.8,3,0,Medium
C1697,Food,2025-08-02,3425,60.1,7,23,Medium
C1698,Health,2025-08-16,1175,27.2,6,24,Medium
C1699,Health,2025-08-09,920,34.4,9,28,Medium
C1700,Health,2025-08-16,3468,93.2,1,21,Medium
C1701,Health,2025-08-29,913,71.4,2,25,Medium
C1702,Food,2025-08-20,4716,64.0,0,6,Medium
C1703,Health,2025-08-16,4876,37.1,6,17,Medium
C1704,Food,2025-08-23,1679,62.9,6,22,Medium
C1705,Food,2025-08-21,1941,87.5,3,13,Medium
C1706,Health,2025-08-17,3399,63.9,7,15,Medium
C1707,Health,2025-08-19,616,13.7,7,14,Medium
C1708,Health,2025-08-12,734,74.1,5,5,Low
C1709,Food,2025-08-05,2626,25.2,0,18,High
C1710,Health,2025-08-26,1088,64.7,1,10,Medium
C1711,Health,2025-07-31,2796,21.0,5,29,High
C1712,Food,2025-08-11,2883,75.2,8,23,Medium
C1713,Health,2025-08-27,1125,96.9,1,6,Low
C1714,Food,2025-08-24,3309,70.3,5,8,Medium
C1715,Health,2025-08-28,4909,56.4,7,18,Medium
C1716,Health,2025-08-21,4355,73.0,8,7,Low
C1717,Health,2025-08-28,4438,27.8,6,16,Medium
C1718,Food,2025-08-03,4514,67.0,1,8,Medium
C1719,Health,2025-08-03,4341,6.5,5,4,Medium
C1720,Health,2025-08-01,521,58.7,8,5,Low
C1721,Health,2025-08-15,4580,12.1,3,9,Medium
C1722,Food,2025-08-17,4283,80.9,1,9,Medium
C1723,Food,2025-08-03,2317,56.1,9,17,Medium
C1724,Food,2025-08-13,3658,72.2,1,28,Medium
C1725,Food,2025-08-03,2978,46.2,5,6,Medium
C1726,Food,2025-08-06,3431,98.2,3,19,Medium
C1727,Health,2025-08-10,720,77.9,0,3,Medium
C1728,Health,2025-08-15,2315,2.4,0,7,Medium
C1729,Health,2025-08-25,4536,36.0,6,17,Medium
C1730,Health,2025-08-07,4215,65.3,1,20,Medium
C1731,Health,2025-07-30,825,6.7,8,15,Medium
C1732,Health,2025-08-07,2777,0.8,7,22,High
C1733,Health,2025-08-03,1238,30.5,7,26,Medium
C1734,Health,2025-08-13,2892,89.8,4,7,Low
C1735,Food,2025-08-01,657,56.1,9,11,Medium
C1736,Health,2025-08-03,3780,36.6,5,5,Medium
C1737,Health,2025-08-14,1402,76.5,3,30,Medium
C1738,Food,2025-08-22,696,28.3,3,17,Medium
C1739,Food,2025-08-17,873,49.5,3,6,Medium
C1740,Food,2025-08-22,1163,84.5,5,1,Low
C1741,Health,2025-08-17,2947,43.0,1,19,Medium
C1742,Food,2025-07-31,3306,45.6,7,29,Medium
C1743,Health,2025-08-26,4158,49.8,6,3,Medium
C1744,Health,2025-08-26,554,37.1,0,24,High
C1745,Food,2025-08-05,908,35.9,4,5,Medium
C1746,Health,2025-08-04,4130,85.0,3,19,Medium
C1747,Food,2025-08-08,1770,23.7,2,4,Medium
C1748,Health,2025-07-31,1460,91.8,4,17,Medium
C1749,Food,2025-07-31,3502,3.9,3,8,Medium
C1750,Food,2025-08-11,962,97.6,0,12,Medium
C1751,Health,2025-08-19,4599,82.9,2,24,Medium
C1752,Health,2025-08-29,4829,82.4,5,25,Medium
C1753,Food,2025-08-27,4922,57.7,3,26,Medium
C1754,Health,2025-08-22,970,58.8,5,25,Medium
C1755,Food,2025-08-11,1653,58.5,4,27,Medium
C1756,Health,2025-08-10,2762,44.8,8,26,Medium
C1757,Food,2025-08-02,4385,49.1,0,17,Medium
C1758,Food,2025-08-23,2283,52.4,10,6,Low
C1759,Health,2025-08-14,2686,31.0,10,28,Medium
C1760,Food,2025-08-11,2183,57.1,10,8,Low
C1761,Health,2025-08-28,3054,20.6,9,23,Medium
C1762,Health,2025-08-29,2333,5.3,2,17,High
C1763,Food,2025-08-17,1047,90.9,7,0,Low
C1764,Food,2025-08-20,2290,97.0,3,18,Medium
C1765,Food,2025-08-29,3980,3.3,6,18,High
C1766,Food,2025-08-12,2388,58.2,4,27,Medium
C1767,Health,2025-08-10,2156,19.1,7,27,High
C1768,Food,2025-08-03,1251,39.1,6,30,High
C1769,Health,2025-08-13,1691,80.7,3,30,Medium
C1770,Health,2025-08-25,2901,80.2,6,16,Medium
C1771,Health,2025-08-24,3095,2.6,7,3,Medium
C1772,Health,2025-08-10,3808,56.9,8,4,Low
C1773,Food,2025-08-25,3600,10.5,2,6,Medium
C1774,Food,2025-08-29,788,47.4,10,19,Medium
C1775,Health,2025-08-24,4848,53.8,3,15,Medium
C1776,Food,2025-08-10,716,45.7,4,2,Medium
C1777,Health,2025-08-04,1039,41.8,8,21,Medium
C1778,Health,2025-08-25,2224,40.4,2,13,Medium
C1779,Food,2025-08-17,878,81.9,3,12,Medium
C1780,Health,2025-07-31,1813,25.0,7,14,Medium
C1781,Food,2025-08-10,4061,52.3,6,8,Medium
C1782,Food,2025-08-18,4396,70.8,8,1,Low
C1783,Health,2025-08-05,2773,84.1,2,26,Medium
C1784,Health,2025-08-15,1942,12.8,0,28,High
C1785,Food,2025-08-16,4488,60.1,0,29,High
C1786,Food,2025-08-14,904,88.9,1,10,Medium
C1787,Food,2025-08-26,2976,6.8,10,14,Medium
C1788,Health,2025-08-28,1116,42.5,1,26,High
C1789,Food,2025-08-25,3079,85.3,4,2,Low
C1790,Food,2025-08-16,894,84.8,0,16,Medium
C1791,Food,2025-08-27,502,63.1,0,2,Medium
C1792,Health,2025-08-01,3346,48.8,5,24,Medium
C1793,Food,2025-08-05,1057,7.8,5,19,High
C1794,Health,2025-08-17,2273,75.7,8,29,Medium
C1795,Food,2025-08-29,2591,84.6,3,1,Low
C1796,Food,2025-08-18,1526,19.8,10,5,Medium
C1797,Food,2025-08-11,3131,55.5,1,13,Medium
C1798,Food,2025-08-03,2977,52.0,8,5,Low
C1799,Food,2025-08-05,2294,2.6,8,0,Medium
C1800,Health,2025-08-14,3472,95.9,8,24,Medium
C1801,Health,2025-08-05,3382,58.0,6,22,Medium
C1802,Food,2025-08-17,3753,34.0,4,27,High
C1803,Food,2025-08-06,854,14.8,0,13,High
C1804,Food,2025-08-29,4083,45.1,3,14,Medium
C1805,Food,2025-08-01,3062,24.4,4,7,Medium
C1806,Health,2025-07-30,660,43.3,8,0,Low
C1807,Food,2025-08-12,1999,93.0,9,9,Low
C1808,Health,2025-07-30,2292,82.1,2,29,Medium
C1809,Food,2025-08-11,1172,23.7,6,17,Medium
C1810,Health,2025-08-03,4379,86.6,8,11,Low
C1811,Health,2025-08-23,4386,62.9,1,10,Medium
C1812,Food,2025-08-04,736,71.3,0,12,Medium
C1813,Health,2025-08-09,2274,82.5,4,21,Medium
C1814,Health,2025-08-03,4249,67.4,5,9,Medium
C1815,Health,2025-08-16,1342,58.9,10,3,Low
C1816,Health,2025-08-05,846,70.1,9,1,Low
C1817,Food,2025-08-27,2451,99.7,0,2,Low
C1818,Food,2025-08-01,3686,67.7,1,13,Medium
C1819,Food,2025-08-11,3878,54.3,1,27,High
C1820,Food,2025-08-25,4071,42.2,1,27,High
C1821,Health,2025-08-29,4751,34.3,0,26,High
C1822,Health,2025-08-25,876,62.8,9,28,Medium
C1823,Health,2025-08-22,3179,34.2,4,24,High
C1824,Food,2025-08-26,4221,94.7,8,3,Low
C1825,Health,2025-08-12,2546,37.7,0,16,Medium
C1826,Food,2025-07-31,3363,30.5,0,14,Medium
C1827,Food,2025-08-29,4273,60.1,1,24,Medium
C1828,Food,2025-08-10,1834,80.1,6,6,Low
C1829,Food,2025-08-27,2927,1.0,6,12,Medium
C1830,Health,2025-08-17,4997,24.3,2,17,Medium
C1831,Health,2025-08-03,3864,36.1,0,4,Medium
C1832,Health,2025-08-06,3869,32.5,9,7,Medium
C1833,Health,2025-08-27,3200,97.4,1,4,Low
C1834,Food,2025-08-06,4856,9.0,8,25,High
C1835,Food,2025-08-10,1354,70.9,2,22,Medium
C1836,Food,2025-08-23,877,44.4,1,17,Medium
C1837,Food,2025-08-16,3123,87.8,7,24,Medium
C1838,Food,2025-08-17,3476,81.6,7,22,Medium
C1839,Health,2025-08-21,2844,22.0,4,23,High
C1840,Health,2025-08-29,4696,55.9,8,30,Medium
C1841,Food,2025-08-15,737,2.9,6,14,Medium
C1842,Food,2025-08-22,989,47.6,5,11,Medium
C1843,Food,2025-08-25,1291,55.3,6,3,Low
C1844,Health,2025-08-06,4395,74.2,8,30,Medium
C1845,Health,2025-08-01,3805,71.1,4,16,Medium
C1846,Health,2025-08-10,2975,3.3,3,19,High
C1847,Food,2025-07-31,1932,11.4,5,11,Medium
C1848,Health,2025-08-23,4951,71.1,4,20,Medium
C1849,Health,2025-08-10,4027,3.0,10,26,High
C1850,Food,2025-08-25,1178,39.6,5,22,Medium
C1851,Health,2025-08-28,928,49.7,5,24,Medium
C1852,Health,2025-08-10,1335,10.7,1,9,Medium
C1853,Health,2025-08-11,4565,30.5,3,7,Medium
C1854,Food,2025-07-31,4260,39.1,1,18,Medium
C1855,Food,2025-08-09,1222,11.5,3,4,Medium
C1856,Health,2025-08-25,2355,5.0,7,19,Medium
C1857,Food,2025-08-06,4358,29.2,8,5,Medium
C1858,Health,2025-08-08,4932,43.0,9,7,Medium
C1859,Food,2025-08-02,4747,54.3,9,20,Medium
C1860,Food,2025-08-28,3304,99.1,5,28,Medium
C1861,Food,2025-08-06,3836,98.3,9,4,Low
C1862,Health,2025-07-31,3555,10.0,1,2,Medium
C1863,Food,2025-08-19,1237,8.8,3,25,High
C1864,Health,2025-08-20,2549,61.4,4,4,Medium
C1865,Food,2025-08-19,3070,42.8,6,25,Medium
C1866,Health,2025-08-26,780,89.0,0,21,Medium
C1867,Food,2025-08-28,3142,18.5,2,2,Medium
C1868,Health,2025-08-21,2476,51.8,7,1,Low
C1869,Health,2025-08-28,1027,75.9,4,26,Medium
C1870,Food,2025-08-26,4417,74.9,9,17,Medium
C1871,Food,2025-08-26,4707,77.4,5,4,Low
C1872,Food,2025-08-03,3404,20.2,4,16,Medium
C1873,Food,2025-08-12,1127,11.9,0,12,High
C1874,Health,2025-08-03,1167,56.2,10,11,Medium
C1875,Food,2025-08-23,4490,92.6,1,14,Medium
C1876,Health,2025-08-05,4323,71.8,2,6,Medium
C1877,Health,2025-08-06,3716,14.7,3,21,High
C1878,Health,2025-08-03,2941,60.0,1,13,Medium
C1879,Food,2025-08-21,3058,5.8,7,25,High
C1880,Food,2025-08-25,2574,22.9,3,7,Medium
C1881,Health,2025-08-13,4775,45.6,3,10,Medium
C1882,Health,2025-08-26,801,35.2,8,6,Medium
C1883,Food,2025-08-17,1973,56.8,1,6,Medium
C1884,Health,2025-08-13,971,55.9,0,20,Medium
C1885,Health,2025-08-05,2455,73.6,8,5,Low
C1886,Food,2025-08-09,1847,44.8,9,9,Medium
C1887,Food,2025-08-24,2875,9.8,1,17,High
C1888,Food,2025-08-26,3234,42.3,7,27,Medium
C1889,Health,2025-08-09,1396,32.0,3,29,High
C1890,Health,2025-08-17,2789,90.1,0,8,Medium
C1891,Food,2025-08-26,2515,61.4,1,4,Medium
C1892,Food,2025-08-19,2419,25.2,4,12,Medium
C1893,Health,2025-08-09,4660,11.3,8,6,Medium
C1894,Health,2025-08-14,2931,14.3,10,16,Medium
C1895,Food,2025-08-16,4947,0.5,2,26,High
C1896,Health,2025-08-02,2014,53.0,7,3,Low
C1897,Health,2025-08-18,907,23.6,3,21,High
C1898,Food,2025-08-28,3981,67.6,8,16,Medium
C1899,Food,2025-08-25,1998,96.5,8,3,Low
C1900,Health,2025-08-02,2297,62.2,6,13,Medium
C1901,Health,2025-08-29,1823,56.6,6,10,Medium
C1902,Food,2025-07-31,1958,96.7,10,10,Low
C1903,Health,2025-08-17,1269,87.2,4,4,Low
C1904,Food,2025-07-30,3336,97.7,9,9,Low
C1905,Health,2025-08-28,4306,71.8,10,2,Low
C1906,Health,2025-08-07,1077,49.7,7,26,Medium
C1907,Food,2025-08-25,4317,23.1,4,21,High
C1908,Health,2025-08-11,4650,42.3,6,4,Medium
C1909,Food,2025-08-23,3601,62.8,6,14,Medium
C1910,Health,2025-08-17,2956,15.4,10,4,Medium
C1911,Health,2025-08-24,4525,61.4,4,23,Medium
C1912,Food,2025-08-21,1634,93.2,7,27,Medium
C1913,Food,2025-08-06,1718,16.5,0,27,High
C1914,Food,2025-07-30,3982,58.3,10,7,Low
C1915,Health,2025-08-24,2601,41.4,7,19,Medium
C1916,Food,2025-08-27,3263,85.1,0,19,Medium
C1917,Health,2025-08-11,2655,17.4,3,6,Medium
C1918,Food,2025-08-23,3776,67.7,8,10,Medium
C1919,Food,2025-08-27,3653,92.7,3,12,Medium
C1920,Health,2025-08-14,2461,0.5,2,11,High
C1921,Food,2025-08-11,2462,74.2,3,25,Medium
C1922,Health,2025-08-16,1652,6.4,7,5,Medium
C1923,Food,2025-08-06,732,45.0,5,16,Medium
C1924,Health,2025-08-29,3958,39.1,9,16,Medium
C1925,Health,2025-08-24,4640,97.1,10,7,Low
C1926,Health,2025-08-25,750,99.1,10,7,Low
C1927,Health,2025-08-16,4368,45.0,5,3,Medium
C1928,Health,2025-08-09,1162,42.3,10,24,Medium
C1929,Health,2025-08-28,3866,84.4,2,26,Medium
C1930,Food,2025-08-12,597,9.8,10,10,Medium
C1931,Health,2025-08-14,4994,94.5,8,1,Low
C1932,Food,2025-07-30,4527,5.5,5,30,High
C1933,Health,2025-08-07,2176,56.3,6,17,Medium
C1934,Food,2025-07-30,2664,93.3,5,11,Low
C1935,Health,2025-08-15,2368,10.9,3,17,High
C1936,Food,2025-08-04,4333,90.8,2,16,Medium
C1937,Health,2025-08-13,3025,59.8,4,12,Medium
C1938,Food,2025-08-18,3314,70.4,5,26,Medium
C1939,Health,2025-08-13,3990,52.3,7,24,Medium
C1940,Food,2025-08-21,758,98.4,5,19,Medium
C1941,Health,2025-07-31,4786,37.4,3,15,Medium
C1942,Food,2025-08-20,4105,25.8,7,6,Medium
C1943,Health,2025-07-31,1026,78.5,9,3,Low
C1944,Health,2025-08-16,3666,82.2,3,5,Low
C1945,Health,2025-08-12,3253,9.0,0,6,Medium
C1946,Health,2025-08-27,1184,27.9,5,29,High
C1947,Food,2025-08-05,2602,99.6,6,30,Medium
C1948,Food,2025-08-26,3442,38.7,3,30,High
C1949,Health,2025-08-29,3326,83.2,7,9,Low
C1950,Health,2025-08-27,3132,23.3,4,1,Medium
C1951,Health,2025-08-05,993,59.9,10,12,Medium
C1952,Health,2025-08-13,1886,16.8,5,24,High
C1953,Food,2025-08-02,3246,20.0,9,5,Medium
C1954,Health,2025-08-08,2103,51.6,7,24,Medium
C1955,Health,2025-08-23,2720,91.0,4,2,Low
C1956,Health,2025-08-12,4355,22.5,10,30,High
C1957,Food,2025-08-24,4032,78.5,0,6,Medium
C1958,Health,2025-08-15,4389,28.2,6,28,High
C1959,Food,2025-08-05,2641,91.2,9,18,Low
C1960,Health,2025-08-13,3453,90.3,3,15,Medium
C1961,Health,2025-08-06,4030,74.8,6,0,Low
C1962,Food,2025-08-20,2397,49.3,5,0,Medium
C1963,Food,2025-08-25,704,77.0,1,5,Medium
C1964,Food,2025-08-29,1745,79.9,2,2,Low
C1965,Health,2025-08-23,1150,72.4,1,4,Medium
C1966,Health,2025-08-24,3081,48.8,10,23,Medium
C1967,Health,2025-08-16,2479,82.6,4,5,Low
C1968,Food,2025-07-30,738,41.1,3,27,High
C1969,Health,2025-08-22,2254,71.5,3,18,Medium
C1970,Health,2025-08-09,1326,42.3,2,23,Medium
C1971,Food,2025-08-12,3890,94.5,5,29,Medium
C1972,Food,2025-08-13,2736,8.7,7,6,Medium
C1973,Food,2025-08-23,2865,16.5,1,11,Medium
C1974,Food,2025-08-19,3058,27.6,10,26,Medium
C1975,Food,2025-08-27,3948,25.0,2,18,High
C1976,Food,2025-08-14,1784,45.3,10,19,Medium
C1977,Food,2025-08-21,1486,78.1,4,5,Low
C1978,Health,2025-08-29,4506,65.1,6,29,Medium
C1979,Food,2025-08-17,2910,46.1,0,15,Medium
C1980,Health,2025-08-15,3705,82.3,6,13,Medium
C1981,Food,2025-08-18,4838,14.5,3,8,Medium
C1982,Health,2025-08-06,886,9.6,4,20,High
C1983,Food,2025-08-19,2264,33.1,5,13,Medium
C1984,Health,2025-08-11,3806,28.3,7,23,Medium
C1985,Health,2025-08-03,1062,55.9,7,2,Low
C1986,Food,2025-08-22,1502,24.5,8,23,Medium
C1987,Health,2025-08-26,2170,95.5,4,21,Medium
C1988,Health,2025-08-23,4258,63.9,10,8,Low
C1989,Food,2025-08-21,776,4.6,3,16,High
C1990,Health,2025-08-19,4343,6.3,7,2,Medium
C1991,Food,2025-08-26,3609,11.2,9,6,Medium
C1992,Health,2025-08-28,4248,46.5,0,22,High
C1993,Food,2025-07-30,4816,23.3,1,13,Medium
C1994,Health,2025-08-23,725,44.7,8,25,Medium
C1995,Health,2025-08-03,3974,1.6,1,17,High
C1996,Food,2025-08-12,4107,15.9,1,14,High
C1997,Food,2025-08-13,4918,85.0,5,30,Medium
C1998,Health,2025-08-04,4335,20.5,9,7,Medium
C1999,Food,2025-08-22,2452,49.2,10,22,Medium
C2000,Health,2025-08-21,4403,55.8,3,3,Medium
